transaction_id,store_id,sku,qty,unit_price,discount,sold_at
bdd640fb-0667-4ad1-9c80-317fa3b1799d,S008,SKU0036,1,1.96,0.0,2026-08-29T08:54:58
23b8c1e9-3924-46de-beb1-3b9046685257,S019,SKU0109,1,14.02,2.8,2026-08-29T03:09:55
bd9c66b3-ad3c-4d6d-9a3d-1fa7bc8960a9,S017,SKU0155,1,2.05,0.0,2026-08-29T08:28:15
972a8469-1641-4f82-8b9d-2434e465e150,S008,SKU0115,1,11.88,2.38,2026-08-29T15:16:27
17fc695a-07a0-4a6e-8822-e8f36c031199,S014,SKU0088,5,6.65,0.0,2026-08-29T05:48:46
9a1de644-815e-46d1-bb8f-aa1837f8a88b,S003,SKU0098,3,4.38,0.0,2026-08-29T03:43:16
b74d0fb1-32e7-4629-8fad-c1a606cb0fb3,S009,SKU0012,1,8.14,0.0,2026-08-29T21:58:51
6b65a6a4-8b81-48f6-b38a-088ca65ed389,S018,SKU0076,4,11.42,1.14,2026-08-29T02:52:08
47378190-96da-4dac-b2ff-5d2a386ecbe0,S007,SKU0181,5,17.88,0.0,2026-08-29T21:01:14
c241330b-01a9-471f-9e8a-774bcf36d58b,S003,SKU0060,1,2.35,0.0,2026-08-29T10:32:10
6c307511-b2b9-437a-a8df-6ec4ce4a2bbd,S012,SKU0042,1,8.53,0.85,2026-08-29T23:08:40
371ecd7b-27cd-4130-8722-9389571aa876,S003,SKU0156,3,8.07,0.0,2026-08-29T23:35:39
1a2a73ed-562b-4f79-8374-59eef50bea63,S015,SKU0098,2,11.38,0.0,2026-08-29T05:56:57
5be6128e-18c2-4797-a142-ea7d17be3111,S011,SKU0197,3,19.81,3.96,2026-08-29T07:59:45
43b7a3a6-9a8d-4a03-980d-7b71d8f56413,S013,SKU0069,1,5.74,0.0,2026-08-29T11:29:07
759cde66-bacf-43d0-8b1f-9163ce9ff57f,S007,SKU0168,1,5.4,1.08,2026-08-29T11:27:25
ec1b8ca1-f91e-4d4c-9ff4-9b7889463e85,S009,SKU0036,4,8.82,0.88,2026-08-29T05:12:06
4b0dbb41-8d52-48f1-942c-3fe860e7a113,S019,SKU0110,2,15.28,3.06,2026-08-29T09:33:58
e2acf72f-9e57-4f7a-a0ee-89aed453dd32,S017,SKU0127,5,8.89,0.0,2026-08-29T05:02:11
3139d32c-93cd-49bf-9c94-1cf0dc98d2c1,S006,SKU0175,1,15.48,0.0,2026-08-29T05:33:53
a9488d99-0bbb-4599-91ce-5dd2b45ed1f0,S020,SKU0120,4,12.53,1.25,2026-08-29T13:53:39
fc377a4c-4a15-444d-85e7-ce8a3a578a8e,S004,SKU0175,5,6.15,1.23,2026-08-29T00:25:04
ddd1dfb2-3b98-4ef8-9af6-1a26146d3f31,S010,SKU0112,5,15.39,0.0,2026-08-29T04:03:41
7412b293-4729-4739-a14f-f3d719db3ad0,S006,SKU0130,2,9.89,0.0,2026-08-29T18:13:32
29a3b2e9-5d65-4441-9588-42dea2bc372f,S017,SKU0156,1,17.6,0.0,2026-08-29T23:15:48
ab9099a4-35a2-40ae-9af3-05535ec42e08,S017,SKU0001,2,4.33,0.0,2026-08-29T19:38:17
aefcfad8-efc8-4849-b3aa-7efe4458a885,S012,SKU0079,5,7.5,0.0,2026-08-29T04:04:22
a28defe3-9bf0-4273-9247-6f57a5e5a5ab,S003,SKU0188,2,2.57,0.51,2026-08-29T02:52:02
3eabedcb-baa8-4dd4-88bd-64072bcfbe01,S005,SKU0169,4,16.6,3.32,2026-08-29T04:34:43
451b4cf3-6123-4df7-b656-af7229d4beef,S017,SKU0156,4,19.02,0.0,2026-08-29T09:39:01
b02b61c4-a3d7-4628-ace6-6fa2fd5166e6,S010,SKU0103,4,19.34,3.87,2026-08-29T07:19:25
5304317f-af42-412f-b838-b3268e944239,S004,SKU0064,3,9.6,1.92,2026-08-29T16:26:17
0e51f30d-c6a7-4e39-84b0-32ccd7c524a5,S018,SKU0059,2,2.68,0.0,2026-08-29T21:25:10
ce177b4e-0837-48a3-9261-a7ab3aa2e4f9,S002,SKU0059,5,5.57,0.0,2026-08-29T22:58:39
10f1bc81-448a-4a9e-a6b2-bc5b50c187fc,S017,SKU0061,1,18.25,0.0,2026-08-29T02:34:47
9132b63e-f162-47e4-a9c3-49e03602f8ac,S005,SKU0186,3,13.88,0.0,2026-08-29T19:37:58
366eb16f-508e-4ad7-b7c9-3acfe059a0ee,S014,SKU0049,5,12.16,0.0,2026-08-29T17:13:13
e27a984d-6548-41d0-bfcd-9eb1a7cad415,S014,SKU0106,1,3.29,0.33,2026-08-29T12:53:58
24933b83-7577-40a9-a491-f0b2ea1fca65,S004,SKU0016,4,17.48,0.0,2026-08-29T23:47:29
beb79919-3f22-4af8-a3be-d01d43cf2fde,S007,SKU0049,4,14.97,0.0,2026-08-29T09:03:11
bf3c4c06-4343-48bc-89fa-6a688fb5d27b,S009,SKU0119,5,9.8,0.98,2026-08-29T06:40:50
956269f0-e5d7-4875-adad-d6c795a76d79,S018,SKU0026,2,17.68,0.0,2026-08-29T16:08:02
ff50bde4-3825-47b8-9cab-cc97663f1c97,S003,SKU0193,1,13.56,2.71,2026-08-29T00:32:14
7e570ddf-8270-40a8-a369-b584ff5e9ff0,S007,SKU0103,2,4.58,0.46,2026-08-29T17:31:32
dc713d96-0c0f-4195-817a-f08a1745d6d8,S009,SKU0117,1,4.55,0.0,2026-08-29T14:12:53
28f49481-a0a0-4dc4-a720-9bdf1c11f735,S005,SKU0049,3,9.33,1.87,2026-08-29T17:43:08
98ae4334-6c12-4ce8-ae34-0454cac5b68c,S018,SKU0016,3,5.53,0.0,2026-08-29T21:05:14
988c24c9-61b1-4d22-a280-1c4510435a10,S017,SKU0136,3,2.56,0.51,2026-08-29T17:21:33
405cacec-8774-49a9-b7d2-1e02ff01cf99,S006,SKU0018,2,2.55,0.51,2026-08-29T02:55:00
f143262f-dc5c-4eed-8da0-365bf89897b9,S004,SKU0146,5,2.76,0.0,2026-08-29T14:42:03
1d53434b-b881-49b9-ae27-0da702f06b90,S003,SKU0108,2,12.21,0.0,2026-08-29T22:33:03
c0398710-8976-4334-a281-7efdae849217,S007,SKU0172,5,11.96,0.0,2026-08-29T09:29:39
5715bd6f-a416-4293-84c2-e2e3444ea7c8,S010,SKU0118,3,5.92,0.59,2026-08-29T04:45:54
287d06ca-6f4c-469a-8b22-d3081c8eaee9,S015,SKU0160,3,18.69,0.0,2026-08-29T00:20:20
b8db0672-f42d-47cc-80d4-af5974273ca3,S007,SKU0130,5,19.93,0.0,2026-08-29T19:34:28
f8cda88b-436d-46e2-b83c-fe0be037e5ed,S008,SKU0095,3,3.95,0.0,2026-08-29T02:30:16
81f76d1c-2dbc-4134-830f-f46e8026695f,S020,SKU0168,3,4.42,0.88,2026-08-29T11:00:51
a013ac6e-deda-4e16-9b3d-bd5ce9a1fa6f,S004,SKU0035,5,1.64,0.33,2026-08-29T10:54:00
81f631d4-a392-41a7-9777-a4774c66e0a8,S005,SKU0070,3,3.64,0.0,2026-08-29T20:08:32
5fb8d16c-2720-497d-b2eb-d6899be578c7,S009,SKU0130,3,12.69,0.0,2026-08-29T07:24:45
f4188f3f-8a14-4e62-a95b-4715c333e861,S014,SKU0071,4,6.15,0.0,2026-08-29T03:21:37
eb2263dd-87c5-421e-ac24-a3c5c754108f,S009,SKU0042,1,1.57,0.0,2026-08-29T23:11:47
7d154385-52fb-443b-9954-6eb400257ad1,S001,SKU0029,4,11.71,1.17,2026-08-29T20:25:19
5cec4eb5-edd9-4831-9ca3-5cfb04fc6d82,S002,SKU0095,1,18.98,0.0,2026-08-29T19:51:51
ce88cb2d-d4e8-4839-bc3e-058be0f3eab0,S002,SKU0079,5,11.72,1.17,2026-08-29T04:38:24
3da9c2a9-0ed4-4f1a-bd4c-bf374eb93eff,S007,SKU0175,3,18.13,0.0,2026-08-29T13:01:38
14296c07-f26b-4776-913e-4de2e0c53cb8,S014,SKU0159,2,13.84,0.0,2026-08-29T20:23:05
d0e6e660-7c69-4ee1-bb5e-4bcf15ed6269,S006,SKU0106,2,18.63,0.0,2026-08-29T05:54:59
885f6e66-c2b6-42c5-ba5d-310011b7e948,S008,SKU0069,1,4.82,0.0,2026-08-29T14:59:24
a8e56e0c-20de-435d-a031-d750c40db9b4,S002,SKU0121,2,16.07,0.0,2026-08-29T13:55:40
2a45c2ab-8cbf-4db0-b264-accc79ac1b1e,S010,SKU0059,2,5.19,0.52,2026-08-29T12:43:50
9b49bd26-df57-459a-8715-a10343dac043,S011,SKU0072,2,1.94,0.0,2026-08-29T14:30:27
edcd465e-3638-4821-b6e0-7cc06c52c49f,S017,SKU0103,1,19.39,0.0,2026-08-29T12:47:05
b09b2a5c-badc-432a-8159-0f538a0f4efb,S009,SKU0046,5,7.63,0.0,2026-08-29T04:11:58
66245bfa-4fcc-439a-b683-d2e6337ea2df,S004,SKU0153,5,19.31,0.0,2026-08-29T01:23:34
5f987c71-a65e-488e-abf3-ad39fec21bbe,S020,SKU0131,4,7.9,0.0,2026-08-29T15:53:19
7394988f-847f-49b4-a64d-1bcb702753a1,S009,SKU0012,1,8.63,1.73,2026-08-29T06:55:14
1064005c-3985-43cf-bf76-be1d1efa2197,S012,SKU0111,4,1.53,0.31,2026-08-29T07:10:25
8dcdcd03-969b-4662-8562-8059568cc69b,S011,SKU0170,1,19.05,0.0,2026-08-29T22:41:18
01d74256-3860-4ab6-96a4-02f23ae8cc93,S010,SKU0171,1,14.82,0.0,2026-08-29T18:27:49
0f1259e0-a18f-46b6-b535-106e122c9a56,S005,SKU0050,4,7.53,0.0,2026-08-29T20:11:07
080aadfb-e7c9-4b26-9141-25c63a9bedd4,S020,SKU0146,4,13.8,1.38,2026-08-29T06:20:10
839fbc50-1223-4513-9496-f63cdc1110c1,S010,SKU0054,3,9.01,0.0,2026-08-29T11:03:49
7c441fe7-ab42-40a7-874a-493b3ceddf2d,S011,SKU0120,4,16.04,3.21,2026-08-29T23:50:13
b92da22b-21df-406f-8a0b-3c3336d8393a,S016,SKU0189,4,9.68,0.0,2026-08-29T18:36:40
93829b43-922f-415a-a1e3-db63ef7ddc76,S020,SKU0086,2,13.69,0.0,2026-08-29T18:46:01
7914c120-c8dc-419f-be35-11287900f7f9,S008,SKU0051,1,16.64,0.0,2026-08-29T11:18:07
1825bc54-30be-445f-a835-14f2ceb81f9d,S020,SKU0197,2,1.95,0.0,2026-08-29T17:17:57
5ab33edf-6e59-4ed3-a8b3-17fa18d0752b,S013,SKU0127,1,9.93,1.99,2026-08-29T07:04:45
dd2467ac-778e-4db3-a93d-ffbc6c6fa611,S014,SKU0057,4,6.01,0.0,2026-08-29T03:52:50
a748dbcf-ac61-4e63-8dde-29a6baa4b71a,S002,SKU0143,2,16.38,3.28,2026-08-29T16:54:49
0f844fef-1931-49ee-a56c-0941fbf24050,S005,SKU0119,2,18.47,0.0,2026-08-29T16:37:09
ccf3a171-56dc-4907-ba6c-34ab6712303a,S015,SKU0157,5,19.78,3.96,2026-08-29T11:33:08
310c0c00-3fa7-4104-9bf9-0e27dc96925e,S006,SKU0191,5,9.39,1.88,2026-08-29T16:14:06
23e2fcb4-72d8-467d-894a-05e430b187ef,S009,SKU0197,4,9.83,0.0,2026-08-29T23:12:59
766ecb15-474e-4c19-aef9-12766c006f61,S015,SKU0020,5,10.47,0.0,2026-08-29T09:59:52
134c6c92-ec5b-427c-9fde-4fbf3ff350bf,S018,SKU0021,3,5.84,0.0,2026-08-29T11:38:24
db20a56e-dc81-4fe7-8eda-8bbb71710434,S007,SKU0017,2,4.29,0.43,2026-08-29T05:33:48
a6f2f7b8-0cf3-4b58-9910-8be58ce21ea3,S014,SKU0016,4,9.04,1.81,2026-08-29T16:57:49
03c72ba8-d605-4770-8a63-f881ffd0f9d5,S001,SKU0196,2,16.91,1.69,2026-08-29T21:15:56
c0e9ab30-ed26-42e9-97e0-11b7f8102383,S010,SKU0193,5,8.54,0.0,2026-08-29T12:48:25
680ac07a-2a93-4d62-bc83-5dc0d9441fa5,S018,SKU0155,4,17.29,1.73,2026-08-29T19:35:45
dd59ba71-36b8-4481-bb3a-4e3e7c52fa17,S016,SKU0008,2,10.53,0.0,2026-08-29T15:52:05
2a25a888-0f02-4ad0-a706-7ef466aa9385,S015,SKU0033,4,7.72,0.77,2026-08-29T06:00:32
63f2ae24-fc3d-4348-808d-4127610461e3,S019,SKU0170,5,11.38,1.14,2026-08-29T21:33:00
c8fe3ccd-c8b8-49c6-ad30-49cf43e458fc,S015,SKU0047,1,3.05,0.3,2026-08-29T04:56:26
b253d218-6c4a-47ea-8906-17f2747b6dba,S015,SKU0084,1,6.31,0.0,2026-08-29T07:42:22
c88a618e-fed4-457d-bb02-6576f512c4c3,S014,SKU0065,3,15.58,1.56,2026-08-29T10:07:51
7c967f79-b7e9-4aca-a970-65e18e46d534,S012,SKU0058,1,10.2,2.04,2026-08-29T01:53:46
37bb3eec-4bf5-4b52-b09d-258c27a0c3d7,S008,SKU0052,1,15.95,0.0,2026-08-29T01:07:47
bc594585-9445-48c0-8ef8-c2d6f7fd5646,S016,SKU0172,1,12.99,0.0,2026-08-29T04:35:44
504867ba-bf7b-439b-8f9a-ea4b8acd4e10,S009,SKU0197,1,11.93,0.0,2026-08-29T16:55:52
7a0ecfea-958c-49ba-8cd6-20c20ea2622b,S006,SKU0080,3,4.6,0.92,2026-08-29T04:10:12
87f7e1fb-da4b-49ca-ab5c-f46780bacd64,S013,SKU0102,1,12.21,0.0,2026-08-29T20:57:50
82010c62-f5f5-4b22-8e8f-a8e0284d82e5,S010,SKU0176,2,2.91,0.0,2026-08-29T03:42:36
118a9d29-2f92-4996-99f1-95d014822f53,S012,SKU0137,5,16.4,3.28,2026-08-29T01:29:43
dca02eec-acda-4acc-9165-e21098543881,S011,SKU0004,4,13.74,0.0,2026-08-29T18:25:17
f10c718b-1eb0-438a-a75d-d5af3c365296,S012,SKU0163,4,16.71,0.0,2026-08-29T15:47:02
94340a03-3f07-4814-91d6-3f78e3e9de99,S017,SKU0167,4,14.59,1.46,2026-08-29T06:24:46
14fcdd54-9e8f-4965-8a2c-827e98326856,S015,SKU0112,3,12.89,2.58,2026-08-29T17:36:12
90b2b633-956b-4c0c-a849-9b926b5252e3,S009,SKU0116,5,6.47,0.0,2026-08-29T03:09:19
42c18a62-ef48-48d5-90fd-9d3f85d51695,S013,SKU0087,2,15.38,3.08,2026-08-29T22:13:17
506e5a9a-b758-488d-ab73-295b344a54b8,S016,SKU0055,1,10.64,0.0,2026-08-29T06:37:14
21813d25-6552-48a6-83ff-50113d1a85dd,S020,SKU0180,3,16.26,0.0,2026-08-29T10:10:55
750cab75-4ccc-4bc2-a53f-8a28abf3e3fc,S003,SKU0062,3,11.78,2.36,2026-08-29T06:57:22
ef8c485b-c07a-40f2-add4-253b50f0fd0a,S016,SKU0115,4,10.54,0.0,2026-08-29T17:20:02
9f044aed-7552-4327-8262-7f7312922f83,S008,SKU0079,1,3.22,0.0,2026-08-29T14:43:25
19985f15-ff00-4d4d-9020-59e4ff9ab5c2,S012,SKU0109,5,8.33,1.67,2026-08-29T19:19:48
8181a8cc-3691-47eb-89a2-688b12c136e0,S010,SKU0065,5,7.62,0.76,2026-08-29T09:51:49
5958a499-eeea-463e-a1e8-ac6843e42caf,S004,SKU0191,2,3.73,0.0,2026-08-29T11:29:19
3e896c64-e117-4ac3-919c-4ea3e1805081,S007,SKU0190,5,19.09,0.0,2026-08-29T06:58:25
702cdd20-2862-48b8-88f4-ef125e9953d2,S020,SKU0073,4,6.62,1.32,2026-08-29T19:06:05
4d71c366-b41b-4143-8b10-550cd5704f32,S012,SKU0046,1,16.9,0.0,2026-08-29T08:16:56
ce9e1a11-fcbb-4e59-bbdd-cf7c9c96e9ec,S009,SKU0012,3,1.76,0.35,2026-08-29T04:36:31
aaf91531-0200-41f0-8768-a84fa76afde6,S016,SKU0027,1,11.74,0.0,2026-08-29T23:13:26
ee87905e-4ca4-45ea-8dfa-6a56d12dbc9a,S015,SKU0088,1,12.12,1.21,2026-08-29T17:25:46
e0ccedc5-f05d-476e-9a84-a51aa9d3d7c7,S004,SKU0017,2,19.36,0.0,2026-08-29T17:23:36
e3c43657-1d8c-4bac-83b4-09ef2260e70f,S002,SKU0039,4,10.6,2.12,2026-08-29T22:55:02
27cb6f2a-8da0-4097-be0f-051b1b66b5a9,S008,SKU0031,2,16.51,0.0,2026-08-29T03:06:04
35ebd32d-9ad6-40ab-8821-2ddb45b89cd9,S020,SKU0058,5,15.64,3.13,2026-08-29T21:42:15
afffcfd2-341e-440b-97c7-00aab7b56ea7,S019,SKU0110,5,8.54,0.85,2026-08-29T10:49:34
81627cf1-4394-42e6-9a58-7e8aa25d6b29,S004,SKU0196,3,12.02,0.0,2026-08-29T22:11:45
e87d1c78-e7c4-41c7-8049-7b717d106c60,S006,SKU0062,2,13.07,0.0,2026-08-29T02:57:21
a2607723-17a0-4f49-8d01-280fd89a40c0,S014,SKU0116,2,11.71,0.0,2026-08-29T00:05:50
0b49452d-46d4-43f3-9450-281c6c6f7633,S010,SKU0181,5,10.19,0.0,2026-08-29T08:25:40
217d65a0-c568-41cd-9563-f61600e85ece,S008,SKU0068,3,14.51,1.45,2026-08-29T02:35:29
295d6fbf-430f-401d-bad4-09e2a319dcb4,S004,SKU0140,5,13.73,0.0,2026-08-29T15:28:43
b4a69f3c-8d3a-4d99-b11c-21c9bdc14f1f,S003,SKU0016,2,13.48,0.0,2026-08-29T05:10:43
1ca3c448-0279-46a6-8f97-97b06d7ce3c9,S010,SKU0113,2,16.16,3.23,2026-08-29T20:43:27
b0e6a969-e213-42b0-b1ee-dba313432e61,S009,SKU0129,1,10.17,0.0,2026-08-29T14:39:17
093923de-8bab-4e3b-a628-6bfbe767dcea,S002,SKU0111,5,10.64,0.0,2026-08-29T21:46:25
8d7248e2-951f-48d0-9e84-f058d5a804eb,S008,SKU0173,3,12.67,0.0,2026-08-29T03:19:30
0ab54bde-20a0-4502-ae06-809725e97977,S019,SKU0011,5,12.36,0.0,2026-08-29T09:48:45
eededb07-e623-4689-9d59-cd2a4eea04e7,S006,SKU0150,2,10.2,1.02,2026-08-29T10:07:38
0a368ce7-dc57-4131-b8e1-daa7cbceabde,S016,SKU0090,4,13.24,1.32,2026-08-29T03:19:19
ae9bec36-35c7-436c-9b99-62c6e61fecc0,S011,SKU0106,4,7.67,0.0,2026-08-29T05:51:19
5a8aaeca-1a50-4ec3-aabc-25fa3fe12e47,S002,SKU0117,4,6.83,0.68,2026-08-29T20:01:42
dfed2c43-e256-46dc-8f54-86b7c7b5b2bc,S013,SKU0132,1,7.32,0.0,2026-08-29T04:13:14
bfddc3d9-9ee3-4c2a-b94d-62046808593f,S014,SKU0014,1,13.67,2.73,2026-08-29T16:49:12
3c9ad14c-ee0c-4eb5-acfe-db992790cebd,S015,SKU0195,2,11.09,2.22,2026-08-29T18:08:58
ccc56569-f9e8-4369-a999-b735dd56cc94,S010,SKU0113,1,5.27,1.05,2026-08-29T04:46:12
698c206f-e1a4-4e10-ad53-4dd0cf8ebc5a,S006,SKU0080,4,3.75,0.75,2026-08-29T08:42:45
ecab3301-bc8f-4d29-adea-94930658663a,S008,SKU0030,5,1.75,0.18,2026-08-29T03:23:37
696608aa-ee49-4329-884a-7b28550a1b46,S010,SKU0131,4,19.02,0.0,2026-08-29T18:08:43
bc2cbb0d-dd33-4cc7-ab7f-089acd5f4822,S008,SKU0117,3,9.19,0.92,2026-08-29T17:11:34
28c13091-444d-410b-bf87-e362cf8d446a,S017,SKU0192,5,4.18,0.0,2026-08-29T21:49:21
61ee411a-1bac-47a7-b386-f7a4c991603f,S011,SKU0130,2,17.48,0.0,2026-08-29T15:06:27
787f2425-dbcc-4477-89e9-db0adf465290,S019,SKU0149,3,16.68,0.0,2026-08-29T10:52:12
eb1fa9f2-d10b-41d0-b317-347038f16a81,S016,SKU0089,4,17.51,1.75,2026-08-29T19:36:32
d20eac17-4e20-4d1a-9983-36e375d66ed4,S015,SKU0083,3,11.71,2.34,2026-08-29T13:44:01
39118497-3a43-42ba-9f0f-06cbcb9bc326,S013,SKU0060,2,19.64,0.0,2026-08-29T20:49:06
6601ddd0-3170-4437-a8f7-ef5a060edf5b,S013,SKU0170,4,2.31,0.23,2026-08-29T13:52:48
11c58ef0-dd46-4c09-8752-87aa5408f9ac,S017,SKU0152,2,10.66,0.0,2026-08-29T04:35:47
59e4b671-4774-4c58-85f8-bc16f7860b50,S017,SKU0117,3,17.59,1.76,2026-08-29T03:37:49
adf4e62d-6651-429e-8268-690ba43825b5,S005,SKU0020,1,14.87,1.49,2026-08-29T23:50:23
54c63cd8-8945-4f27-97fa-2d8dfb2ca025,S020,SKU0178,4,15.96,0.0,2026-08-29T12:19:35
e08596db-1d87-4966-8710-d430f071d879,S013,SKU0082,4,13.52,0.0,2026-08-29T19:25:42
94a1875d-2db6-4edb-82de-ffccf86c2ca2,S003,SKU0061,4,17.64,0.0,2026-08-29T22:28:51
09cb3942-43f5-4a85-bbc9-f87af668a617,S004,SKU0195,3,19.95,0.0,2026-08-29T15:48:01
587ef344-6f3f-420c-98b8-e4cc1bc044fc,S002,SKU0084,1,9.71,0.0,2026-08-29T01:03:14
6fb78271-504d-481f-8953-5b63ba81edd9,S005,SKU0063,1,6.93,0.0,2026-08-29T15:40:50
1d9af659-82ec-4f2d-bbf6-e16f9b3080d5,S006,SKU0021,5,9.12,0.0,2026-08-29T06:11:20
30a900ad-939b-462d-a645-f129629c2ae3,S016,SKU0150,5,17.61,3.52,2026-08-29T08:46:06
6fa17735-b572-43d0-8b5c-ea6a41357e8c,S009,SKU0171,2,5.8,0.0,2026-08-29T16:43:56
ce777f00-ecf2-4e76-8519-7ff4006ed6e3,S018,SKU0041,1,18.13,1.81,2026-08-29T10:28:20
f0b5156b-b82c-4074-afd5-dea589d7fd6c,S010,SKU0164,1,9.67,0.0,2026-08-29T21:23:34
3270e4fa-abae-4f43-bcae-8081bdf070aa,S007,SKU0099,4,14.27,1.43,2026-08-29T10:59:59
f2e9702d-11e9-4daa-ae69-81a35d3d9e56,S012,SKU0148,4,3.47,0.35,2026-08-29T20:49:23
9f871ce7-5487-4d4f-abb7-a385aa0b7b14,S013,SKU0071,3,19.86,0.0,2026-08-29T00:47:55
1fe771d6-d917-4793-a9d3-c2e6505cc686,S016,SKU0074,1,11.97,0.0,2026-08-29T22:04:42
81d2c7de-4ce1-4b90-a669-7833b841d0a0,S007,SKU0159,2,12.73,0.0,2026-08-29T07:58:25
5380b904-688c-4015-aab9-7e494f2d4796,S004,SKU0161,3,14.04,0.0,2026-08-29T22:52:25
8dedf9fb-4bb0-4f20-b27c-40266703b636,S019,SKU0094,1,7.22,0.72,2026-08-29T01:12:53
aa38d0a1-6ba2-4efe-b11c-6eb62095eef6,S014,SKU0045,2,3.17,0.0,2026-08-29T11:53:43
bf85bf0e-ad64-456c-a10f-aa3ff0bbac67,S017,SKU0129,2,3.94,0.79,2026-08-29T13:19:13
91b0e1d9-9d92-42af-ac8d-0e44e71e43a6,S010,SKU0192,3,16.86,0.0,2026-08-29T17:32:36
d56f0350-8c45-4ce2-a7f4-8ad54d0b0d1a,S005,SKU0194,3,16.38,1.64,2026-08-29T02:44:29
35ce8841-4973-4d6c-8dca-bfb7001a9a8b,S012,SKU0024,2,17.41,1.74,2026-08-29T20:17:28
9b4e2c24-9479-41e6-8927-7d9b6e0d2648,S015,SKU0095,4,1.76,0.35,2026-08-29T04:29:59
7118e364-7709-4749-927e-ecfaa79ac9aa,S008,SKU0121,3,12.31,0.0,2026-08-29T03:56:41
82dc4c8e-36b5-429a-acf5-e81e71316269,S020,SKU0057,1,12.96,2.59,2026-08-29T11:56:32
f5b78cc7-e6b3-4944-8b32-3e357922bac2,S014,SKU0030,1,13.25,1.33,2026-08-29T11:00:08
a8aa7158-2b70-4525-bc67-f831cbc84759,S016,SKU0030,2,2.34,0.0,2026-08-29T11:04:53
a9f25336-83f4-49a9-88a6-39d015b52908,S013,SKU0117,1,5.84,1.17,2026-08-29T04:56:21
17e8392a-55ce-45db-9e87-e04ca2086977,S019,SKU0191,3,13.9,2.78,2026-08-29T15:15:35
3c20592f-c04a-46c4-b3b6-3fe1d1843324,S020,SKU0105,2,17.88,0.0,2026-08-29T17:48:59
ce7ae7f6-3982-4cff-8f77-a665ac3c5640,S015,SKU0114,3,2.11,0.0,2026-08-29T07:54:37
0bd4a990-0640-4e0f-a5b8-fd4b32fa2de8,S018,SKU0166,2,17.33,0.0,2026-08-29T13:22:27
9c7c7377-79a2-4903-bbe3-3b243eae0032,S004,SKU0117,3,2.62,0.0,2026-08-29T06:54:38
74962764-12a4-4ef0-84bb-b7a9d98868dd,S002,SKU0086,1,13.76,2.75,2026-08-29T00:46:39
935f2b0a-a138-4ddc-a2d9-de5d6a18ce4c,S003,SKU0196,2,19.79,3.96,2026-08-29T07:28:16
624c69b6-b244-45a7-b7e5-848131c681ec,S011,SKU0199,5,5.33,0.0,2026-08-29T08:28:59
25c73c44-3e75-43b4-a64f-a6637e8f8095,S009,SKU0038,2,16.09,3.22,2026-08-29T00:06:11
e4855aa1-016b-4287-b008-05cca7f36ae9,S001,SKU0034,2,11.49,0.0,2026-08-29T04:00:08
e2add909-c521-4f2d-9c45-d539c03f3538,S011,SKU0005,1,8.13,0.0,2026-08-29T21:26:22
3805f907-6cd6-4193-8746-8f591b494e15,S017,SKU0030,2,6.41,0.0,2026-08-29T15:19:36
b227462c-f53d-4330-8dda-24ba2d06e8cf,S019,SKU0028,1,10.31,0.0,2026-08-29T18:41:11
8eb22579-0cdb-4ca4-b6ec-bdd68498e113,S017,SKU0078,4,10.82,2.16,2026-08-29T01:34:43
1f115b76-d92c-4227-aadf-50853fcb7546,S016,SKU0103,4,13.4,0.0,2026-08-29T02:12:52
76f2dbfe-cd29-436f-a222-82e174daaebf,S003,SKU0021,4,14.19,1.42,2026-08-29T16:08:58
8f15ba58-fce6-4504-87f8-424daae65fc1,S009,SKU0160,3,12.75,0.0,2026-08-29T04:35:40
c1581092-f335-4ba3-913a-7052986f9025,S020,SKU0136,5,11.64,0.0,2026-08-29T13:52:05
d0a44432-9cd6-4852-b14c-7df4e4347d51,S004,SKU0180,3,9.89,1.98,2026-08-29T15:39:47
6d3ee1dc-8139-4443-a45b-712eb8225688,S014,SKU0116,1,17.28,3.46,2026-08-29T07:49:43
722764e6-8c41-461b-a827-a1b9d4a02e53,S014,SKU0187,2,9.16,0.92,2026-08-29T14:31:02
dc8aee30-be60-43f7-a8be-9288e5af6e39,S012,SKU0040,1,7.28,0.0,2026-08-29T09:16:48
c074718e-425a-409f-b337-c59979844388,S014,SKU0025,4,2.74,0.0,2026-08-29T03:23:39
46fde062-a33d-47af-9701-410d3f4b1a70,S019,SKU0144,3,16.52,3.3,2026-08-29T02:11:01
7c0e8cd8-8573-4793-8715-b2b9c40c5d91,S012,SKU0171,5,7.6,0.0,2026-08-29T14:57:25
709b7d97-464c-44af-bd3f-3799a07295e9,S020,SKU0080,4,17.56,0.0,2026-08-29T10:28:20
3c07c574-4925-4af1-b6aa-e05b13d5f2f7,S005,SKU0169,3,3.42,0.68,2026-08-29T07:44:44
e49d681d-51d8-4c64-95fa-1ab8458f1f19,S018,SKU0095,4,5.65,0.0,2026-08-29T12:44:50
269cd696-236c-4b87-94a0-bccb8a476a87,S014,SKU0144,1,15.61,3.12,2026-08-29T08:14:03
271e3ee2-b1a6-41f1-a20e-99d33b33f3d8,S020,SKU0169,5,12.85,2.57,2026-08-29T00:57:21
6a34c854-1071-4d51-b6c5-9dacb4d7e28e,S011,SKU0090,3,2.04,0.0,2026-08-29T11:14:59
7746d0ba-8ae8-405b-94b4-a48268586eba,S013,SKU0018,1,4.86,0.0,2026-08-29T20:37:08
d5385b0e-34f3-493c-8ff0-a55c6a702e2f,S017,SKU0056,2,15.21,0.0,2026-08-29T03:20:26
c51155ff-e7a3-4e81-a3b4-c08b6b8e869f,S012,SKU0080,4,9.27,0.0,2026-08-29T05:43:51
05000bc6-b20d-4b6e-b231-1f1795863a76,S003,SKU0014,3,15.87,3.17,2026-08-29T21:42:28
9360715f-c3fe-4183-a172-b725db52ca58,S003,SKU0070,2,4.41,0.88,2026-08-29T01:48:42
f1578470-0182-47c4-ba1b-58066160a6b4,S015,SKU0107,4,13.75,1.38,2026-08-29T22:06:10
63d62a39-c0e3-4efd-8c71-e0fe5a0cdd7c,S012,SKU0111,3,5.49,1.1,2026-08-29T04:08:38
d5f25073-f414-42b1-a442-9ebbda7b9095,S017,SKU0171,1,6.74,1.35,2026-08-29T17:43:03
bc10fa52-bf5d-4fdf-89c8-d2ab6b44fa8d,S002,SKU0002,3,2.34,0.23,2026-08-29T21:49:14
e5d6f6e6-9a6e-42f5-8cc4-29038bcf53a1,S009,SKU0075,2,7.08,0.0,2026-08-29T04:59:47
45df16b6-382c-443f-bcfc-9b793875394c,S006,SKU0034,3,3.72,0.37,2026-08-29T15:40:46
638c254c-076e-4bba-bc53-08bf6f92f25e,S018,SKU0172,4,11.35,0.0,2026-08-29T18:12:50
cc530e36-addc-4e13-ab3b-4d37560c95ee,S001,SKU0118,3,2.83,0.0,2026-08-29T15:52:56
d72b6108-2a40-4f12-b963-f37f67814c1f,S019,SKU0104,1,17.45,3.49,2026-08-29T15:37:47
fb10987f-20ac-4703-ab67-146a77a6e17c,S011,SKU0044,4,6.86,0.69,2026-08-29T00:45:33
e82c7d7b-06e7-45f9-88bc-539c9f4c3b79,S014,SKU0028,5,10.01,0.0,2026-08-29T03:12:31
a9ba5a27-907b-4e36-9786-48f864de82e6,S003,SKU0102,2,9.56,0.96,2026-08-29T19:04:36
6db99102-a48b-4dbe-957d-94a106f028ff,S006,SKU0020,3,15.3,0.0,2026-08-29T12:07:35
2e85cb21-7631-4e9d-9de9-f86322bd3388,S007,SKU0199,5,13.21,2.64,2026-08-29T18:34:00
53cd6268-610c-4373-8299-9aa40cdf742b,S004,SKU0038,3,8.0,0.0,2026-08-29T08:36:08
56666f9f-53ac-4ab9-b467-2cd9362f5e5c,S003,SKU0046,3,5.15,1.03,2026-08-29T05:33:56
473bd358-610e-4a64-a130-1617c2dff335,S015,SKU0175,4,10.08,2.02,2026-08-29T21:05:52
6bebac31-d4f8-4d72-b382-1cfdc083b73a,S011,SKU0039,5,13.4,2.68,2026-08-29T11:46:03
78660765-14f7-4e8d-95bc-b8d04094dded,S010,SKU0071,4,2.76,0.28,2026-08-29T22:59:16
0d557b61-8a17-4dfe-bfc0-0dc804f64d86,S010,SKU0119,5,2.54,0.51,2026-08-29T02:42:04
39669fa7-5997-4043-b3b1-025bfff9f585,S003,SKU0166,4,2.2,0.0,2026-08-29T10:27:07
f510ab53-c7fe-439f-9190-f938a66fd7f7,S015,SKU0149,1,12.88,2.58,2026-08-29T13:59:54
07f194f9-c115-4d6d-8a4e-5b70a6d964a3,S019,SKU0167,5,19.15,0.0,2026-08-29T16:22:27
d6d7b3b8-3309-4d35-bf4d-f561f319c125,S005,SKU0016,2,7.45,0.75,2026-08-29T18:15:15
3d114802-2702-478b-9f0f-da8d05379ff6,S017,SKU0166,4,3.41,0.0,2026-08-29T03:04:13
1d48a071-ab61-47b1-b93b-4c3220500494,S017,SKU0134,2,2.22,0.22,2026-08-29T15:59:55
770c7798-37cc-463b-b2a0-345990604f62,S013,SKU0105,5,4.44,0.0,2026-08-29T10:17:59
5e6fea07-c453-4f1d-8199-2fdfb31022f0,S011,SKU0017,3,14.06,0.0,2026-08-29T22:58:11
f6b751f7-9b74-4245-9b1b-c8952af43ab7,S009,SKU0186,3,3.25,0.33,2026-08-29T10:20:43
c71d5e60-1d52-46ab-b7e6-427cbf780e3f,S019,SKU0170,5,17.66,0.0,2026-08-29T02:58:02
4fa03f26-f6f7-40cc-a9ec-8e49d1bdb8c0,S013,SKU0034,2,18.46,0.0,2026-08-29T23:53:10
edcb8cb6-0692-4c63-9424-aed51bac5c15,S018,SKU0097,5,14.61,0.0,2026-08-29T11:16:17
e87466d7-ad66-41bd-9367-6a024fdc6e1b,S014,SKU0131,3,16.54,3.31,2026-08-29T03:24:09
f1043785-658b-4523-a014-1de9f54ad0a2,S007,SKU0088,3,1.84,0.0,2026-08-29T06:33:47
9793b9b4-1374-4146-b2c5-bd89b70b3420,S003,SKU0076,4,5.05,0.0,2026-08-29T05:38:28
3e2b6091-a092-452a-94a0-57a7b0cc1b3b,S002,SKU0170,1,10.89,2.18,2026-08-29T19:10:13
4d3485c5-c5c1-4eb4-b27b-3d901a16342c,S020,SKU0097,3,17.71,3.54,2026-08-29T04:46:16
ce3714af-99b4-4350-af2b-99b4d9acd158,S015,SKU0012,2,4.5,0.9,2026-08-29T06:01:37
90e0f4a0-fbdd-4933-8bd5-8bf61efd76e9,S020,SKU0073,4,8.24,0.0,2026-08-29T16:10:22
8861fe18-58e2-4888-8a83-81bec85aca46,S016,SKU0050,4,5.83,0.0,2026-08-29T11:16:02
11a72609-5edd-4bbf-a959-76636daa2e68,S015,SKU0197,3,14.05,2.81,2026-08-29T16:02:29
033d2bce-575a-4d2c-a5c5-650c8186a576,S014,SKU0042,3,15.9,3.18,2026-08-29T19:12:15
7d7ddbed-d284-476c-ab88-f83dd97dc9cd,S002,SKU0165,2,16.32,0.0,2026-08-29T09:06:08
5cb85aed-f5f6-4c97-aefb-63b11b049863,S017,SKU0032,4,17.67,3.53,2026-08-29T03:44:06
75b17a55-d426-4982-a43e-4288a2b5b498,S015,SKU0132,3,3.05,0.0,2026-08-29T09:55:55
2d174fc9-6f7c-45ea-a72a-6d8eb5122df8,S015,SKU0090,2,16.87,0.0,2026-08-29T08:05:02
a6846099-f729-4951-8591-31d2bbda0242,S012,SKU0061,1,9.18,0.92,2026-08-29T18:16:39
eb6c1016-cee6-44d0-9dac-6e8345241ea6,S001,SKU0082,4,19.9,0.0,2026-08-29T08:10:30
7701f7bb-7bc6-4e1f-864e-e6e389c5b31a,S005,SKU0010,1,17.02,0.0,2026-08-29T05:19:02
97ac6aa8-bb24-48a3-9363-57b66f81cf4f,S016,SKU0115,3,18.47,1.85,2026-08-29T05:03:11
3ed8c56c-da09-4fa0-9282-8d8044b591f7,S009,SKU0056,5,1.6,0.0,2026-08-29T00:41:30
4767d76c-162f-4a24-af43-613cd4aac9a3,S014,SKU0029,2,11.65,2.33,2026-08-29T19:12:56
c01f36bf-3e6d-458b-b367-c28de1b294de,S008,SKU0108,3,5.9,0.0,2026-08-29T01:44:18
ab0e664e-9c3e-42d5-91e1-aa9676f72255,S020,SKU0138,5,9.96,0.0,2026-08-29T18:11:53
7e8adee7-0758-4201-961e-16d16105716b,S005,SKU0075,1,13.19,2.64,2026-08-29T08:48:31
7cd0129d-2e8d-4e87-9334-20e6d9d80b8d,S019,SKU0107,4,1.53,0.0,2026-08-29T08:45:31
4223623b-cc3e-4dde-9ad5-cf06364d7c87,S012,SKU0018,2,13.79,0.0,2026-08-29T19:03:34
989d9d4a-e15c-4666-8797-b2c957207246,S001,SKU0100,5,11.57,2.31,2026-08-29T20:10:33
8e485223-46b9-4991-a14e-b70db380c73a,S009,SKU0192,4,2.31,0.23,2026-08-29T13:35:29
30e912f2-f2b4-4abf-8441-aefd0299436a,S008,SKU0188,1,8.11,0.0,2026-08-29T12:33:13
680bac63-b856-4035-bdc9-829015eabb27,S002,SKU0091,1,15.77,0.0,2026-08-29T04:51:26
3d85de89-c217-4429-8e20-07247d137018,S016,SKU0162,5,7.76,0.0,2026-08-29T16:54:59
b63b4dc3-a559-4463-b9e1-3ceab0cbc61f,S002,SKU0076,2,16.51,0.0,2026-08-29T16:39:48
046a0df5-cafd-4613-b2bb-912d7da67785,S011,SKU0080,2,2.31,0.0,2026-08-29T01:31:32
6786d506-38ba-4abc-8b53-05e517d2582e,S009,SKU0010,5,8.87,1.77,2026-08-29T17:14:09
a9f948b2-4e63-44bb-be49-3f43b118f68d,S011,SKU0070,2,6.79,0.0,2026-08-29T23:52:28
8db06746-7927-4973-9e78-1fd794e0d3ba,S015,SKU0099,1,16.29,1.63,2026-08-29T14:33:51
ff233d5f-6ced-415d-9800-7c0287ea7ff5,S012,SKU0133,3,19.51,1.95,2026-08-29T18:06:51
5a104129-54ae-4d1b-8ce6-424dbef59fe6,S014,SKU0155,3,16.32,1.63,2026-08-29T02:52:25
4e7ed827-455a-4762-b428-a656b3ee4d3b,S003,SKU0084,2,11.59,0.0,2026-08-29T03:44:07
b8a6171f-1ee3-4dc4-bb04-8a8b405bfdc9,S006,SKU0177,3,7.17,1.43,2026-08-29T15:30:51
be2d740a-1e9b-43bc-90c7-c006314d3441,S020,SKU0112,4,8.0,0.0,2026-08-29T12:50:10
b0ae8f08-c31e-4bbc-b36c-b62b892e6161,S013,SKU0094,3,13.33,0.0,2026-08-29T02:43:55
bd1531c8-3764-4bda-b108-d4482f65fafa,S005,SKU0156,5,16.32,0.0,2026-08-29T01:08:01
96ef2ad6-b97e-4703-86c8-adfe7bf47042,S012,SKU0093,4,2.14,0.0,2026-08-29T08:35:32
98c7472a-864e-4a13-829c-fc0cfa02eaec,S005,SKU0174,4,19.07,0.0,2026-08-29T22:01:50
d52721e7-19bc-443e-bb02-bebb48729a4d,S003,SKU0147,4,19.05,0.0,2026-08-29T16:09:48
5c62b3a2-3a3c-463e-8bd6-cee631b1b099,S009,SKU0064,2,11.3,1.13,2026-08-29T11:26:47
b540b30e-039f-4a25-8d61-68bd2defe193,S017,SKU0100,1,1.98,0.0,2026-08-29T18:10:10
0ba6eab9-4639-447b-a067-bdac88bd13d1,S007,SKU0157,5,3.68,0.0,2026-08-29T16:14:53
4ac9778d-8da8-4ee4-8df5-6ac6f96b648a,S004,SKU0035,3,14.34,1.43,2026-08-29T07:17:17
a34b6cf6-2053-4a42-b1af-db65b289f224,S011,SKU0171,1,9.86,0.99,2026-08-29T03:11:46
1a432f0a-7daa-49f0-80b6-fce2de53790a,S010,SKU0077,3,14.63,2.93,2026-08-29T19:44:23
48ca7651-92f5-4f7b-8323-d342df6a8f93,S017,SKU0058,2,14.67,0.0,2026-08-29T13:09:41
5738811d-70c2-403f-ba8d-03aa782a65e0,S016,SKU0007,1,19.72,0.0,2026-08-29T08:37:09
40a26c60-0d27-4659-b72a-da9b2f32751e,S018,SKU0034,3,11.75,0.0,2026-08-29T17:01:03
1d34d08e-7a4c-45d4-9c99-e04cf0e98b3b,S013,SKU0184,5,17.86,0.0,2026-08-29T11:15:39
7de31a51-6694-4343-90ba-58e3d2762bdc,S003,SKU0033,4,11.23,1.12,2026-08-29T20:55:53
afbb411a-a123-4a8c-93b7-a88612f70c97,S017,SKU0089,3,13.38,1.34,2026-08-29T16:57:37
cfa701cd-2631-400b-a6d7-94d30db95301,S019,SKU0047,2,17.74,3.55,2026-08-29T23:17:39
15ce6a66-4dc8-4a1e-b2f9-e5fa90164161,S017,SKU0040,2,9.5,0.0,2026-08-29T04:31:14
8edddfcd-1e52-4770-bf89-7142fe716b14,S012,SKU0133,3,4.55,0.0,2026-08-29T08:12:32
989bc4da-9b37-422b-aa8a-616fc3b290d0,S018,SKU0071,3,17.15,0.0,2026-08-29T07:08:49
c693da11-39c6-41ca-9e50-aa42ca6dfda1,S003,SKU0129,2,13.06,2.61,2026-08-29T19:25:24
e893be3d-7354-4a6f-a160-745985c7504b,S006,SKU0169,2,12.45,2.49,2026-08-29T05:36:50
96a9954f-dc33-41f9-8c1f-55ab715629ee,S019,SKU0011,5,14.83,2.97,2026-08-29T12:17:32
9191b363-4e2d-4645-adc7-cac7fd72b050,S007,SKU0197,1,3.0,0.6,2026-08-29T09:38:08
f5c9b047-9c10-4572-8f6b-40d09efba58b,S018,SKU0075,5,9.21,0.0,2026-08-29T18:07:58
c342bd2b-f295-456e-9967-5f06bd767e35,S015,SKU0019,3,10.43,1.04,2026-08-29T10:49:45
43bfd931-3605-4f54-a021-c0ca3531968d,S015,SKU0053,1,4.42,0.44,2026-08-29T17:37:51
3d67cde9-2834-44c0-94c8-b3b4a911d192,S012,SKU0103,3,12.72,0.0,2026-08-29T11:37:33
2812859a-1337-439e-8d4f-5d272c7f0b79,S004,SKU0082,2,15.57,3.11,2026-08-29T20:26:56
b07aa066-7354-45ea-a894-9b8d00af5b3a,S008,SKU0037,2,10.13,0.0,2026-08-29T16:22:09
085b15fb-4a8f-4810-b84c-2f29980402a2,S014,SKU0064,1,2.44,0.24,2026-08-29T22:24:18
48603b32-b4fb-4eb9-89c1-3de73b4206c5,S007,SKU0196,2,16.55,3.31,2026-08-29T11:23:08
1238d630-743b-45a2-9c0f-2fcfb3f6fe0d,S016,SKU0079,2,10.72,2.14,2026-08-29T16:59:46
43b9da13-ec85-4f37-bbc1-a987aff8754d,S015,SKU0062,4,1.93,0.19,2026-08-29T18:24:09
96fc734d-a003-4d28-8a8f-3653c9af18f8,S010,SKU0127,2,12.29,0.0,2026-08-29T01:50:24
32a447b2-ef04-457d-8dcc-c33aa9434aa0,S018,SKU0003,5,17.82,1.78,2026-08-29T10:24:13
398d1ca6-8b68-40b5-9d61-fac36cd5e859,S013,SKU0094,1,9.47,0.0,2026-08-29T13:19:03
44007d5a-e88d-4719-a624-2b40a5cb63a2,S007,SKU0093,1,8.91,1.78,2026-08-29T20:27:18
0f44704f-1247-4a4e-a469-98e8d39e198b,S015,SKU0196,5,6.84,0.68,2026-08-29T18:21:33
9854ce4e-4ebf-45c3-8ae9-b4a72a79ea68,S004,SKU0033,5,6.67,1.33,2026-08-29T22:14:50
ebd34616-91b7-4d8e-9301-6989bfbbb17f,S012,SKU0194,1,8.79,0.0,2026-08-29T20:18:36
77fc9703-1fd5-4423-b06c-5c5649e2623d,S017,SKU0011,2,5.18,1.04,2026-08-29T14:36:50
670acc5c-b321-4f21-8dd8-eb85b04d3376,S017,SKU0117,1,2.22,0.0,2026-08-29T17:14:54
8a3c3b5e-801e-41da-85b1-ed25f1533ae8,S011,SKU0157,2,12.72,2.54,2026-08-29T05:05:21
9918ee46-1497-4658-b010-f7197e695d0d,S019,SKU0087,3,4.51,0.9,2026-08-29T10:53:41
bc0a6a5d-6e99-4e3e-a3b1-37fc0a3450fc,S019,SKU0077,5,16.82,3.36,2026-08-29T17:50:05
069f14f1-4018-4c6e-9a8c-fa3c5283aac7,S004,SKU0107,4,16.59,0.0,2026-08-29T12:03:36
ac9ed156-f63f-4e41-ba9a-ca5e176132ed,S016,SKU0068,5,7.19,0.0,2026-08-29T21:43:58
964db03f-9340-4fad-9c4a-d56bd6016237,S016,SKU0044,5,12.19,0.0,2026-08-29T21:14:43
c3c75611-ffe3-4a49-854f-92fff366bad4,S005,SKU0175,5,13.14,2.63,2026-08-29T13:50:32
9384ec2b-44fe-4cae-9248-a9a7ac1aa554,S001,SKU0113,2,2.08,0.0,2026-08-29T06:56:46
2cd94cbb-c19a-458c-835b-1c8c0a4c9f7f,S014,SKU0129,3,9.25,0.93,2026-08-29T07:25:24
7135f221-a6c9-437f-84da-d06a7872bdeb,S017,SKU0054,5,18.53,0.0,2026-08-29T05:01:38
ff37d19c-2e76-428b-8735-44f9ea83bf00,S013,SKU0081,5,7.51,0.75,2026-08-29T19:07:55
d0725b5c-a281-4044-af96-288295d82980,S018,SKU0091,2,10.0,2.0,2026-08-29T12:27:49
785299f4-175b-498d-b814-01027de1bdfe,S009,SKU0143,3,12.79,0.0,2026-08-29T08:58:31
5230dfbd-5553-42fe-a889-803e5913f9d3,S007,SKU0177,3,5.66,0.0,2026-08-29T10:31:20
292bd156-db94-4570-9ac7-0ec0ab8ddeb4,S009,SKU0074,4,7.37,0.0,2026-08-29T20:24:24
7ed70ed7-b194-490b-a961-929e546e035a,S013,SKU0089,1,12.11,2.42,2026-08-29T13:49:27
668409e3-f1f8-443e-a99f-131849c8a43f,S012,SKU0114,2,6.87,0.0,2026-08-29T02:52:38
0964fbbf-8cd3-41b0-82b0-1cfdd045dd1c,S018,SKU0070,3,15.33,0.0,2026-08-29T07:21:25
409d3602-5084-4242-968b-1625746f7891,S020,SKU0190,5,14.38,0.0,2026-08-29T03:58:36
c5c5b37a-f85e-46a1-9dad-09b252c21221,S008,SKU0164,5,5.93,0.0,2026-08-29T19:20:04
d32e6dcd-83bc-4478-9d6a-c7b86778043b,S016,SKU0026,2,2.47,0.25,2026-08-29T12:01:32
de8ede0b-a85c-4e4a-804b-6fabfcf56188,S014,SKU0168,2,1.6,0.32,2026-08-29T05:45:01
0de051a6-69ca-47d2-b644-14fd8ae769ed,S011,SKU0074,4,10.33,0.0,2026-08-29T10:27:29
9f64eeed-5c9d-427d-84b8-71bb300568d2,S019,SKU0060,1,18.3,0.0,2026-08-29T23:44:58
71299889-a01a-4992-bf9d-3e64c1a6423b,S014,SKU0046,5,15.17,0.0,2026-08-29T06:22:26
445dcc38-341c-4494-8d36-6dfcc28ebd70,S006,SKU0192,1,19.95,2.0,2026-08-29T18:02:10
49bc473f-ed7b-4656-a18a-15368c99a894,S019,SKU0155,3,17.72,0.0,2026-08-29T10:51:50
7c16128d-b2c0-4394-a17f-29e170286046,S015,SKU0165,1,18.68,0.0,2026-08-29T10:21:38
a14923c2-f920-464c-8763-fcd01f15c7b6,S015,SKU0070,5,11.2,0.0,2026-08-29T18:21:28
b5b453ca-3d42-493c-8c9f-d3349bdf0377,S015,SKU0166,2,16.46,0.0,2026-08-29T05:54:58
03802b70-8d03-491e-8f8d-5238288b78b5,S010,SKU0146,3,14.79,0.0,2026-08-29T12:16:25
3985fb62-17dc-4eff-a872-13f98d605936,S017,SKU0084,2,4.75,0.48,2026-08-29T15:34:19
1d0bc9bd-e9b5-45cf-9766-5cdafe049059,S005,SKU0123,1,8.92,0.0,2026-08-29T06:43:39
a5d04d53-1e12-42e3-b272-92b6762172ed,S013,SKU0061,3,18.81,0.0,2026-08-29T09:29:41
eec259dc-7f95-497c-a76a-a6ced50755d9,S019,SKU0186,4,15.44,0.0,2026-08-29T10:59:36
b495db4e-8245-4fb4-8ab7-706eb77350ca,S002,SKU0171,5,1.71,0.0,2026-08-29T08:36:12
7b85179a-d5b0-47e0-aa5d-932b45ff2c83,S017,SKU0181,1,10.11,0.0,2026-08-29T14:45:38
74eff545-3e65-4603-b8e3-654bfaf14ff0,S020,SKU0057,3,14.27,0.0,2026-08-29T13:22:54
30cbd755-6232-417a-a507-41818d1fb540,S015,SKU0192,2,19.21,1.92,2026-08-29T05:34:38
bf0d073d-821c-4336-9970-cf60ebff8d15,S018,SKU0171,5,8.41,1.68,2026-08-29T17:08:32
11df12d7-dd30-4e89-a2f2-35f2e11b868d,S017,SKU0115,2,15.59,3.12,2026-08-29T02:58:50
dabac50d-ca3d-4859-85ce-099c46b82659,S004,SKU0016,5,14.52,0.0,2026-08-29T20:32:26
c9a7d91f-ef2a-4713-9702-10496a39aaa6,S018,SKU0039,5,18.2,0.0,2026-08-29T20:51:05
00a81de9-d20f-47d0-8465-6d6b81fb18b3,S004,SKU0175,2,7.57,1.51,2026-08-29T16:05:12
d664d264-4c6e-47ff-b9de-7a3a486822b9,S017,SKU0115,2,14.76,1.48,2026-08-29T03:18:39
a8f1e091-ffb8-402d-9475-dbc996418ced,S015,SKU0145,1,9.89,1.98,2026-08-29T15:07:30
7250ee18-260a-4962-9d81-b7f57d5911c6,S013,SKU0066,1,11.84,0.0,2026-08-29T00:47:33
551ac8ea-585a-4afa-bbfd-cc1289e06ab3,S002,SKU0109,1,15.3,3.06,2026-08-29T02:39:32
6090d697-8b1e-4b9d-834b-9fbb8d4a75b8,S003,SKU0121,3,14.46,2.89,2026-08-29T02:11:37
de9e3757-5260-401e-aecf-67d2749176f4,S014,SKU0096,1,6.81,0.0,2026-08-29T04:55:50
3d225c30-b28f-41de-bb14-0bc3304b8590,S003,SKU0175,4,9.8,0.98,2026-08-29T13:40:36
db23aa8c-3bca-4f85-a20a-60ac9261549d,S006,SKU0138,5,3.96,0.0,2026-08-29T04:19:09
517400f8-0b2c-482a-a928-8e92c68a152f,S001,SKU0077,4,11.28,0.0,2026-08-29T00:07:35
e9d68f23-b489-4070-b914-f8a8bea4ff31,S018,SKU0098,4,13.96,2.79,2026-08-29T15:26:31
fd08b32c-62d6-4e93-a198-5d54cfb87e6f,S009,SKU0049,2,6.08,0.0,2026-08-29T05:38:52
a6eab79e-d21c-42f8-8ada-4f80a9e782d4,S001,SKU0062,1,2.1,0.21,2026-08-29T22:23:19
f6febc0e-7ecd-4baf-a6f0-5fcffb16e5db,S015,SKU0154,2,2.74,0.55,2026-08-29T01:13:20
f72169bb-8096-4718-a051-acef097a1e10,S015,SKU0060,1,6.03,0.0,2026-08-29T14:38:45
19b17e80-dea4-4e17-94fd-9ad39716108e,S017,SKU0075,5,5.52,0.0,2026-08-29T05:06:07
1986b4b2-70b7-4868-9854-80f0dfcaf0b7,S019,SKU0154,2,16.59,3.32,2026-08-29T11:36:39
03edd1f8-74f9-4d17-a912-b4bf86a4bae4,S008,SKU0106,3,5.88,0.0,2026-08-29T18:58:41
def57689-68f4-4bce-a4e7-5e8eb8f21423,S006,SKU0161,3,6.59,1.32,2026-08-29T21:32:30
1327f1bc-2784-478f-b84f-16b3a79fbfaf,S013,SKU0135,4,11.78,0.0,2026-08-29T12:32:23
43d88870-f81d-4aa1-8812-0a8e78308930,S010,SKU0097,3,14.38,1.44,2026-08-29T05:25:58
65c17795-b155-46bc-9f8d-ed9756abf2f1,S008,SKU0077,2,15.46,1.55,2026-08-29T08:46:24
541cdfcd-da0d-4a5f-948f-8b74a65bb1f2,S014,SKU0107,2,16.41,0.0,2026-08-29T20:28:33
889b78d5-dbfd-497e-aca2-b148da330aa1,S009,SKU0053,5,11.3,1.13,2026-08-29T08:50:31
a075e927-5110-4492-b442-7e0b61484bb3,S003,SKU0138,3,13.46,1.35,2026-08-29T13:30:37
7cea2045-c268-483e-a32f-2e63b7fddd71,S020,SKU0011,2,2.45,0.25,2026-08-29T22:01:34
9e11d2cd-0930-4ef6-8a80-068ddf547e50,S007,SKU0123,1,4.98,1.0,2026-08-29T20:20:49
af34cf65-a193-44b2-bc19-e71d118405ad,S001,SKU0055,2,17.59,0.0,2026-08-29T11:02:19
3a3c8a71-ff57-4e2b-8991-ab9bebc2026f,S008,SKU0179,2,19.3,0.0,2026-08-29T17:26:13
fa745761-6f18-4108-9723-199dbf2c14a0,S018,SKU0083,5,14.52,1.45,2026-08-29T08:42:49
b4323070-a23d-4c2f-82a7-96891933918c,S012,SKU0079,3,8.54,1.71,2026-08-29T23:37:09
2a96e1e2-7194-4ae2-99ba-d7aedf615a5c,S004,SKU0185,3,8.15,0.82,2026-08-29T16:58:00
0769165f-e746-4cb9-8ca9-cf07b1aa0f6a,S012,SKU0081,4,15.59,0.0,2026-08-29T07:23:44
0e5dd462-cbd0-4ef2-930a-37df0bc61066,S001,SKU0067,4,2.35,0.0,2026-08-29T05:18:46
6e417d47-5ff5-45ea-9bc4-40f14b1a269b,S010,SKU0040,5,18.79,3.76,2026-08-29T15:12:12
697c3923-87fa-441a-be83-b91f25440fe0,S008,SKU0128,2,7.6,0.76,2026-08-29T20:44:43
2e183554-cae2-4e66-ae8a-781390e0a95b,S016,SKU0186,5,13.61,0.0,2026-08-29T09:22:08
9c07a751-1437-4509-acd1-586a2b840c67,S005,SKU0185,4,10.03,0.0,2026-08-29T06:09:45
aee1e86b-9ea5-46aa-a1ee-6c5bdeef580f,S002,SKU0135,5,10.53,2.11,2026-08-29T23:22:03
9549c931-e9af-499d-bf67-1eec3da70577,S001,SKU0106,1,17.02,0.0,2026-08-29T01:45:58
a34db7c5-760d-4bbb-bb70-b3a124a35cf2,S005,SKU0003,2,17.09,0.0,2026-08-29T02:28:28
aab612c9-415d-474a-b5a6-69814104a8b5,S020,SKU0164,2,10.86,0.0,2026-08-29T02:12:03
771ad655-cdfc-4ee0-a61e-de900267deb3,S001,SKU0137,5,18.39,1.84,2026-08-29T00:34:21
8beddb12-ad77-482f-89a2-3a89e6b5a92c,S009,SKU0138,5,9.11,0.0,2026-08-29T19:16:31
f1faf665-7115-43f3-92e8-9d1028711733,S004,SKU0025,3,1.82,0.18,2026-08-29T06:31:36
4c955f6a-966b-4964-bcd6-bdca5876fd09,S017,SKU0065,5,4.25,0.0,2026-08-29T22:33:55
b0b862ef-6c9f-42b9-b647-8986a3917c99,S012,SKU0104,3,6.45,0.65,2026-08-29T02:52:37
4d57d880-d865-469a-b4f3-310340066ff2,S003,SKU0168,4,11.95,0.0,2026-08-29T10:55:18
da743152-627b-41a1-bfd6-f23232ffe294,S018,SKU0122,1,3.23,0.32,2026-08-29T13:43:56
61a11729-3cb9-4350-9b4d-a0fe7bb38605,S016,SKU0112,1,13.28,0.0,2026-08-29T03:00:37
4bbe4aff-9326-4ffd-9be4-bf5192698698,S002,SKU0059,3,11.97,0.0,2026-08-29T19:13:46
059dd55d-4b94-4e30-b303-f438fe2110d0,S009,SKU0012,2,18.17,3.63,2026-08-29T17:18:44
6553867d-a881-4fd3-947d-577bfa5a91ca,S019,SKU0169,1,14.16,0.0,2026-08-29T19:46:16
dd750e98-90e0-495f-8212-b554464458b4,S007,SKU0151,1,4.82,0.0,2026-08-29T00:34:12
f93e08d5-bea2-4dfe-873f-6e1baf908e3c,S010,SKU0042,2,15.42,1.54,2026-08-29T02:48:04
bec39a37-9b3d-44bd-a91e-314e0c8e29e3,S011,SKU0099,5,5.95,0.6,2026-08-29T19:40:52
e726be23-e776-4886-9534-ee1d7f2984f5,S012,SKU0014,2,16.12,0.0,2026-08-29T18:13:59
3ae909fe-cc82-48da-8696-f5e64944051b,S020,SKU0197,1,9.59,0.0,2026-08-29T12:24:02
3810ae66-5a31-44cc-8d4b-69a99b689c88,S001,SKU0163,5,19.16,1.92,2026-08-29T11:52:58
402913ec-9ef2-493e-b0ac-7d7ba2f963a3,S008,SKU0092,3,16.0,1.6,2026-08-29T17:51:44
c478f6f1-b88e-4318-816d-83edad81f8bd,S019,SKU0170,5,18.91,1.89,2026-08-29T06:45:45
2303f6c6-d69d-42f1-ae4c-84ffa8c01f05,S008,SKU0183,4,3.09,0.62,2026-08-29T10:45:15
a0a11839-e745-4704-98df-bc3ca0d4de3d,S005,SKU0190,1,3.02,0.0,2026-08-29T13:50:07
c9e26074-4f16-49a0-8a17-991ea5769411,S001,SKU0079,4,7.36,0.0,2026-08-29T03:19:55
5d678bb1-945e-42e4-888a-93ec70d9c9f8,S005,SKU0023,4,8.16,0.0,2026-08-29T03:43:19
e8dd5e5a-1712-4b16-a1a4-344fbb7bee03,S017,SKU0105,2,9.47,1.89,2026-08-29T20:11:50
6a5e6920-bf5a-47e6-93a3-dd5a4b8c5bdc,S003,SKU0153,1,1.99,0.0,2026-08-29T20:10:42
c958e75e-21d5-4971-b367-49b52cf6bf75,S010,SKU0106,5,16.01,1.6,2026-08-29T00:26:57
5da8d6d2-f8b3-4a8b-a05f-b8bc8a16a06c,S019,SKU0134,4,15.91,3.18,2026-08-29T08:50:16
45c45a3e-e9da-484a-8075-9f1f87e5f0fe,S009,SKU0078,2,14.18,0.0,2026-08-29T05:03:18
e9ff1cae-41c8-4a8c-aa1f-955ad499da99,S014,SKU0071,3,10.62,0.0,2026-08-29T06:05:16
f7a67b94-7b5a-411a-b1b6-4afed31edf1a,S009,SKU0064,4,7.05,0.0,2026-08-29T13:08:53
ded255d0-bf1e-4366-8b8e-63d4ce7607ad,S004,SKU0035,4,12.49,0.0,2026-08-29T16:40:12
77e490c7-1d7b-4313-8de2-2f1c56b60afc,S020,SKU0098,3,1.63,0.16,2026-08-29T12:05:44
c1101266-2408-46dc-9346-d1a9f6802cdb,S020,SKU0035,3,9.64,0.96,2026-08-29T23:42:12
ad238d36-dc32-4c97-b9c1-e262f76c8ede,S011,SKU0046,3,7.43,0.0,2026-08-29T17:26:24
65bcc272-fadd-4ea3-aca5-e2fdb966442a,S016,SKU0148,4,19.42,0.0,2026-08-29T23:02:35
8eac0a33-cdf9-44a7-9882-b5c1f79efd70,S012,SKU0030,2,7.53,0.0,2026-08-29T14:18:22
6502d6a2-ca6a-4224-971e-16cc5da36f1b,S018,SKU0007,5,5.2,1.04,2026-08-29T06:33:03
1fa382e8-895c-4d99-83b3-8eb403902c5d,S010,SKU0178,4,18.95,0.0,2026-08-29T15:57:49
bfbf397b-ac3e-4b0d-9e5b-a13d746cdb77,S005,SKU0163,1,16.65,1.67,2026-08-29T18:10:44
618ae305-95a5-4afa-831d-029fac1e86d8,S013,SKU0019,3,5.98,0.0,2026-08-29T15:24:20
5f18e583-f0b6-483f-a377-f6f1d289f0ab,S013,SKU0137,4,19.83,1.98,2026-08-29T21:11:55
78b2b549-3bdb-409e-acc2-16a01bbc91f7,S002,SKU0093,5,18.58,1.86,2026-08-29T19:47:36
f1738856-e25d-46eb-9e9a-9f83066803ee,S008,SKU0169,5,12.49,0.0,2026-08-29T03:58:55
9c2e58de-ea4e-4617-93f8-382b8fb864e4,S019,SKU0166,3,4.58,0.92,2026-08-29T01:36:46
a2a9d4d8-102e-4de5-a5cc-8bf738ab854c,S004,SKU0003,4,19.39,0.0,2026-08-29T15:40:20
b379cb1e-e8cd-40cc-b6da-3ca0d2e82f38,S018,SKU0149,1,6.29,1.26,2026-08-29T18:53:19
1dde7969-6886-43db-a634-8e784d5c55c7,S015,SKU0198,5,5.59,0.0,2026-08-29T14:14:26
0986bbeb-f23e-423d-8b9b-d93423c86d30,S001,SKU0124,5,14.27,0.0,2026-08-29T12:33:35
1dba1267-7e1c-45a1-bef5-18a64dead645,S005,SKU0090,1,6.97,0.0,2026-08-29T04:13:33
899ca782-e323-4d1a-bc1b-dacc18e19331,S016,SKU0090,3,7.85,0.0,2026-08-29T18:58:23
5efa9c5b-7421-4f46-a37e-4b0122bae10e,S003,SKU0077,4,3.31,0.33,2026-08-29T11:36:40
b24cc64f-be3e-4e57-b30a-9e32aba4fc03,S011,SKU0166,1,16.49,0.0,2026-08-29T00:49:20
965befdf-6b4b-4411-8a4a-0e2df22b5b98,S017,SKU0045,1,14.03,0.0,2026-08-29T08:52:50
e2aa7a5d-278e-400d-ba02-66efbe055787,S015,SKU0060,5,4.46,0.89,2026-08-29T15:31:25
d56ce8ea-1959-4b5a-a7a8-f6366a35df59,S014,SKU0102,4,13.15,0.0,2026-08-29T23:19:08
f065c817-687a-4850-9d9b-62317d45d8ef,S019,SKU0110,1,15.14,0.0,2026-08-29T16:22:06
b0b63bcf-0860-4833-879d-0cdaf396ea37,S009,SKU0193,4,1.58,0.0,2026-08-29T07:29:32
71d79665-7181-4dcf-b79e-fc6e5edb0d3c,S012,SKU0084,1,12.18,2.44,2026-08-29T06:48:25
5cd8fe1a-dafe-48a9-bc71-e0bef3579560,S017,SKU0164,2,9.96,0.0,2026-08-29T17:49:17
5e09a9ee-af88-4dec-bb1e-143b196f4dfa,S019,SKU0030,3,12.54,2.51,2026-08-29T14:17:31
a5135ea0-fa53-434d-a6d5-901d8b621d41,S006,SKU0173,3,8.01,0.8,2026-08-29T22:28:38
46a02a9b-65ec-4acd-8f80-35f55bd20c98,S005,SKU0081,3,18.5,3.7,2026-08-29T03:05:08
f2f25eef-1f45-4bfd-b7dc-67e030974b2b,S012,SKU0178,1,5.91,0.0,2026-08-29T06:39:52
1777e8cb-7468-4b98-92fe-2fded918b3e5,S005,SKU0148,2,10.95,1.09,2026-08-29T21:42:54
a3b5cece-a446-4e72-b64c-911aa9ab364a,S018,SKU0178,4,9.33,0.93,2026-08-29T23:08:16
0cf2b69b-0577-4ea9-b899-924698de8ebb,S005,SKU0048,2,11.77,1.18,2026-08-29T10:30:58
fd235def-3e5a-47e3-9560-db22c96b5edb,S012,SKU0003,3,17.08,3.42,2026-08-29T01:57:06
34885a46-9088-4eaf-8977-6598203c8c25,S017,SKU0168,4,4.03,0.4,2026-08-29T20:26:47
8de08fc2-c3e1-4a85-946e-f10411906f50,S015,SKU0126,4,9.07,0.91,2026-08-29T15:07:57
d0243d72-3748-467f-961d-33ba350843f0,S010,SKU0009,2,3.03,0.0,2026-08-29T08:01:45
c63d04ee-541c-4a86-bba5-cd2fdea45c19,S015,SKU0145,3,5.66,0.0,2026-08-29T06:07:27
989240ac-e689-43a9-89e4-8e8c25c61c45,S004,SKU0069,4,11.67,0.0,2026-08-29T20:51:06
fbe94499-dbc0-40fd-86fb-7bf300b9d4a3,S002,SKU0195,5,16.73,0.0,2026-08-29T19:44:06
8a4b8f7c-2147-4a15-bcce-96f6250a4578,S008,SKU0077,4,11.61,1.16,2026-08-29T03:43:43
1c24220e-2cab-47e7-8c6b-66e5402adf9c,S015,SKU0031,1,9.82,0.0,2026-08-29T03:10:01
21bddb41-0699-4731-9dcf-8766a93b12cd,S020,SKU0162,2,5.38,1.08,2026-08-29T12:45:57
c9d6a63b-ca3c-4f5f-9bb5-c40c03cde2e3,S007,SKU0016,4,4.57,0.0,2026-08-29T07:31:22
040a3aae-52e2-4fd9-96bf-10ab3ce915e7,S018,SKU0044,5,7.99,0.0,2026-08-29T21:43:51
20733f6d-0d6a-45b3-83ef-20162c9b662e,S019,SKU0069,3,19.61,0.0,2026-08-29T10:32:03
1d181ee9-86ad-4a8c-abc4-123ebde13c1b,S014,SKU0016,5,19.73,0.0,2026-08-29T04:56:11
72c22a16-79eb-4168-9045-56e5bee3eb79,S008,SKU0038,3,17.54,0.0,2026-08-29T04:49:52
97fa7f04-8363-4007-9cae-9610c72c1fe3,S005,SKU0148,3,16.83,1.68,2026-08-29T17:49:14
38b77c07-80fb-4296-b3b6-a09b1beaf6ac,S003,SKU0163,3,13.11,1.31,2026-08-29T16:27:23
ba2c98ce-0b19-488e-9d77-a45ef206c269,S015,SKU0125,1,8.95,0.0,2026-08-29T13:26:14
a8addf36-ddf2-45eb-a8a3-f341c8819065,S012,SKU0017,3,12.27,0.0,2026-08-29T16:41:29
a4b1f991-7542-4646-8d37-a539857dd3b3,S016,SKU0069,5,8.86,0.89,2026-08-29T07:42:47
ffa361be-0f92-40e1-87f9-7d05f6ca6b8b,S019,SKU0034,3,16.82,0.0,2026-08-29T19:55:37
6d204496-66d0-4371-98e8-8ebb7a9e8eef,S002,SKU0026,5,17.27,0.0,2026-08-29T01:45:45
b65feea9-7d82-4264-9ba3-62e7afa415e5,S015,SKU0001,4,1.8,0.0,2026-08-29T16:04:00
e63658c9-12d0-498d-b18d-4d05e8e22743,S010,SKU0041,4,5.24,0.0,2026-08-29T23:39:56
25f934bf-9bb9-4155-9275-eb9414aeaf5c,S003,SKU0096,3,3.23,0.0,2026-08-29T09:06:59
9fd34579-4667-42ce-a04e-178c10d08d11,S014,SKU0168,2,2.46,0.0,2026-08-29T08:31:29
b64fa54a-8c61-4654-95da-75c1a21150f9,S016,SKU0020,1,14.52,0.0,2026-08-29T07:46:13
98eeac2b-fe9f-4caa-a182-f347533f5a72,S001,SKU0003,2,12.48,2.5,2026-08-29T16:12:15
816bcb9f-7426-4193-8b7e-6b3c87d292a6,S016,SKU0019,3,16.62,1.66,2026-08-29T04:48:44
cb08587d-1963-426d-ae21-8b099afd4015,S011,SKU0095,2,8.59,0.0,2026-08-29T03:45:26
a79b44b6-da50-4fed-9d4a-3d81b3a7d0e0,S005,SKU0018,3,4.04,0.0,2026-08-29T23:21:32
8d244e3e-c4da-4ddb-a0b1-5abaa6a27967,S006,SKU0113,5,11.92,2.38,2026-08-29T23:39:59
6e191042-370b-4063-9d90-e79eb888f6ed,S020,SKU0176,3,14.86,0.0,2026-08-29T14:59:23
69efafb1-3a7e-4e14-a359-eee173991a47,S005,SKU0193,4,17.41,0.0,2026-08-29T03:39:28
66132e69-7418-4109-93d1-bf0f56c438e4,S014,SKU0081,1,12.41,1.24,2026-08-29T12:47:56
50032b35-1857-4baf-bac7-e2b96a7e4c36,S018,SKU0154,2,6.08,0.0,2026-08-29T09:02:07
4140752c-aa44-4259-9001-8b7b6d4067f4,S010,SKU0053,5,14.84,0.0,2026-08-29T00:58:35
afd380c4-2713-482c-b41e-a3ac5fd23109,S010,SKU0166,5,12.73,0.0,2026-08-29T14:15:47
175a81ec-112f-4612-b969-9ed2ec48bf55,S013,SKU0029,1,16.0,0.0,2026-08-29T18:01:05
6e8f75a1-17dd-4d81-95da-705cd4ef00aa,S017,SKU0004,2,10.74,2.15,2026-08-29T02:35:07
5f65c8ce-bd21-4c11-be9d-61ee18b87245,S019,SKU0108,3,18.78,0.0,2026-08-29T14:05:03
0f5ae9d3-8e6e-4003-a14f-3f12cfd01cbd,S003,SKU0005,3,11.61,0.0,2026-08-29T17:08:56
8fca7b6a-8fc4-4092-b4e5-59e596229348,S002,SKU0016,5,2.75,0.0,2026-08-29T07:51:17
692ac139-1f4a-4ca1-ab85-fd595463adc7,S014,SKU0180,4,10.87,2.17,2026-08-29T15:07:31
f0ede303-aa53-419c-9fa4-bb9f5a856750,S020,SKU0040,4,3.02,0.6,2026-08-29T19:34:31
ea74bb18-de3b-496f-ac45-96f6c012a0ff,S007,SKU0040,3,3.05,0.0,2026-08-29T18:36:57
49a214ae-f7e8-48e5-8d2b-91efb8976ec5,S003,SKU0080,5,7.54,1.51,2026-08-29T23:05:38
1a85910d-5a05-4c11-8ffc-a6b199b479d4,S008,SKU0023,4,15.0,0.0,2026-08-29T02:06:29
279c658a-3676-4ce5-81e5-c9f693f277cc,S002,SKU0080,4,3.65,0.73,2026-08-29T22:10:00
d8e7012f-3968-4c81-bb70-c3b8a81fdec3,S006,SKU0128,2,3.71,0.0,2026-08-29T00:24:47
8e676a01-d86a-4460-99a1-120e1bb43332,S012,SKU0033,3,11.18,0.0,2026-08-29T06:04:44
47503f1d-c33a-4f6c-9d69-1fba5e187b24,S011,SKU0110,3,15.06,0.0,2026-08-29T01:04:07
6dda4f8d-cea6-4f4c-b9e5-8ff092f837d4,S003,SKU0128,3,11.19,0.0,2026-08-29T20:59:42
c4767556-f97b-42dd-8f9b-72aed85c16bd,S019,SKU0043,4,10.95,0.0,2026-08-29T18:11:24
accb461a-9d13-4363-9f29-4a8bd1846c39,S004,SKU0059,3,4.41,0.0,2026-08-29T20:53:43
9be71737-06b8-4231-8e86-7f3ca487eeab,S002,SKU0121,5,1.55,0.0,2026-08-29T08:54:13
b18753e6-d457-4ad9-a867-a096edd877c8,S002,SKU0142,3,8.59,0.0,2026-08-29T06:30:56
45f50c52-2e2f-4f77-8769-79d644777442,S011,SKU0070,4,5.65,0.0,2026-08-29T15:09:19
ebe9e207-4f19-4ec0-832d-4526b3e4110a,S002,SKU0046,1,12.07,0.0,2026-08-29T18:16:43
2e709838-0190-4620-99dc-abd056febfb9,S003,SKU0120,2,16.38,0.0,2026-08-29T14:35:50
a847bce7-90fa-4b57-a4ac-2130deaf528d,S003,SKU0142,3,15.81,0.0,2026-08-29T11:54:59
bdb025ff-2451-45a4-91d0-59b26699cd99,S019,SKU0078,4,1.65,0.0,2026-08-29T10:36:59
177d6e7e-07d9-44ce-b8c8-8faea2178f84,S016,SKU0198,5,5.99,0.0,2026-08-29T21:32:34
604e46cb-3712-42d1-87cd-b6a1bf012e32,S005,SKU0002,2,15.05,3.01,2026-08-29T08:55:29
284bf962-5744-4596-b422-21676b7a2460,S001,SKU0086,4,1.94,0.39,2026-08-29T12:36:46
530ac1c7-b8ba-4368-8fc7-77685ebbcca5,S004,SKU0053,1,15.54,1.55,2026-08-29T11:11:46
98a21f1c-914d-4fae-b100-13a7c6deb2f0,S002,SKU0037,5,19.69,1.97,2026-08-29T17:54:51
27d415b6-0d77-45a0-a222-b6a615bfbe97,S014,SKU0180,3,3.22,0.0,2026-08-29T18:55:25
0cbd3c03-9e2a-44ac-8122-b5b3284c03d2,S004,SKU0130,3,9.98,0.0,2026-08-29T21:08:42
716fda0a-45a8-4829-94e2-86e5ac8936bc,S019,SKU0146,2,13.29,1.33,2026-08-29T02:43:28
9b69554d-7c54-435f-ac8c-3b6aa974d079,S010,SKU0067,1,9.55,0.0,2026-08-29T08:37:14
372f871a-45ee-432d-aa07-f2137129cec7,S011,SKU0116,3,18.63,1.86,2026-08-29T11:52:42
585d3f86-1d23-44e6-8329-20b7c143f426,S019,SKU0028,3,5.82,0.0,2026-08-29T04:57:20
ad9fb00d-4882-473c-9c63-45ab6e0ed1e8,S011,SKU0105,2,3.45,0.35,2026-08-29T16:58:06
86e52753-7c93-46cc-97d7-a560adb14670,S010,SKU0119,1,11.41,0.0,2026-08-29T16:27:13
3873e57f-0ba0-48e8-8ef4-92c1aac93316,S010,SKU0181,3,17.27,0.0,2026-08-29T05:44:18
0e0630cd-996d-4c50-bc04-a168652ffb49,S003,SKU0183,5,2.25,0.0,2026-08-29T05:24:01
f200c261-4d29-41ab-b455-12f701f7c7ec,S002,SKU0174,2,19.42,1.94,2026-08-29T18:41:40
c3a00c6f-2321-41e1-8471-04c036136e15,S013,SKU0116,3,6.31,0.0,2026-08-29T01:07:53
1eb74b56-53ff-43a2-8a19-35014169b9fc,S015,SKU0027,5,15.34,0.0,2026-08-29T03:26:55
6e3f683a-bf3c-4140-bf54-a51101fa964e,S005,SKU0051,2,3.75,0.0,2026-08-29T08:05:35
88575117-6155-4667-a112-507c2cfa55b0,S019,SKU0067,4,8.39,0.0,2026-08-29T21:12:06
8f0881ee-8011-416b-bae8-8926b423ccde,S015,SKU0033,1,1.9,0.0,2026-08-29T07:11:59
5aaab32f-ce63-42b6-ab05-347fd556b37d,S002,SKU0119,1,18.24,0.0,2026-08-29T04:27:39
bdf66ba5-dc9c-46de-a5a6-74c212738a23,S013,SKU0128,1,4.61,0.92,2026-08-29T15:46:14
75b27455-04cc-4ede-afac-16730ad45230,S012,SKU0055,1,8.58,0.86,2026-08-29T06:17:30
5024bdc6-dcb3-4df3-93ee-cdc6ebd14d2c,S002,SKU0158,2,6.59,0.66,2026-08-29T05:24:41
67884209-92ca-425a-ade5-93329364f3d0,S014,SKU0141,5,12.91,0.0,2026-08-29T18:09:50
4a1dab32-6aed-4dc7-a3e0-5309b5a1b949,S005,SKU0108,4,2.63,0.0,2026-08-29T13:56:42
f758dce2-0556-4aea-a7b0-32831d7c0098,S018,SKU0005,2,13.39,2.68,2026-08-29T09:04:16
f296d9f0-cd23-42c2-abff-e17b532401fc,S018,SKU0125,4,15.97,0.0,2026-08-29T17:27:53
b08a4895-d4ff-4666-b5c8-e90d9e3d750d,S013,SKU0070,3,18.38,3.68,2026-08-29T11:42:33
6fcc57dd-168f-4e12-9ca2-60c9eb7607c9,S001,SKU0200,2,1.98,0.4,2026-08-29T07:58:27
6f887f28-3e49-4d09-9b19-d8b8d8302081,S012,SKU0197,3,2.58,0.26,2026-08-29T19:16:33
1422373f-8622-48d1-a683-e10796c044d0,S008,SKU0169,5,19.99,0.0,2026-08-29T03:38:44
beed10b6-4f6e-474b-9eda-b0276550f74a,S019,SKU0100,2,6.43,0.0,2026-08-29T07:59:18
c77444cb-5543-4c3c-b8b8-f24e56ea57b3,S008,SKU0152,3,18.8,0.0,2026-08-29T06:24:41
a21b0307-82af-485c-938d-994c2b0abedd,S001,SKU0181,3,16.41,0.0,2026-08-29T21:32:17
31a3ac4d-828c-47e7-87d5-b7be1d30d990,S019,SKU0049,3,19.03,3.81,2026-08-29T05:10:25
59e1ac09-5970-4859-86b6-e4ade7ea8d5a,S002,SKU0024,4,11.53,0.0,2026-08-29T17:51:22
a53bc024-d1a6-4d87-b54e-2019ba35844e,S017,SKU0123,1,5.8,0.0,2026-08-29T00:43:32
1a5165ca-3c7c-4d85-a5cf-0041d0a643fe,S005,SKU0088,1,7.64,1.53,2026-08-29T07:20:06
2c6a6e9a-3280-47a1-8187-222b257d5e52,S001,SKU0038,2,18.5,0.0,2026-08-29T02:10:06
c257cf73-c29d-482b-a722-796e9a36d1ec,S017,SKU0094,5,14.54,0.0,2026-08-29T04:02:18
f387e1bd-2d59-42c6-934a-5a2fa7cf705c,S004,SKU0087,1,8.41,0.84,2026-08-29T21:20:10
76c5a0dc-7e7e-4419-a0c1-4035c5d95f51,S016,SKU0167,3,7.47,0.0,2026-08-29T15:54:21
9458054e-c287-4f06-9050-f7efc1235c91,S012,SKU0058,3,4.72,0.94,2026-08-29T22:20:40
e1cde87f-ec95-4f87-ae5e-c36572eb7474,S010,SKU0033,5,16.57,1.66,2026-08-29T11:10:15
fc8d5b93-a2a2-491f-a49b-1cd99082889b,S019,SKU0009,2,14.98,3.0,2026-08-29T14:15:27
f891b0c3-dd3f-487e-92bd-c6619fe0a8c7,S019,SKU0027,2,12.64,2.53,2026-08-29T08:02:33
70944bdb-26a5-44e3-90ee-7a92a09151e0,S012,SKU0082,4,4.1,0.0,2026-08-29T08:39:54
a1a27485-7134-4c2a-b80b-3657117b355b,S011,SKU0115,2,13.27,0.0,2026-08-29T23:16:08
97674900-4651-4367-8bdc-43184d85a3d2,S012,SKU0066,1,6.41,0.0,2026-08-29T02:28:05
12fe28bf-81e0-4489-9a18-e2a30e614bcd,S015,SKU0188,1,14.83,0.0,2026-08-29T14:03:05
09a0a0f6-73b0-4091-b634-c1694f76e388,S013,SKU0090,4,19.43,1.94,2026-08-29T17:57:09
497de16d-d4ea-420a-9e65-96540e9058b6,S008,SKU0042,5,8.44,0.84,2026-08-29T21:02:46
fa34d2e8-dd3f-4d7e-a508-dc9513a4a492,S001,SKU0082,4,2.86,0.0,2026-08-29T10:44:14
98159d6c-9d71-4084-971d-abf9daf481a7,S006,SKU0097,3,19.11,0.0,2026-08-29T12:26:41
949077c2-7674-456f-a26d-719d81cf3252,S011,SKU0153,2,15.04,3.01,2026-08-29T03:23:23
bd29ede9-cab4-423b-b448-83858de7ad6c,S006,SKU0156,5,18.02,0.0,2026-08-29T15:42:14
e8b77f7b-7321-4f6b-8a80-76ece5582e16,S007,SKU0049,4,4.41,0.0,2026-08-29T12:03:17
30307633-a6de-41d8-9258-17b7cf501889,S010,SKU0077,4,14.4,2.88,2026-08-29T09:39:28
80599b93-79c2-42e4-9ae1-a991524f93ff,S018,SKU0126,2,3.27,0.33,2026-08-29T20:49:03
73557b9d-0fd6-447e-b52d-4af2269ed4c9,S003,SKU0076,2,2.51,0.0,2026-08-29T15:34:07
d65e59dd-e62d-4d06-8f9b-85581a7f195b,S007,SKU0044,5,10.39,0.0,2026-08-29T00:56:13
15969802-b6dd-4257-bb7d-9f1c57eb89b1,S010,SKU0102,3,19.58,1.96,2026-08-29T04:12:19
0a0537f0-2c2c-422b-a568-95c6812a1f9b,S018,SKU0100,4,10.55,0.0,2026-08-29T03:19:05
fdb1429e-7010-4d13-b526-b22d3f6c21f7,S006,SKU0115,2,8.36,0.84,2026-08-29T13:26:58
9c1c3517-85d2-40a6-8629-5b5d707df251,S008,SKU0069,1,6.37,0.64,2026-08-29T09:35:24
eafde7d9-5f73-4a3e-9d28-6aa428a39779,S012,SKU0139,5,2.64,0.0,2026-08-29T03:07:13
c6435300-68a5-4c68-a32d-bb5e486bb6bf,S018,SKU0016,4,19.46,3.89,2026-08-29T08:17:00
0d67d38e-990f-4c5b-adcc-3daf569f3ab3,S016,SKU0147,4,16.64,1.66,2026-08-29T19:29:50
55ab946d-a5b5-4dc2-a181-c85eca0ac6ac,S002,SKU0129,2,10.31,0.0,2026-08-29T14:22:27
8ed6ad5e-1831-4aa3-9466-9d1910df9974,S005,SKU0031,5,18.16,3.63,2026-08-29T22:35:00
4082cbb9-48bd-4b3e-a2f5-df2badaa44ca,S007,SKU0033,4,4.7,0.0,2026-08-29T07:42:52
f6e39356-a814-4562-9a00-3f16b9469bcf,S005,SKU0153,1,9.33,0.93,2026-08-29T07:21:05
267eddce-df8f-4197-9a4a-99b2e806133c,S013,SKU0143,3,7.42,0.0,2026-08-29T03:10:06
a9e27ba9-952e-4abb-94dd-5061555736f8,S015,SKU0004,4,11.71,0.0,2026-08-29T18:55:16
4f6b58c8-598d-4aec-aaaf-e5432434a678,S014,SKU0039,5,12.37,1.24,2026-08-29T04:05:48
a981b098-b2cf-452d-a7f3-33b3f7baf55e,S004,SKU0145,2,11.98,2.4,2026-08-29T03:38:53
b576255e-9854-4f22-a102-f9c964575bc4,S014,SKU0068,1,16.04,3.21,2026-08-29T12:31:11
8f158449-4f40-422f-95b0-2530f020e992,S016,SKU0010,4,13.61,2.72,2026-08-29T22:10:17
54170a17-caaa-4bbe-a4bb-f962606e0e1c,S020,SKU0175,2,6.6,0.0,2026-08-29T22:30:34
b3ecb951-ab8c-4f97-a0b7-1785d02ce0c1,S002,SKU0191,4,2.22,0.0,2026-08-29T08:38:59
ff4625af-bd20-463b-b275-b5f3d436a7a8,S011,SKU0078,4,18.54,0.0,2026-08-29T00:44:11
17ec889c-86c1-46cb-a996-30f7af77520e,S008,SKU0035,3,6.69,0.67,2026-08-29T03:34:33
822c4d32-6c64-4c15-aba3-01cba561e1e9,S009,SKU0187,3,19.52,1.95,2026-08-29T11:40:56
4f11d8dc-5cd3-4369-84aa-c1b75ca0c428,S015,SKU0055,4,12.69,0.0,2026-08-29T06:50:33
577bc55a-36d5-4494-b37f-d50d2e25b5ee,S002,SKU0132,4,15.21,3.04,2026-08-29T13:36:49
31274148-7c7c-404e-8422-d03ef29a6339,S005,SKU0200,2,2.71,0.54,2026-08-29T14:41:12
27aa7cbc-2337-4bbc-bffe-77c839feb99c,S007,SKU0052,5,17.77,0.0,2026-08-29T06:19:32
c9c23e69-d82c-4565-8bb9-07ec13c11754,S012,SKU0181,1,6.12,0.61,2026-08-29T01:50:26
8a2e6a93-c558-4bb2-81f7-f3fb19e45c6a,S013,SKU0163,2,6.57,0.66,2026-08-29T18:23:27
86cac6f4-e238-4e93-bd17-c5e8d5ca69ab,S016,SKU0153,1,14.1,0.0,2026-08-29T13:33:39
e05b46c5-5636-4094-a974-31db09a9d1c1,S018,SKU0090,4,4.79,0.48,2026-08-29T21:22:03
98e52499-218c-4e1c-9e37-4f7ac42cbc39,S010,SKU0008,3,4.53,0.0,2026-08-29T03:17:27
2e4bebc4-2989-4880-a77d-1be96070b6a1,S008,SKU0166,4,2.42,0.48,2026-08-29T07:48:11
9feefdff-c566-4a81-b15e-54f6d4d30795,S014,SKU0132,2,14.04,0.0,2026-08-29T23:43:24
b89f72f3-2a60-4652-a714-7668cf1d7d3a,S005,SKU0166,1,17.5,0.0,2026-08-29T17:15:40
5d42b9e9-692e-47b6-8b2f-6d5c700b5d5f,S009,SKU0156,2,12.62,0.0,2026-08-29T08:08:49
f836f571-3cce-476c-b836-c448ad261ec5,S013,SKU0090,3,14.69,0.0,2026-08-29T15:25:49
c09cb506-48f1-496d-9c4f-fb4671b701aa,S017,SKU0160,4,6.16,0.62,2026-08-29T11:00:02
3be79df4-72ec-416e-88a7-23e9bfa016c2,S012,SKU0144,4,12.31,0.0,2026-08-29T18:37:25
f7315749-4f39-49a8-bd3a-258288b4f474,S016,SKU0017,5,12.77,0.0,2026-08-29T03:56:09
e76adca9-7811-4802-88cc-7cfecf01f944,S009,SKU0168,3,19.78,0.0,2026-08-29T10:04:51
ada58417-5e2a-432d-b1ab-0b56d5c9fdc7,S002,SKU0154,3,4.98,1.0,2026-08-29T08:44:56
70cafdd8-fc04-4f08-9207-0158f2771f63,S016,SKU0076,4,13.72,0.0,2026-08-29T00:55:36
c7332304-4822-4120-84f9-eccd7630a8a7,S002,SKU0150,3,18.28,1.83,2026-08-29T14:08:11
6b2d5b09-8707-4ad4-80be-7e3561c2645a,S018,SKU0164,5,16.6,0.0,2026-08-29T08:05:45
331f63fb-d11f-48c0-a97c-a4fff75d599f,S010,SKU0044,4,18.27,0.0,2026-08-29T18:28:14
df7d0dd7-236e-4608-9acb-394acd1f5318,S005,SKU0190,5,4.85,0.0,2026-08-29T17:08:26
7b07fd31-a424-4f23-8d5b-a7cd400035f0,S011,SKU0168,3,14.92,2.98,2026-08-29T06:39:55
ef2ddcc4-8df6-41da-9f07-c1a5dfc620ce,S014,SKU0085,1,5.61,0.0,2026-08-29T11:10:50
8412a335-d88c-456d-b61e-5fdb1a435206,S004,SKU0121,3,6.32,0.0,2026-08-29T16:53:06
1578d709-48f9-43d0-9fea-e1e0d9e604b3,S020,SKU0019,1,17.53,3.51,2026-08-29T21:07:42
73069588-45d5-468d-a90a-3abbc35b9fea,S013,SKU0136,4,17.95,3.59,2026-08-29T04:21:44
d4bf7a4b-25b8-442f-836b-15c7e7c225da,S007,SKU0088,3,9.14,0.0,2026-08-29T05:00:04
e916da57-f248-43ab-977a-8a5f6ffe33b3,S011,SKU0184,4,19.76,1.98,2026-08-29T05:12:52
e27718c5-737d-4fb6-9113-76e038d77b9a,S006,SKU0081,2,15.91,1.59,2026-08-29T12:06:38
6a36af18-06d3-4b93-ae33-688d597e6845,S006,SKU0148,1,1.59,0.0,2026-08-29T07:37:24
5fbbf0b1-8083-49c8-a57e-01c90da23e5c,S020,SKU0112,2,10.56,0.0,2026-08-29T04:42:41
14e4180c-fe99-46a3-a2db-c8503c5bf3a7,S001,SKU0010,4,8.96,0.9,2026-08-29T13:57:22
519554e3-0737-4c86-b97b-5f515ffa46ef,S011,SKU0194,5,5.19,0.0,2026-08-29T00:30:45
b6f6dbf1-d6d4-41cc-995d-82f8ee4a9b5d,S008,SKU0058,5,5.03,0.0,2026-08-29T22:49:01
25637cc3-ca97-4bf5-95d5-96afa663d2cd,S017,SKU0151,3,7.27,0.0,2026-08-29T13:57:52
eada79a3-4970-4d9a-89ce-3cfb2339ba19,S010,SKU0117,3,4.59,0.0,2026-08-29T10:51:25
d4c3a832-b231-460b-b8f2-ce6bd46b415d,S005,SKU0088,5,12.53,0.0,2026-08-29T15:47:21
781799ff-b49e-44cc-8243-69e72387eaf6,S013,SKU0005,4,8.15,0.0,2026-08-29T06:00:11
e7e646c7-0158-4463-9d87-76a072d78bdd,S001,SKU0151,2,5.65,0.0,2026-08-29T07:41:21
3735262d-4184-4b03-84dd-7054144823f7,S002,SKU0097,5,4.63,0.0,2026-08-29T23:41:07
f0b2a5d1-8c7e-4f42-a646-eaf9d5c0244d,S020,SKU0013,3,15.77,3.15,2026-08-29T01:46:08
6c5a6c93-871c-4884-9bdf-90f2ba2c0f19,S004,SKU0107,1,13.59,0.0,2026-08-29T01:45:22
3cd5fd7f-49c1-4669-86b3-3fe61c76bdf6,S016,SKU0180,4,8.53,1.71,2026-08-29T09:12:06
3d0a5f0c-0c39-4ec7-9f31-74054d183eba,S014,SKU0170,2,5.3,0.0,2026-08-29T10:57:47
9f708368-cb3c-48ca-a392-57316b79afcc,S020,SKU0180,1,13.76,0.0,2026-08-29T22:40:31
d6312a80-1c61-4ec2-9014-2131750565f5,S020,SKU0031,2,9.25,0.0,2026-08-29T18:37:34
893ad232-98c3-43ca-bff4-cec6e7b7b4c6,S007,SKU0156,3,3.61,0.0,2026-08-29T18:07:19
93364f7e-83ef-49f3-a1c7-cc8a04351b64,S012,SKU0181,2,15.89,3.18,2026-08-29T07:20:33
4a90cd0c-24c1-43b9-b7f2-85723defa849,S016,SKU0054,4,6.96,0.0,2026-08-29T19:57:25
5a5226e6-9d64-4932-8066-853d6de299a1,S003,SKU0029,4,7.62,0.0,2026-08-29T00:27:51
2ff3cde4-6aa4-4c9f-9217-04753d959e3f,S017,SKU0020,5,13.88,0.0,2026-08-29T03:16:47
8603156a-15ea-4bcf-ab10-21ceaa143cd8,S010,SKU0068,1,18.24,0.0,2026-08-29T16:37:47
f4124360-1153-4e99-9c50-8720f982f4e0,S010,SKU0093,4,2.43,0.0,2026-08-29T01:26:10
c9525185-81e0-4a5e-8b48-f49686abd4e7,S002,SKU0003,3,9.38,0.0,2026-08-29T03:27:31
0534a101-8ddc-4719-81f3-8dd4fd034ada,S012,SKU0113,2,13.77,0.0,2026-08-29T11:57:58
0b251279-785a-45d0-9f92-a62163f4c69d,S011,SKU0047,5,6.46,0.0,2026-08-29T13:34:00
5f90bed6-fb25-464d-a30a-a767a2bb522b,S013,SKU0177,1,8.91,0.89,2026-08-29T09:53:49
5b6a8102-0428-4378-bf50-23f440ef3935,S005,SKU0179,4,16.3,0.0,2026-08-29T04:06:58
3dba6da8-5844-49fc-914b-9547c9dc72b8,S014,SKU0152,1,19.66,0.0,2026-08-29T03:46:33
1a89b71e-a0d5-42c8-a837-fe68bba205ca,S020,SKU0098,4,16.34,1.63,2026-08-29T06:35:58
c1b5b5ca-bc35-46df-94f7-9dbac5811d2d,S016,SKU0029,3,12.81,0.0,2026-08-29T17:35:18
5a304528-0b59-4562-a227-219f551ff086,S011,SKU0004,4,9.65,0.0,2026-08-29T09:31:30
a48e40f1-d042-4dfa-96ab-087a8bc78e81,S008,SKU0172,5,15.7,3.14,2026-08-29T20:34:17
af475b49-c775-4395-9494-05f02cd2a404,S014,SKU0170,3,11.1,2.22,2026-08-29T03:28:03
7a8104de-b205-47bb-bb16-f75776f186ab,S018,SKU0157,2,10.42,1.04,2026-08-29T05:24:44
2285b2ef-cfbe-4fe9-aea9-c542a1b970d0,S016,SKU0127,1,1.72,0.0,2026-08-29T18:24:25
f1901b7e-c6b4-49ef-b74e-ba9310275b53,S008,SKU0085,2,2.89,0.29,2026-08-29T11:40:26
339b77a8-4b1f-4d7b-8977-c513752a7d25,S013,SKU0104,3,2.43,0.0,2026-08-29T20:02:34
e2c328aa-3310-4475-8a86-22250b36e356,S015,SKU0023,2,2.96,0.3,2026-08-29T20:51:48
4f612217-eef1-4694-90ca-e32d0aba590e,S001,SKU0027,4,9.77,0.0,2026-08-29T18:06:31
d0be73ee-fd37-4539-a5f2-02f983f02dc7,S001,SKU0024,4,9.13,1.83,2026-08-29T19:59:31
095ffa81-40d9-4bce-b930-ba208b040f49,S018,SKU0053,5,19.32,0.0,2026-08-29T18:30:28
493e904d-30ec-4796-a59b-457fc0d7ac73,S008,SKU0117,4,19.08,0.0,2026-08-29T01:58:33
0c3ce284-c7e5-4bbb-9cb5-1c535b62a8df,S016,SKU0184,3,11.86,2.37,2026-08-29T21:50:36
45f18619-54f9-4429-a7de-02ccdda4f4a7,S008,SKU0001,3,14.74,0.0,2026-08-29T03:32:51
6fdc0bad-5e36-4127-8ca1-b45c1fdd980a,S017,SKU0096,3,8.07,0.0,2026-08-29T19:56:26
7092947d-be49-49ec-a667-d3bbe3b56360,S005,SKU0184,1,2.35,0.0,2026-08-29T17:55:42
56cb1ab0-62fb-46d7-b4db-ca07e506f670,S007,SKU0031,4,3.48,0.7,2026-08-29T07:07:59
b12b6680-7f07-4cb9-afd3-40c0f945f2fd,S004,SKU0194,4,5.49,0.0,2026-08-29T12:18:13
cc1b4157-ec9f-4c54-9e0a-72ab7f5db163,S015,SKU0118,4,2.36,0.47,2026-08-29T04:29:10
15260718-cd18-4a82-8447-ceab84ef4324,S001,SKU0136,5,19.19,0.0,2026-08-29T18:09:42
6e3c4532-1434-4f62-acac-028cba220065,S016,SKU0131,1,11.73,1.17,2026-08-29T21:18:12
2e326567-d284-454e-bebe-c0db9a3a6103,S004,SKU0100,2,14.3,0.0,2026-08-29T04:40:27
1a43db54-523a-4993-8b34-46bc8ba435cc,S013,SKU0108,5,12.71,0.0,2026-08-29T18:21:14
4baf0f5e-a932-4094-93f2-8f11147f6570,S013,SKU0088,5,18.44,0.0,2026-08-29T09:57:40
b7b8c1a5-9a45-493d-b227-890e4e76833a,S014,SKU0155,3,9.88,0.0,2026-08-29T05:01:51
71a3fad2-b094-4d2a-aaa9-3b436d15f16f,S018,SKU0162,5,7.03,1.41,2026-08-29T11:25:44
ba108217-0ad7-49a2-b277-16ec59fefbbc,S012,SKU0173,2,5.22,1.04,2026-08-29T10:34:46
9d66e815-5a41-43b3-a95f-176cdebac186,S018,SKU0178,2,19.65,0.0,2026-08-29T18:20:46
a3b442bd-4649-4296-af58-42c3ff86cc31,S016,SKU0150,3,14.64,0.0,2026-08-29T20:28:19
0eaf04b5-f2a9-4c8a-8a9e-4a62fae3114b,S010,SKU0109,5,18.94,1.89,2026-08-29T19:26:19
67fd64c4-a334-458a-abd2-b5121335e5db,S005,SKU0014,1,11.17,0.0,2026-08-29T13:52:01
bff9507d-cd14-403e-8359-9af65d01f55f,S009,SKU0038,1,5.2,0.0,2026-08-29T10:26:07
07f8d4f0-f3ea-4184-a8f4-e3ceadedda80,S018,SKU0009,1,14.28,0.0,2026-08-29T07:25:38
ad973b67-9b89-45cb-9942-644c248d31ec,S018,SKU0058,3,16.56,0.0,2026-08-29T22:25:54
20509c62-08e8-45d7-b02c-1821c8040fb7,S002,SKU0098,5,8.69,1.74,2026-08-29T10:28:21
a52964ff-c74c-4890-bc6a-3174113634a5,S002,SKU0004,4,9.21,0.0,2026-08-29T20:06:08
f31046dc-6202-4ee6-9cb5-e69c5dc7b3e6,S012,SKU0194,3,5.26,0.53,2026-08-29T08:12:43
2747b93c-9ae7-4eab-884a-67809136f1f8,S007,SKU0076,5,11.61,2.32,2026-08-29T07:09:11
5ef787b8-f2e6-495f-b32e-2016add702c9,S006,SKU0189,4,4.78,0.0,2026-08-29T06:48:27
13aec376-c359-410a-b1a6-014c5f3c44dc,S009,SKU0143,5,3.71,0.0,2026-08-29T15:36:05
5df06e8c-878a-4ed9-a33f-fc8292ec89af,S001,SKU0085,3,3.91,0.78,2026-08-29T09:17:05
4758367b-a649-4cdc-907b-907265e58f34,S005,SKU0083,4,14.63,0.0,2026-08-29T01:27:15
06a241af-1d0a-47f7-b5e4-a4713fe68c9c,S016,SKU0147,5,2.44,0.49,2026-08-29T10:57:52
848af440-7fc1-4858-afa0-d842bc55300b,S008,SKU0048,5,8.12,0.0,2026-08-29T19:07:44
1e2595b8-8fc9-486b-a9dd-ebf563119aca,S014,SKU0140,5,2.76,0.55,2026-08-29T05:48:09
b43bd27f-42a2-49a6-8664-12854303cbc1,S007,SKU0170,5,8.96,0.0,2026-08-29T08:03:12
9ca3fbb3-ff11-48ba-b6ee-1640723ef466,S020,SKU0136,3,7.62,0.0,2026-08-29T07:57:12
ffa623d0-ea9e-4c8d-b1a8-b71f491b90e9,S012,SKU0115,4,19.94,0.0,2026-08-29T04:10:36
22bf18f5-1f65-4a87-b33e-e3447dbf4bc1,S008,SKU0011,2,18.23,3.65,2026-08-29T22:36:52
2c33350c-73b9-41d8-92f5-131ada52d2ee,S009,SKU0139,3,8.56,0.0,2026-08-29T14:02:57
ff4c96d6-71f2-4e8f-b69f-68c3e60fd420,S017,SKU0131,3,1.96,0.39,2026-08-29T13:39:06
f7b217c7-ae92-4a71-8f7d-cb431679742f,S007,SKU0083,4,10.51,0.0,2026-08-29T23:43:17
aaf78c67-51d0-4109-bc90-2838d8741408,S018,SKU0137,5,3.02,0.0,2026-08-29T06:05:40
8ccc9cea-109f-48ee-b5a4-720058f0dd23,S007,SKU0176,1,13.1,0.0,2026-08-29T22:55:11
4cc9f5f2-e42e-4037-8a55-2ea08acbbe09,S014,SKU0166,4,16.96,0.0,2026-08-29T19:34:44
b5a5f8e6-b639-4f04-a852-4385d9f2dd0d,S015,SKU0184,1,15.32,0.0,2026-08-29T00:51:53
2c913a7c-a340-4f08-b341-91b8ed6522b4,S006,SKU0065,3,2.2,0.0,2026-08-29T01:58:33
3967e60a-823d-4107-9c8a-c066cb2fafa3,S014,SKU0100,5,2.8,0.0,2026-08-29T09:25:01
cac4d0eb-3373-430e-bc31-a5971f119c0f,S001,SKU0100,4,13.16,1.32,2026-08-29T11:31:11
7e7838c9-ca55-438b-bc9a-be10238d6f44,S019,SKU0012,1,11.39,2.28,2026-08-29T02:18:08
9280c5aa-8dd4-495b-9c63-b6f306ba8cd3,S010,SKU0176,1,8.12,1.62,2026-08-29T03:51:51
fba6abf7-cdbc-4653-b7a7-e8b75e70f65f,S013,SKU0102,3,12.72,0.0,2026-08-29T15:56:07
e25df9a8-9ca8-45c4-a138-afe08d38bbd8,S005,SKU0192,1,10.27,2.05,2026-08-29T08:00:18
65edcfe3-4f2d-4d3f-90d4-de39161237c9,S005,SKU0077,4,16.24,3.25,2026-08-29T10:44:23
7a89cbeb-b807-478a-b788-f5d1ffe575f6,S018,SKU0037,3,19.21,0.0,2026-08-29T20:09:11
68d0a2a8-c4e7-47dd-a929-de738693fd9d,S013,SKU0138,1,2.27,0.45,2026-08-29T21:43:24
20156a72-12e1-43a6-932c-ae01d2c65ee4,S012,SKU0055,5,19.02,0.0,2026-08-29T07:38:52
12fc7a87-a470-4d48-9128-b9b1f8ede0ca,S006,SKU0048,4,18.25,3.65,2026-08-29T05:11:11
8471b4b0-ae1b-4f69-b740-d83173318749,S004,SKU0047,2,12.91,0.0,2026-08-29T07:04:30
d43cdd6d-e0c1-4f1e-a0da-897258321ee4,S018,SKU0019,5,17.27,3.45,2026-08-29T16:47:38
96792482-a3c9-48e4-8d22-38e6c7bf4fbc,S007,SKU0186,3,13.93,0.0,2026-08-29T03:34:31
21084dd9-f75d-4e3c-848d-56502e9522d6,S005,SKU0172,5,10.51,0.0,2026-08-29T13:00:10
de431e06-e924-4069-80bb-ae526ec01269,S007,SKU0082,2,3.35,0.67,2026-08-29T02:32:29
84a2576c-1fc9-45f8-94d6-07350e2f8958,S019,SKU0040,4,9.84,1.97,2026-08-29T11:07:45
2976aab2-2a26-4770-8ddb-1b36272c0588,S006,SKU0002,5,11.99,0.0,2026-08-29T15:35:39
39b86bb2-b596-4a7c-af4a-fa885299e505,S014,SKU0071,3,6.05,0.0,2026-08-29T23:19:55
84d67c4f-f0df-4684-b28e-41225894f7f1,S015,SKU0115,3,3.98,0.0,2026-08-29T17:28:28
143029a9-d88f-4c94-88b7-63d5e519dd7e,S004,SKU0045,3,15.83,1.58,2026-08-29T20:05:08
f4d375c1-a293-49fa-b240-d7a14027ab7d,S018,SKU0051,5,3.02,0.0,2026-08-29T05:05:50
a0017720-200b-4903-8642-6c458d03f17a,S001,SKU0130,3,15.07,0.0,2026-08-29T02:44:42
17eaec83-8892-442f-9d4b-2bf94d85e9c7,S019,SKU0055,1,16.53,3.31,2026-08-29T14:45:01
9780c215-2b2b-48e9-a417-c09380a8a23d,S016,SKU0168,1,11.7,2.34,2026-08-29T19:38:56
2bd3cdcd-2779-4685-94a5-3fdef10d27c8,S010,SKU0035,2,8.27,0.0,2026-08-29T21:28:00
e6e987ca-b87b-4384-9fdd-de2ea8a2b7ad,S012,SKU0129,4,10.77,0.0,2026-08-29T14:26:47
ec86a890-d7b0-4bdc-966e-3cbe9aea622f,S017,SKU0036,1,13.76,2.75,2026-08-29T06:02:17
dd20c3bf-d342-4f08-8a8b-b5b490494583,S005,SKU0189,4,4.45,0.89,2026-08-29T20:36:02
f2d3f761-0ba3-4279-94cb-056407437c3b,S016,SKU0060,4,18.87,0.0,2026-08-29T07:58:01
43c07d43-93a7-4792-8561-b8dca4364fcd,S007,SKU0133,1,6.39,0.0,2026-08-29T01:33:30
92779574-c457-4cc3-b5f7-89bca6b07458,S002,SKU0167,3,8.68,0.87,2026-08-29T01:41:26
07c0d116-a394-4d54-9e3c-5a886aa56e6d,S009,SKU0190,3,3.41,0.68,2026-08-29T23:04:02
8baaf744-a08d-421b-a395-4cb17f7f6c0a,S013,SKU0168,3,12.2,2.44,2026-08-29T06:19:46
4d560a3d-f4e7-469a-a454-09374a27ebf2,S009,SKU0097,4,8.26,0.0,2026-08-29T18:48:40
ceae71cf-ce00-4af0-beb0-51817ba24588,S016,SKU0124,2,11.05,0.0,2026-08-29T12:33:44
741b77f5-4c24-4053-a7f5-ae02af5b8f47,S006,SKU0059,5,1.62,0.0,2026-08-29T16:00:58
2877f5d9-0f56-45f8-b048-faa112ae5c22,S005,SKU0048,1,11.02,0.0,2026-08-29T07:42:03
76e5ae78-7bf7-41d3-aa66-2fce7089fc6d,S014,SKU0085,2,8.2,0.0,2026-08-29T08:23:11
24c778a5-9b4e-464b-9716-dc2e343ada2a,S007,SKU0152,1,10.41,1.04,2026-08-29T17:26:26
51beb80e-b7e6-414c-9c8a-49225005680f,S008,SKU0012,2,13.47,1.35,2026-08-29T00:49:02
586a346a-dc5b-47d1-bcef-1972bbf483ce,S017,SKU0011,2,12.11,0.0,2026-08-29T04:54:18
c2baf0e0-2179-43f0-a612-4ab4f9b21e6e,S006,SKU0133,5,4.22,0.0,2026-08-29T09:24:10
1b2ededb-8fc8-4fc0-83d5-bceb5edbb8ee,S001,SKU0185,4,12.59,2.52,2026-08-29T23:12:54
1f5d988f-776a-4f09-bde2-885951b1943c,S020,SKU0121,3,19.02,0.0,2026-08-29T16:21:17
24108e9a-3f77-4cae-b318-b96d44790612,S005,SKU0150,4,4.66,0.47,2026-08-29T21:52:33
f204be89-4a4b-4563-8cf4-77ef18c8a616,S006,SKU0186,2,13.03,2.61,2026-08-29T09:37:51
6b0ae0e3-9d89-4047-9d39-d7936257a4a2,S003,SKU0059,3,18.56,3.71,2026-08-29T21:30:10
e6fdd7af-dd84-4acc-b672-94643f8ea40a,S007,SKU0134,4,8.63,0.0,2026-08-29T00:36:10
ef0a573d-53d2-456d-9040-158728e213bc,S004,SKU0046,5,14.16,0.0,2026-08-29T22:02:45
3098f7b2-500e-45c0-b89b-df7f93e34c35,S018,SKU0129,4,18.18,3.64,2026-08-29T01:25:16
fef7d9ea-7f8e-4483-a8ca-aa1dc35bec2c,S018,SKU0001,1,3.22,0.0,2026-08-29T21:58:18
e10b1a47-7fae-4748-b781-321e83c501cb,S017,SKU0110,4,11.16,0.0,2026-08-29T01:34:53
170d7507-05ee-41d4-bf53-a88e4efc8248,S012,SKU0151,2,18.86,1.89,2026-08-29T13:52:49
750d112e-8164-4eec-a4ab-851bf1fac6e7,S016,SKU0197,5,3.31,0.0,2026-08-29T09:16:00
95560a2d-3713-4466-bda0-6476f778c676,S020,SKU0140,2,18.34,0.0,2026-08-29T10:18:48
4806f804-0cf0-474c-8c74-dc0f5a575539,S019,SKU0134,4,6.27,0.0,2026-08-29T00:15:32
d7c4fe9c-e1e0-4ffc-98f6-fd7f7eb162f1,S007,SKU0177,1,11.12,1.11,2026-08-29T23:49:52
4926ce5f-7878-4140-ac2a-4f71a77d95f1,S014,SKU0167,3,9.06,0.0,2026-08-29T05:38:07
1b84edc3-d8e0-49de-8217-ea0e896490ab,S019,SKU0094,5,6.19,1.24,2026-08-29T15:25:17
43b47ee5-e1e8-4e7e-a249-8f666e51484d,S014,SKU0142,5,6.6,0.66,2026-08-29T07:24:58
673ba8bd-c38c-4dec-9da3-9a73ba3df7ff,S018,SKU0124,5,10.43,0.0,2026-08-29T20:21:21
0d18ab95-668c-4477-8b95-017c5dae1201,S013,SKU0189,3,19.79,3.96,2026-08-29T12:32:15
5cce5ba9-31d4-4e09-8fd3-3afc91fdfa4f,S015,SKU0180,2,17.32,0.0,2026-08-29T08:21:56
62e7c1a6-12d2-4a06-89e1-cd138da00495,S011,SKU0141,2,3.36,0.67,2026-08-29T14:35:02
8cc36f3b-c3af-4cfe-b34a-6ca38116e3fc,S013,SKU0163,5,14.4,0.0,2026-08-29T05:51:08
9f8cc29f-fd35-4c5f-9347-9a3b479bc637,S020,SKU0112,1,16.38,0.0,2026-08-29T17:10:22
20f0156a-1e6a-4628-9c6d-52d5ae2e9af9,S003,SKU0156,1,2.69,0.0,2026-08-29T13:30:06
5f89ed12-64d6-4fbf-98c0-1e2bf99f0704,S017,SKU0074,1,14.9,1.49,2026-08-29T22:21:13
8ece1128-56ce-4b42-bc9e-1dcbcb7e6268,S016,SKU0113,5,2.56,0.0,2026-08-29T23:18:44
24eeb4a6-c145-45c7-9d98-6115f05eeefe,S007,SKU0009,1,5.23,1.05,2026-08-29T10:24:47
66c14dca-8255-4a61-9a3b-031932f57510,S006,SKU0173,5,10.95,0.0,2026-08-29T22:23:54
09f64405-0b99-4034-8a4e-255280051b10,S003,SKU0071,1,8.16,0.0,2026-08-29T05:43:56
cdd0b4d4-5542-47de-b6ad-f48b2314d0c8,S019,SKU0052,4,8.03,0.8,2026-08-29T14:45:43
2620f9a9-74fd-43d1-84f2-fd0f79474bfa,S018,SKU0073,5,1.78,0.0,2026-08-29T03:16:58
23c8afdb-83f8-4f16-a4a4-474c9b33e3a4,S009,SKU0058,5,18.43,0.0,2026-08-29T12:39:04
518b2f21-9cf2-4859-ae6e-2e7253f591dc,S019,SKU0002,5,19.32,1.93,2026-08-29T14:42:27
9dd2f9de-fd98-4e33-a498-abe92999bbef,S018,SKU0019,3,4.74,0.95,2026-08-29T03:52:34
97fe56c5-4c9a-4f24-97b4-c294bd44089d,S009,SKU0138,5,6.94,0.0,2026-08-29T18:41:17
827c9f8c-d40a-45e9-81df-6517561c9210,S019,SKU0124,5,6.13,0.61,2026-08-29T13:43:44
901bcdef-b56f-48ce-bd66-971e88476c56,S019,SKU0008,2,15.51,1.55,2026-08-29T16:46:27
044251db-d0d4-4a67-b992-8faa4cbf131d,S008,SKU0174,4,3.65,0.0,2026-08-29T13:55:57
1c0f0bdc-ac7e-437c-94cc-1e2a5e4cb287,S017,SKU0138,2,16.3,1.63,2026-08-29T12:51:21
4ec3f970-956d-40e4-aaa2-6216fada98f5,S010,SKU0024,1,14.47,0.0,2026-08-29T09:02:19
df41e335-b9ae-48e4-a615-99c8cbf81f86,S018,SKU0046,4,13.96,0.0,2026-08-29T02:46:05
98cf1188-06d2-4913-a117-3719b023a0ea,S009,SKU0047,4,7.31,0.0,2026-08-29T20:53:17
a7d4cf50-f791-41e5-83f9-cd6b797ebe87,S008,SKU0068,2,10.73,0.0,2026-08-29T08:33:03
9416e4dc-c6b2-4def-b8d8-b7f1c86c6544,S012,SKU0040,2,5.74,0.0,2026-08-29T22:31:20
0d259caa-b8ad-4d87-ba40-45dd93dfd907,S020,SKU0002,1,3.72,0.0,2026-08-29T17:56:14
86341718-2ba6-4db3-bafe-b1149561c813,S020,SKU0081,5,19.22,1.92,2026-08-29T13:30:53
c64c9647-9ea7-417c-b89f-7039a107cc46,S016,SKU0047,4,18.12,3.62,2026-08-29T10:00:09
d25864f2-25d4-40fc-a154-2765d756ba9c,S005,SKU0014,5,6.68,0.0,2026-08-29T20:59:44
9293f705-0815-4147-be00-980eae441e21,S002,SKU0129,5,16.29,1.63,2026-08-29T19:41:19
30d73df7-1c22-4cea-b355-56a5f2bd92f2,S004,SKU0179,3,8.78,0.0,2026-08-29T16:38:45
6b352f85-504e-4687-b0e7-e75604d9145e,S007,SKU0098,5,10.01,0.0,2026-08-29T00:25:49
34323ec6-b0c4-401c-a9b7-c0fa26c432f6,S009,SKU0048,5,3.36,0.0,2026-08-29T22:18:38
9c89d374-c664-45a7-8077-3e33690e7e62,S020,SKU0088,5,6.36,0.0,2026-08-29T17:09:40
d92f3c1e-df70-4b2a-b8bb-22a5eba742d2,S014,SKU0180,3,4.9,0.49,2026-08-29T07:39:54
b4adaf89-0ff1-4a9f-ba37-0623bc5fd4dd,S015,SKU0047,3,8.25,0.83,2026-08-29T10:10:51
8f964685-3514-4890-84c8-6c4623595fa4,S004,SKU0185,5,3.93,0.79,2026-08-29T08:19:18
7a768555-a987-4218-bf84-faef5336723b,S013,SKU0051,3,16.38,3.28,2026-08-29T15:44:11
f4e95734-5052-4700-a077-96a38685abaa,S001,SKU0046,2,16.3,0.0,2026-08-29T17:13:15
887b03e5-e980-4808-b5ac-824c2c55aef7,S011,SKU0125,4,10.74,2.15,2026-08-29T19:26:30
ad05b912-5ab2-4d4a-8bd8-8fcd57a2be4e,S013,SKU0026,3,6.14,1.23,2026-08-29T01:44:13
ae455cc6-b88e-430f-9e1e-994ac5a11f5c,S004,SKU0116,2,2.61,0.0,2026-08-29T17:21:00
43ad3d62-b17c-4b21-8dbc-2c1ca4afe7bd,S018,SKU0066,3,6.31,0.0,2026-08-29T20:24:06
f5141058-3138-4975-bbf3-3a349c2dfa97,S020,SKU0051,3,1.87,0.0,2026-08-29T12:46:58
4c6a70f4-8ede-444d-876c-f68c3f1be0d0,S010,SKU0091,5,12.15,2.43,2026-08-29T06:21:17
fb756923-f910-4bb3-b105-32523990e2c9,S003,SKU0098,3,13.95,1.4,2026-08-29T16:16:20
b4746349-49fc-4cd8-856b-ad4c4c3077c4,S011,SKU0108,5,6.8,0.0,2026-08-29T06:06:04
7d2f4e58-b47a-4c5b-b0b3-901535102852,S006,SKU0088,5,12.08,0.0,2026-08-29T02:52:49
8f7c1d59-594b-4a3a-bad4-65a15129950d,S020,SKU0166,2,7.3,0.0,2026-08-29T09:44:18
b8beff3d-cb9f-4f6d-af3a-6f27ef06fccb,S019,SKU0134,4,6.52,0.65,2026-08-29T13:13:20
92cf6021-1f33-442d-89ac-908746015028,S005,SKU0187,4,9.16,0.0,2026-08-29T00:50:27
e5508ea2-6133-434d-8b0e-8eb1ad371d9e,S006,SKU0102,2,13.75,0.0,2026-08-29T07:40:00
585abefb-d181-4f77-a500-1423faebcd19,S002,SKU0007,1,3.27,0.33,2026-08-29T19:58:04
257f7595-cdfb-4db9-85e7-8b23f4613f09,S009,SKU0159,4,11.19,0.0,2026-08-29T03:47:02
f48f709c-49a2-4441-8ac4-de854a5b1aff,S008,SKU0064,2,3.06,0.31,2026-08-29T11:15:49
ec8be537-58ab-4778-943b-45e3b6d1f6bb,S017,SKU0044,3,9.7,0.0,2026-08-29T04:46:46
bf519362-41a6-4fed-a7ed-c8d8713f8f8c,S016,SKU0120,1,2.15,0.0,2026-08-29T11:50:24
d3f4a49b-33ba-4a88-b6c7-d6fa7aa4f052,S005,SKU0179,5,18.79,3.76,2026-08-29T16:11:46
8fe069b6-eeda-4802-8568-f42689e03e22,S019,SKU0112,5,4.78,0.96,2026-08-29T16:37:20
1bf645f6-2324-4211-8588-fc1bb2384849,S012,SKU0124,5,13.34,2.67,2026-08-29T11:16:27
3d4196fe-963a-4617-bdab-07e79d9d028e,S010,SKU0094,5,5.7,0.0,2026-08-29T16:05:15
e7ba26ac-ab7a-4d1c-8cfe-f6833e11bafe,S001,SKU0134,4,6.31,0.0,2026-08-29T00:23:03
3b9b2d45-a350-45e4-b9c5-9df987f255d6,S001,SKU0177,2,7.86,0.79,2026-08-29T19:28:56
548e1f6b-69ce-4e4e-99a6-92c90d700ea4,S001,SKU0197,4,19.02,1.9,2026-08-29T10:54:30
ae62990c-19bd-4f93-b8ef-7666b7a4c719,S001,SKU0141,4,16.26,3.25,2026-08-29T08:25:05
f6eab3a0-0153-4221-a331-0a28c550eca8,S013,SKU0064,3,4.99,1.0,2026-08-29T15:54:52
286ed390-edd9-4a1a-ba58-5b278ce3e7c3,S008,SKU0068,2,14.73,1.47,2026-08-29T13:46:32
e1721c83-ef5e-4376-a723-fb72682b163a,S020,SKU0178,1,9.31,0.0,2026-08-29T18:48:33
a689b424-7a3a-40e1-b9c7-73a0e0decc3d,S014,SKU0049,3,6.77,1.35,2026-08-29T09:47:15
4988e418-f6c3-4218-8183-6315330f8be1,S015,SKU0159,1,4.87,0.0,2026-08-29T04:01:04
0f25477d-a559-40e7-8910-fade52380bf2,S007,SKU0083,4,6.53,1.31,2026-08-29T17:54:46
a6fd0cb1-16e6-45c0-84cb-294fe86e8e63,S006,SKU0027,1,4.31,0.86,2026-08-29T00:48:20
bd1a8f4b-88ff-4d40-bb72-c86d92fa675f,S008,SKU0024,3,6.48,0.65,2026-08-29T00:17:55
098c60b3-efc9-409e-99af-6e09b91e3d6e,S014,SKU0080,2,1.77,0.0,2026-08-29T12:26:55
6afa828c-2cd1-4b9f-abe5-841fe9c96c52,S011,SKU0021,4,19.96,2.0,2026-08-29T01:09:19
ef158d5b-2d00-4d05-966d-4627e1dace6a,S018,SKU0121,2,2.54,0.25,2026-08-29T02:35:56
d61169a1-ff46-46bf-894d-916deb6d2fed,S001,SKU0032,2,5.06,0.0,2026-08-29T13:53:34
2fb21e66-7ed1-4aab-89b7-c9bc65a16fa9,S002,SKU0051,2,8.62,0.86,2026-08-29T08:59:56
df4e713e-f64e-4dfc-bfbe-ac7aefc59738,S007,SKU0122,4,15.1,0.0,2026-08-29T18:58:26
0997623a-e072-4d96-8a1a-81f5ed10f004,S006,SKU0162,4,14.11,0.0,2026-08-29T11:45:44
9a4ffc0c-9165-42ed-8c63-6e95025f5543,S004,SKU0065,1,15.28,3.06,2026-08-29T18:57:58
55c551fc-fba5-4cc8-adaf-37661b780ede,S002,SKU0171,4,13.31,0.0,2026-08-29T13:07:21
a42d0cd7-fd35-4f6a-b450-388748d90846,S014,SKU0084,2,19.51,0.0,2026-08-29T23:02:36
e3a68a70-7e71-4b55-8639-bd418b15bd94,S004,SKU0102,1,4.6,0.0,2026-08-29T21:17:17
811414f8-d9df-4d0e-a25a-ed6cf0458043,S016,SKU0177,2,1.67,0.0,2026-08-29T21:09:22
cf0e6d2b-315c-467a-85d8-a6ad77d0359e,S006,SKU0128,5,4.37,0.0,2026-08-29T09:03:20
bb2aa146-2999-494c-94a7-b69b1cd66b09,S002,SKU0016,1,14.19,0.0,2026-08-29T22:45:37
b7f60cdf-41dc-4c60-a5f6-0735757b6b29,S005,SKU0125,3,13.42,2.68,2026-08-29T03:54:36
564cfbd2-bc92-4d81-839b-058c2faabe0b,S012,SKU0113,2,7.36,1.47,2026-08-29T23:28:15
aca58d95-915a-4c30-8b86-b5a1ca6fbff8,S005,SKU0065,2,1.9,0.19,2026-08-29T13:02:25
9c678393-2ced-4c0d-b173-04b5c1dd484a,S010,SKU0139,1,10.48,1.05,2026-08-29T20:21:12
67ce378f-e5a4-483b-a383-889adb2c6ac8,S012,SKU0083,4,5.01,0.0,2026-08-29T19:47:33
53f30073-83e9-4ef4-ad7d-f5d0d3b59af7,S006,SKU0018,4,6.59,1.32,2026-08-29T20:11:22
186b2880-ab54-4a15-a69d-01ff1634725b,S018,SKU0094,5,4.37,0.0,2026-08-29T09:35:17
7a3a6e96-23ff-43d3-bb4f-b88a2f4dd219,S006,SKU0005,4,1.51,0.3,2026-08-29T13:48:01
01bf9e73-3f80-4385-af92-40b652d78f10,S011,SKU0185,5,17.35,3.47,2026-08-29T08:41:38
725d4259-3c4b-4eec-a231-ee7342c2d2eb,S007,SKU0135,1,13.68,2.74,2026-08-29T14:06:29
546252e7-f43b-4052-8459-bd6ec0f63229,S010,SKU0083,4,15.67,0.0,2026-08-29T22:19:12
92a81713-b90e-444b-951c-25d54d4c5280,S017,SKU0169,4,13.36,0.0,2026-08-29T03:30:16
5c0b9b10-a757-4b10-82f5-25b902ed73ce,S002,SKU0052,1,2.31,0.0,2026-08-29T06:30:14
aaf407f7-0fe7-4149-bc7e-5368b1594847,S019,SKU0165,1,10.48,0.0,2026-08-29T01:09:30
28e333b6-4e8a-4c4b-b724-20411e43fbd2,S019,SKU0066,4,13.67,2.73,2026-08-29T22:43:05
ec50ace4-80a5-4e65-afa2-855967c96204,S001,SKU0054,1,8.28,1.66,2026-08-29T02:34:49
c5144d98-b41c-404f-a346-f415e5267a2b,S002,SKU0093,4,18.68,0.0,2026-08-29T17:02:29
a38295d3-1e0e-4546-b0b6-dedf4f9c4027,S002,SKU0158,5,15.25,1.53,2026-08-29T13:26:14
5e175b66-4b87-459f-b0cd-7f05ea87855e,S003,SKU0056,3,11.29,0.0,2026-08-29T11:03:53
f5159494-3818-4fd3-b889-936a9d5817e8,S013,SKU0049,5,3.3,0.0,2026-08-29T19:21:25
74797b61-2737-4b52-ba6a-210722319050,S006,SKU0143,2,11.23,0.0,2026-08-29T20:45:14
5fa5e0aa-9b11-4530-bd24-7c11bf6b8cdf,S019,SKU0092,5,9.18,0.0,2026-08-29T23:15:05
e9ad0e9b-8c9a-41e9-b3b2-63376a74dbb7,S006,SKU0047,4,14.5,1.45,2026-08-29T03:47:24
cd4f8b2b-899a-4252-81e1-b94a78883058,S006,SKU0137,5,8.93,0.0,2026-08-29T23:56:24
c3093b6e-37e9-42e2-935a-c07aaa0217d0,S018,SKU0084,5,9.7,0.0,2026-08-29T11:28:27
98874bfe-c136-4c65-ae2a-e3413f59e4f2,S020,SKU0062,3,9.13,0.91,2026-08-29T11:46:35
86879aa9-14f5-43d0-8991-2032df85c777,S009,SKU0093,5,11.59,1.16,2026-08-29T20:02:00
5c9deee0-b42a-4456-8736-5a84725e134d,S002,SKU0073,4,9.78,0.98,2026-08-29T00:00:25
1cb9b73a-906d-4c8c-aad0-8c8913fe8a29,S001,SKU0077,5,1.8,0.0,2026-08-29T10:59:22
e723ada3-8c32-4db2-942a-895e0fcf601f,S009,SKU0142,2,5.47,0.0,2026-08-29T00:47:24
89628f6e-929c-43b3-b3c0-8bf18167999f,S004,SKU0010,5,11.79,2.36,2026-08-29T05:37:58
dabf984e-53ff-4461-aa1f-1b61265cb9d9,S012,SKU0150,4,8.08,0.0,2026-08-29T09:38:52
ae27d432-1dc1-47eb-b11c-767385351a69,S019,SKU0103,2,5.81,0.0,2026-08-29T03:20:46
7d23d479-9549-4a82-b787-ef8d3495311e,S016,SKU0045,5,18.48,0.0,2026-08-29T11:49:18
720b274b-82a7-4586-a61d-9cde1747f387,S020,SKU0165,4,16.78,3.36,2026-08-29T03:28:19
21c71aa3-7414-43b5-8e3e-25f2cf0671c7,S003,SKU0200,3,2.19,0.44,2026-08-29T13:53:30
905c7bdd-74f0-4eae-aa59-43ce836435e3,S014,SKU0107,1,18.55,0.0,2026-08-29T12:40:03
ac3a812f-765e-4cb5-8f0d-55400ec7d662,S020,SKU0003,1,17.59,0.0,2026-08-29T23:46:01
0592bfa5-b928-423f-8ee4-334ece920136,S011,SKU0139,4,2.5,0.5,2026-08-29T01:29:57
00c59f30-d103-4424-8124-1bb4655ce508,S005,SKU0013,5,4.27,0.85,2026-08-29T08:02:20
12b2102d-940c-4503-b7c8-6152beed0af9,S017,SKU0024,4,19.46,3.89,2026-08-29T20:56:39
b34c6c73-5833-4b30-ac77-6e950b981ccd,S005,SKU0087,2,9.49,0.95,2026-08-29T05:23:20
0f6ce9bf-fe7e-4362-8a89-b0f0105291d3,S013,SKU0068,1,10.3,0.0,2026-08-29T19:57:27
fc737d92-11ab-4d11-a4eb-8000ef40d162,S005,SKU0124,1,8.87,0.89,2026-08-29T04:44:48
497ec6d1-081f-46dc-b8d9-a88aef0bea4f,S019,SKU0051,5,5.17,0.52,2026-08-29T23:44:51
22ab7752-c4db-4a62-ae13-418d68ab80ea,S008,SKU0019,5,12.9,2.58,2026-08-29T08:57:55
bab2b77d-fa74-4cc8-a43a-fb7ac40d4874,S003,SKU0029,3,15.87,0.0,2026-08-29T20:58:19
5fdcabbf-6b9c-471c-b6ba-745ba55871e3,S011,SKU0089,4,9.34,0.0,2026-08-29T06:56:07
72d35458-61ea-4f30-a42e-707afe2bd987,S012,SKU0158,5,13.63,0.0,2026-08-29T06:09:44
60a399d4-e821-4716-aac8-0da1de9f6f5b,S008,SKU0052,4,13.03,1.3,2026-08-29T01:38:02
f6d22a7b-aec7-4a82-948b-4376602a4e57,S002,SKU0063,3,4.39,0.0,2026-08-29T04:05:28
220b9ea9-8a0f-4508-9fe2-c0a0a96b3c42,S011,SKU0178,5,18.64,0.0,2026-08-29T00:30:00
1e5ebe54-5907-4299-9c3b-bdd8a74e02a9,S011,SKU0054,1,7.14,0.71,2026-08-29T00:49:41
649f7d88-8989-45ab-be2b-34d82db0728d,S009,SKU0141,5,5.42,1.08,2026-08-29T19:03:05
fa8dae42-ba54-4920-a099-d18087623997,S013,SKU0150,4,13.03,0.0,2026-08-29T00:40:10
c194f97f-00e3-4026-95b6-de85390239d9,S010,SKU0052,5,2.3,0.0,2026-08-29T02:11:18
76876c62-4c61-445e-ba7e-5d9405d1fb63,S001,SKU0018,5,6.52,0.65,2026-08-29T23:50:20
6c93a791-8b60-4511-b816-8aebac6a7c85,S001,SKU0075,4,13.72,0.0,2026-08-29T03:55:41
3acb43a3-d2c7-4ffb-a118-433b882ccd1e,S004,SKU0081,4,5.78,0.58,2026-08-29T18:30:55
27b608dc-589d-4cb0-b5eb-89c23f5cf2f3,S006,SKU0051,4,17.54,3.51,2026-08-29T03:12:17
e00da49d-effa-4002-b040-413c4690fb15,S002,SKU0064,5,19.39,3.88,2026-08-29T00:46:56
083f64c3-1ce3-42f8-83f7-25feb99b2b5a,S006,SKU0005,5,7.14,0.71,2026-08-29T14:19:23
9d6b9b62-6b53-4a19-a902-b73fcf39f648,S010,SKU0061,3,14.16,0.0,2026-08-29T22:45:50
e39836bb-e23d-4faa-afad-49e9c41c147e,S009,SKU0100,5,6.6,0.0,2026-08-29T22:47:03
1139fa12-34c1-43ea-bd9c-4e6404015ced,S005,SKU0088,1,18.97,0.0,2026-08-29T08:12:47
7249f62c-0898-4462-980c-b95c19d45deb,S017,SKU0174,4,13.65,0.0,2026-08-29T13:54:56
df495037-b40a-4181-ac09-bdb799086e47,S008,SKU0147,5,17.64,0.0,2026-08-29T15:11:40
0b531932-bd94-49aa-bea6-e5b20c760d28,S011,SKU0115,2,9.39,0.0,2026-08-29T22:02:26
8a2db2e6-3bfd-48a6-b05f-ddf566fadca0,S018,SKU0176,5,3.94,0.0,2026-08-29T21:09:16
c6ac1b04-dd1d-4cd1-811f-6bf5379ef467,S005,SKU0111,2,17.46,0.0,2026-08-29T19:04:16
fe54ee4b-80ff-4173-a3df-ecd70e731dd7,S011,SKU0018,2,13.64,2.73,2026-08-29T05:45:15
ea98fef8-d0d7-4e37-bbf2-025f4a0d2b73,S011,SKU0038,5,11.36,0.0,2026-08-29T06:42:14
93d563ae-51a3-4c26-937b-f79bbb44badc,S010,SKU0114,1,15.66,1.57,2026-08-29T14:58:23
d18183d1-ac2b-4cfc-85c5-1060991121e7,S005,SKU0048,3,4.31,0.0,2026-08-29T03:53:14
e0527739-4d40-4f1b-bca5-be2952171bf3,S009,SKU0156,1,15.61,3.12,2026-08-29T22:27:44
8570b59f-a903-4e67-bc56-8b5324acb722,S008,SKU0176,5,12.83,2.57,2026-08-29T08:27:12
46707cd6-4ced-4164-a9df-14e9389641dd,S017,SKU0155,1,8.15,0.82,2026-08-29T04:52:55
97777f10-f2d2-493f-8e85-140d0f9aeb70,S013,SKU0126,4,14.67,0.0,2026-08-29T06:41:54
2cd58759-e95d-4761-bc36-dc59e134edfc,S002,SKU0105,4,4.04,0.0,2026-08-29T08:14:18
8e4c3ab5-6d5d-4477-adc2-9178a0411612,S007,SKU0194,1,18.62,1.86,2026-08-29T08:06:10
582b91ee-f8e8-435b-8c00-988a7ee1011a,S016,SKU0177,2,2.72,0.27,2026-08-29T22:27:59
61935990-abdd-4a8f-a4b0-5c89f10bce9c,S013,SKU0199,3,17.54,0.0,2026-08-29T15:34:00
b2414482-5198-44d8-8643-3603c92a7d7c,S013,SKU0157,1,12.75,1.28,2026-08-29T11:23:32
4cc57e0d-2633-4018-a883-ac6e6a944054,S002,SKU0134,5,12.49,2.5,2026-08-29T23:21:08
89b5aab0-c121-49db-af12-b150605fb1eb,S017,SKU0138,1,9.85,0.0,2026-08-29T08:56:47
39b02e2a-d96e-484f-bdb0-174e7938878a,S013,SKU0133,4,19.7,0.0,2026-08-29T20:18:18
24f43c62-b523-40de-9b87-d29c4cfd0fc1,S010,SKU0199,1,5.01,0.5,2026-08-29T14:29:31
0ec0713d-ea2c-4a51-b688-d11fce4758be,S020,SKU0014,3,10.03,1.0,2026-08-29T10:43:10
6aa0426d-f7c0-45f7-a9a5-3b4f8ff8869d,S015,SKU0024,5,18.22,1.82,2026-08-29T23:31:25
636f6e5c-2253-4706-87ad-8b268eaa5841,S005,SKU0101,5,3.59,0.72,2026-08-29T19:53:38
548c1d84-340d-4049-8147-65063e2bf9c9,S015,SKU0152,4,7.48,0.0,2026-08-29T06:30:45
73253aa3-ec17-4298-943d-f5b3a58e83dd,S011,SKU0178,2,17.83,0.0,2026-08-29T09:06:18
891f6912-17ab-4863-9efe-ef4fd8ddbbc0,S004,SKU0181,2,14.79,0.0,2026-08-29T03:19:12
0d31812e-30c3-4756-9453-f867b97e6224,S013,SKU0187,4,13.23,0.0,2026-08-29T19:04:17
9adf4709-ac75-4344-a08e-149e44b9e602,S018,SKU0098,5,12.82,0.0,2026-08-29T13:47:14
12a1fe7d-dfa5-4722-8a1f-c9df9a591974,S005,SKU0042,1,15.71,0.0,2026-08-29T20:35:20
966be275-c2fe-4954-8dfd-9531302b7831,S010,SKU0080,2,4.81,0.0,2026-08-29T15:16:35
378e6510-8f10-433e-abe4-2e7db96c1163,S005,SKU0052,4,6.84,0.0,2026-08-29T04:16:48
e8334da5-de95-4695-b579-c1437ab99428,S015,SKU0128,1,13.02,0.0,2026-08-29T00:26:40
e8b3d763-f4ff-4f3a-8d9d-baeb553d2625,S016,SKU0061,4,11.55,0.0,2026-08-29T22:08:09
30a5648e-efe9-43d0-b639-08bf03ece8ff,S014,SKU0114,2,12.39,1.24,2026-08-29T16:31:12
bf337a15-1e08-4f20-bdd1-51b0f64ab6ec,S018,SKU0072,1,12.62,0.0,2026-08-29T08:54:35
ea18d32c-7a9a-4ef5-811b-d1c4ffe3f366,S006,SKU0038,5,13.13,0.0,2026-08-29T01:46:51
b42a2d93-9aba-4f15-b214-90623e1a963e,S002,SKU0171,1,13.59,0.0,2026-08-29T05:17:34
3d44cb2c-ea45-4a41-a589-ada1345af934,S003,SKU0013,5,17.0,0.0,2026-08-29T12:03:19
48769153-c688-43fe-9255-5c758d55119e,S010,SKU0157,1,9.21,0.0,2026-08-29T05:52:26
a6129a1c-889d-4b76-b75c-30b561730c48,S015,SKU0192,5,12.09,2.42,2026-08-29T06:27:34
5c11ab6d-42f5-43f5-8ef4-c34d5bf86f3c,S010,SKU0083,5,8.16,0.0,2026-08-29T03:23:26
774c0afa-7f4d-408c-a1ff-f6c08347f1da,S018,SKU0017,3,18.1,0.0,2026-08-29T15:33:30
b8f0188e-fb37-4fae-8d85-63ca193e638d,S011,SKU0135,3,10.21,0.0,2026-08-29T09:59:28
51facefa-d6f8-4f7a-82fa-1da878308631,S002,SKU0028,4,11.21,0.0,2026-08-29T22:17:03
501ba851-5ee6-4495-b400-29c3ea11905b,S016,SKU0186,5,15.0,3.0,2026-08-29T03:11:31
dd34aa18-9001-4ed4-8bb4-01e769f753f1,S020,SKU0082,5,18.78,0.0,2026-08-29T15:32:54
0426fcc9-255b-40e2-bdc2-b74b38a56b49,S005,SKU0158,3,11.22,2.24,2026-08-29T12:53:00
95831d58-ef4c-4119-8da5-d39b42c21797,S006,SKU0157,5,10.68,1.07,2026-08-29T17:55:53
4b91b8cb-6ae6-4582-b852-b3cd9442b5e6,S004,SKU0007,2,14.61,0.0,2026-08-29T00:03:27
3ae28023-5472-4d2d-b239-9ffb27046f25,S020,SKU0107,4,13.07,0.0,2026-08-29T07:32:55
3ee82983-d557-4241-91dd-b9bf613d2de9,S007,SKU0003,4,2.34,0.0,2026-08-29T20:24:14
f186e47a-a794-4320-8cf6-e8b87fd238c3,S010,SKU0077,2,14.27,0.0,2026-08-29T02:28:11
c36b9a0a-41e0-4a89-966a-9ce7af521b94,S011,SKU0088,5,11.67,0.0,2026-08-29T04:08:40
b93b17fb-f76d-45fd-bd16-45a0d253d966,S006,SKU0050,4,14.9,2.98,2026-08-29T01:03:36
75f8e3a8-7d97-4c0f-bd56-09c4a4461663,S002,SKU0166,3,16.93,1.69,2026-08-29T17:16:33
5a2837b2-cb83-43f2-bb96-f6022b115c36,S011,SKU0119,2,10.41,1.04,2026-08-29T19:33:01
8bea75c1-b866-47aa-a3d4-526b2b54ff7a,S010,SKU0145,4,18.66,0.0,2026-08-29T18:58:18
e3ad64d4-eab9-4b02-af1d-c1217d024c6d,S019,SKU0176,3,11.77,0.0,2026-08-29T07:34:57
f50d7a37-a44d-4fec-bd85-d7fa8ac97b01,S005,SKU0072,3,16.29,0.0,2026-08-29T02:24:38
d6cd3155-08a8-4c7f-8621-38ad0f09105c,S018,SKU0043,1,7.77,0.78,2026-08-29T22:48:38
d1682e09-f1f7-4904-9307-5157d8c128e7,S004,SKU0193,5,12.71,0.0,2026-08-29T21:40:12
01a25ed1-c3ab-45f1-8c6b-7074ab102c9b,S009,SKU0106,3,14.55,0.0,2026-08-29T01:09:05
a175a9c3-d7b1-42a9-a332-a50e6992896e,S015,SKU0078,1,10.7,0.0,2026-08-29T13:31:44
26a9e100-b509-409b-9166-58ce3b3f3800,S012,SKU0010,2,11.21,0.0,2026-08-29T04:05:10
74bd0c93-8177-4661-b7fe-032c02571851,S001,SKU0124,2,18.4,1.84,2026-08-29T18:25:21
a3422e50-9e2a-4324-8f79-a8a75f8a14bd,S017,SKU0080,5,4.35,0.0,2026-08-29T17:36:09
e9aa144b-9dd4-4675-af14-5064aab07015,S005,SKU0053,3,4.15,0.0,2026-08-29T18:47:32
0406ff44-7ce4-4679-a8c6-dbc07bb3447b,S001,SKU0080,1,10.0,2.0,2026-08-29T04:13:02
694d7b00-8d38-4327-883f-13c601b158e9,S011,SKU0120,1,14.21,2.84,2026-08-29T03:10:13
b8e19f56-8787-4a21-8448-2a220308aa5e,S019,SKU0195,1,3.41,0.0,2026-08-29T00:49:06
49646b96-fa3c-4628-8926-21df465568b7,S007,SKU0050,3,13.32,0.0,2026-08-29T11:40:58
b2a6e468-d02b-4243-8091-3ac10463750e,S004,SKU0070,3,6.62,0.0,2026-08-29T16:03:37
f090f5a0-ce61-4199-ae3a-0ba8ac8d6c7d,S020,SKU0144,2,4.41,0.0,2026-08-29T00:33:19
eb053fc4-1b65-4dab-ade4-6e91e8e6e840,S018,SKU0082,5,3.39,0.68,2026-08-29T12:45:16
3db02235-261e-4555-863e-1f2a18a806ef,S008,SKU0044,3,4.12,0.0,2026-08-29T20:54:06
409e7a80-86c5-41d6-9ea9-f50831227592,S015,SKU0013,1,7.26,0.0,2026-08-29T19:40:54
cb80f288-446f-44dd-9abc-a6e5d0b1e3eb,S013,SKU0014,2,2.04,0.0,2026-08-29T03:51:24
f5948a54-5f80-4eeb-943a-9aff659b0105,S019,SKU0162,1,9.39,0.0,2026-08-29T21:42:14
3e42df5b-90a3-4bbf-b580-e05067f1698c,S007,SKU0183,4,12.9,0.0,2026-08-29T12:05:59
4ccb2355-39d1-47ff-b27e-1442fd7fe973,S005,SKU0024,5,2.95,0.3,2026-08-29T20:40:21
14a34f7f-d90d-419b-93fb-e043af1d5a1a,S015,SKU0121,4,3.3,0.0,2026-08-29T23:27:45
a65f7b8a-dbb4-4021-bdde-64afa75b395a,S009,SKU0094,2,19.03,0.0,2026-08-29T22:27:43
67c0518b-17ef-4621-881c-79d4c27437eb,S015,SKU0125,4,4.89,0.0,2026-08-29T11:49:27
79db7862-8d7d-4772-a08e-2f5c61177270,S016,SKU0119,1,2.71,0.0,2026-08-29T12:47:44
b3eda8f1-026b-4383-a301-ec030e5d8c6a,S019,SKU0033,2,6.72,0.0,2026-08-29T22:00:25
d867888b-7ff6-4824-952a-eaec2bdfcb41,S018,SKU0167,5,3.4,0.0,2026-08-29T11:51:52
54ce26be-c8cc-42c2-a518-a4186f14b3f6,S013,SKU0152,1,16.16,3.23,2026-08-29T16:47:00
f94d8fcb-dba3-496f-ba32-3f6990dbfad6,S006,SKU0124,4,5.91,0.0,2026-08-29T19:57:00
eb4d8f42-8735-40a2-a511-09611869a217,S014,SKU0112,4,2.72,0.0,2026-08-29T21:30:59
e6b9d31a-361f-4d90-bad1-fa330ae4ac11,S006,SKU0170,5,16.07,3.21,2026-08-29T08:35:53
9118c400-e336-4243-b139-c476de3ce88b,S004,SKU0152,1,15.18,3.04,2026-08-29T17:43:03
ec95b3ac-0beb-4c34-8566-7c4879ba630a,S015,SKU0046,5,10.06,2.01,2026-08-29T03:33:19
47c68688-ecf3-4053-af36-b8cc13087974,S004,SKU0176,3,19.18,0.0,2026-08-29T21:46:55
a879d8f8-9042-4eb7-8b04-0f53e63949d4,S016,SKU0166,5,15.77,1.58,2026-08-29T11:55:14
d9b59f84-edc3-41c3-adea-2d2d086c405f,S001,SKU0194,1,3.17,0.0,2026-08-29T21:08:42
3508507a-f622-4842-8402-2b3c508211a5,S010,SKU0100,2,13.73,1.37,2026-08-29T19:20:32
d218c9d6-c093-4fb0-a4e9-bcfd9647ff9f,S011,SKU0077,5,12.19,0.0,2026-08-29T07:29:16
edcabf94-65f6-4a53-9226-a8b3b674410d,S012,SKU0023,5,16.2,0.0,2026-08-29T15:49:40
905f9096-2996-46e2-8c9d-690713b22cec,S005,SKU0076,5,1.65,0.33,2026-08-29T14:42:58
d9750f00-d5ab-48ae-9112-fbc03d8f95f4,S001,SKU0181,1,8.33,1.67,2026-08-29T01:56:03
8a624cbd-e582-4678-ad52-29dd639fc471,S010,SKU0008,5,16.68,0.0,2026-08-29T03:59:38
bd5ff093-c16f-4bcc-a243-bed754ec3f33,S011,SKU0183,2,9.49,1.9,2026-08-29T14:21:17
b076a7dc-fd0c-4433-8a5e-151b23d3cd4c,S007,SKU0170,4,9.01,0.9,2026-08-29T19:50:49
bed63da0-8033-45c2-9413-d64db962c8a7,S013,SKU0093,2,10.29,0.0,2026-08-29T20:13:20
1901ef87-0dbf-4caf-988a-3f87f96d40f8,S001,SKU0019,4,4.35,0.0,2026-08-29T04:53:20
1375ee90-d6b3-41e4-bb6d-ca0d6fe5040b,S014,SKU0035,1,4.16,0.42,2026-08-29T23:57:15
9d264599-c4dd-4df5-9aec-56a857311609,S020,SKU0109,1,4.04,0.4,2026-08-29T16:36:12
f80b2cea-658e-44a2-9879-cf35f4719986,S018,SKU0116,5,4.83,0.97,2026-08-29T15:26:30
a255e1bb-0795-4c1f-938d-6b8cc607b1e9,S020,SKU0002,4,8.07,0.0,2026-08-29T15:27:55
735741e5-fe1a-4ba9-8896-9c5b45f8c28d,S009,SKU0106,5,10.72,0.0,2026-08-29T18:16:02
8d93e14a-5b16-4158-ba67-470c7d98302f,S019,SKU0124,5,12.16,0.0,2026-08-29T01:22:43
2f8c83e5-6e8d-4644-a01b-fbcbf0eebcce,S005,SKU0187,3,3.59,0.36,2026-08-29T02:54:54
614c721d-a921-4b4c-95fb-e976ae007b7e,S017,SKU0021,5,19.7,0.0,2026-08-29T16:55:40
4b9dfd58-9e5d-4c7a-85ac-c35415f00cb4,S016,SKU0162,5,17.96,0.0,2026-08-29T08:55:42
12d15585-b68e-47fa-bf17-5534cc4d5819,S010,SKU0157,1,14.16,2.83,2026-08-29T21:06:13
6147adeb-277b-4667-8499-d0a615007170,S016,SKU0117,1,18.22,3.64,2026-08-29T00:23:33
277eb0aa-a247-441d-88ad-0899b630794d,S014,SKU0091,5,18.26,3.65,2026-08-29T12:04:12
5c56d9bc-5111-431d-a3be-441dbd5a0c9e,S010,SKU0187,3,6.85,0.0,2026-08-29T21:45:33
f165d779-0154-4950-976d-e21f1b46ebdc,S006,SKU0147,5,6.32,0.63,2026-08-29T21:02:58
c2e79a98-5c23-4d8d-b1da-35b94eea9db8,S001,SKU0074,1,13.64,0.0,2026-08-29T22:43:50
16591c89-21eb-4aa9-9a2b-d69c450f69ee,S009,SKU0065,4,3.03,0.61,2026-08-29T02:47:54
8e969227-72e7-4b51-ae54-ac6d2ff8e87e,S001,SKU0190,2,12.89,0.0,2026-08-29T09:21:19
1a7167c7-6875-4545-832f-52c48e0370cf,S015,SKU0095,1,12.67,2.53,2026-08-29T05:30:09
8de1596c-5a9a-406a-96f1-42a206b919aa,S006,SKU0136,2,6.33,0.0,2026-08-29T17:39:19
c8d0f9e5-9919-45ea-98d0-0c2c17d30f32,S020,SKU0040,1,7.84,0.0,2026-08-29T05:16:54
0328c136-629e-43d8-9d1c-a267530ddda6,S008,SKU0170,4,15.43,1.54,2026-08-29T13:57:02
c777a07f-6346-44ef-a9ef-74e34ab6821c,S019,SKU0188,4,14.93,0.0,2026-08-29T07:40:37
8f3dc97f-e6b0-4a0a-b98f-5dbe15aede0f,S002,SKU0043,3,2.51,0.0,2026-08-29T04:13:23
3e245fbf-fa69-4cd2-be23-90f3e7bbaefc,S018,SKU0060,4,8.88,0.0,2026-08-29T17:20:25
af70de70-2b69-495e-8567-1b58926bffa5,S009,SKU0038,4,14.14,1.41,2026-08-29T17:16:45
44d7df9a-238b-45b7-ab64-777c6177a771,S015,SKU0098,5,17.6,0.0,2026-08-29T10:30:52
255bfc1c-7e3d-4ee4-84b6-4ec14d16f049,S018,SKU0164,3,19.29,0.0,2026-08-29T03:32:41
46a56fe8-6f46-41b1-aace-1aa9103246b3,S009,SKU0086,3,19.19,1.92,2026-08-29T22:13:37
c85cd714-7bf6-4552-8cbc-90446bcd5ce7,S019,SKU0101,3,6.44,0.0,2026-08-29T09:17:48
f1b88d65-406f-44d6-9c72-aebd13b11e59,S007,SKU0134,4,15.8,0.0,2026-08-29T21:26:05
7eece88d-a002-452a-b88c-ddde3f2086c2,S018,SKU0003,3,14.04,0.0,2026-08-29T11:24:20
75366b9f-320f-42c0-9dde-01889803b22e,S004,SKU0135,1,16.89,0.0,2026-08-29T14:58:23
01bb819c-4dfe-4117-a2af-711f1b628a9d,S010,SKU0065,1,14.18,0.0,2026-08-29T07:59:19
d773f98d-550c-4fe9-a54c-11d9f2e61828,S002,SKU0153,2,2.13,0.43,2026-08-29T03:20:50
dcb9075e-cdd7-4460-a140-77d39ec4ea48,S003,SKU0155,2,19.08,0.0,2026-08-29T04:22:05
6e3cdd4f-55b1-45e4-b0b2-7304545cd88d,S004,SKU0179,2,8.46,1.69,2026-08-29T06:43:37
a6aa59e5-dc08-4f29-92d3-3488d0c30018,S015,SKU0071,2,6.19,0.62,2026-08-29T02:45:24
4ce953a7-22d9-4db3-982a-2277f966d59f,S006,SKU0200,4,14.31,0.0,2026-08-29T09:22:09
b1fead13-f280-4f1d-9a6c-0db952171c88,S013,SKU0086,1,6.63,0.0,2026-08-29T13:56:14
2d79a2d1-506e-40c7-baa0-61e9336b00cb,S015,SKU0018,1,6.28,0.0,2026-08-29T06:28:41
51b30182-f7fe-404f-a5f3-0779f6ee5cdb,S013,SKU0046,4,19.62,0.0,2026-08-29T22:13:13
a205e54f-b1e8-409d-bc20-b9f24a9c589e,S007,SKU0158,4,3.51,0.7,2026-08-29T15:42:05
c82f78fd-936c-431c-b7bf-52447db2a7aa,S002,SKU0019,1,18.38,0.0,2026-08-29T03:45:38
47c1c017-6045-4909-936d-47d73e0f84ce,S001,SKU0128,1,12.07,0.0,2026-08-29T16:14:02
5d71a898-6497-4593-892e-8c93d105c8d6,S013,SKU0069,2,13.58,0.0,2026-08-29T01:22:39
33261887-9058-41df-ae9b-f3e11d27c09a,S001,SKU0132,2,14.45,1.45,2026-08-29T20:55:19
2e0fb5b3-8bae-491e-bf4c-c10f979c30cf,S018,SKU0058,4,10.35,1.03,2026-08-29T02:33:08
06e3f949-8cd3-4c62-8482-9b71ae84b81c,S019,SKU0138,1,8.61,0.86,2026-08-29T04:24:46
f166cdcf-762c-4fbc-ba2a-a7baf3f81c31,S002,SKU0162,3,7.67,0.0,2026-08-29T14:35:09
cc351e4f-703e-457f-b5ab-8466b5578b00,S015,SKU0195,1,8.26,0.0,2026-08-29T02:55:45
11b461e9-b15d-472d-94ce-e27c4a94ae9f,S002,SKU0099,3,13.48,0.0,2026-08-29T20:11:16
cb881c32-cbb0-4a8b-9908-a121d1a7ba20,S012,SKU0125,2,7.03,0.7,2026-08-29T03:53:14
23a13e20-7fd2-45ee-ac48-436668bd80d7,S005,SKU0010,1,17.88,1.79,2026-08-29T06:53:53
40afbf3f-3df5-4967-8d86-70bda2224f96,S016,SKU0100,2,1.97,0.39,2026-08-29T08:40:58
6c521d13-b719-4b68-a775-ee42a89e22f2,S018,SKU0116,1,16.17,0.0,2026-08-29T18:11:34
72f60958-12ef-4101-a082-786fca00ef58,S002,SKU0104,1,2.19,0.0,2026-08-29T12:17:45
950df1a0-7aaf-4001-9912-316afd9e8e20,S018,SKU0039,1,5.42,1.08,2026-08-29T16:41:19
ec6a37ad-81b1-4db9-88cc-4d49669b29b8,S005,SKU0126,5,5.81,0.0,2026-08-29T01:20:33
6b15c11b-b113-450b-9ea0-50c6eb9ed274,S008,SKU0180,1,10.22,2.04,2026-08-29T01:40:03
f7eae66e-ca6c-4f9b-8969-71018b2c550a,S004,SKU0117,2,1.77,0.0,2026-08-29T11:11:23
cff2b1c4-e53f-4644-b39e-4df25c0a1feb,S004,SKU0030,5,4.66,0.93,2026-08-29T02:19:43
ea163354-a35f-49c1-9804-95628972abbd,S003,SKU0052,4,12.51,2.5,2026-08-29T08:01:50
3f8c1097-c4da-4c2e-9bff-a27915c1604f,S004,SKU0176,4,7.74,0.77,2026-08-29T11:48:18
2a9528c3-5ae1-4bad-aa29-60fda85894df,S002,SKU0152,5,11.6,0.0,2026-08-29T07:45:48
902f3465-0b57-4720-9cd8-758ba5a1c825,S005,SKU0194,2,7.71,0.0,2026-08-29T09:58:19
a590fd3c-ad6e-4c57-a520-c3d0fbcdbf5e,S006,SKU0113,4,4.61,0.0,2026-08-29T20:08:56
54e38579-c0af-4193-b780-ef2f664d5922,S004,SKU0162,2,18.62,0.0,2026-08-29T04:51:21
1b1f2eb1-6e32-45a8-8bd5-cc86f73936e9,S016,SKU0021,5,8.46,0.0,2026-08-29T00:34:08
38d5101f-423c-4d9d-993e-478302b34254,S019,SKU0073,1,1.63,0.0,2026-08-29T23:43:46
8ed8a80d-84cf-4e39-bf31-c29f82bbad84,S007,SKU0037,4,14.33,1.43,2026-08-29T04:37:12
38958939-9342-409f-b00a-c64c949cd8d4,S006,SKU0157,3,11.18,1.12,2026-08-29T08:42:39
768b4f7e-6421-4e66-9fc6-4cd0721e8b1f,S003,SKU0161,1,12.53,1.25,2026-08-29T22:17:02
b0c07fcc-96ad-44df-adf7-5924c5b8386b,S008,SKU0050,3,7.94,0.0,2026-08-29T20:18:20
ff69723d-584f-485b-a697-384d801e8690,S012,SKU0195,1,19.75,0.0,2026-08-29T22:32:03
4ba17233-1ac3-4f31-bb96-e2d10649bcf6,S007,SKU0071,5,10.89,1.09,2026-08-29T22:48:31
15fa9483-f633-4c2d-aba9-00e16a7d5d96,S016,SKU0046,1,5.08,0.0,2026-08-29T17:16:22
baeb286b-f0d0-470f-94d1-3d551db6b844,S012,SKU0073,2,13.9,0.0,2026-08-29T01:58:01
57d337d3-4fd8-4bbb-992c-11072444d301,S015,SKU0012,2,9.54,0.0,2026-08-29T22:27:27
8567c805-34f5-41c0-88c5-eb2a7490adeb,S006,SKU0008,1,15.2,3.04,2026-08-29T06:24:13
18fdd2b9-79e5-49aa-992a-35497ba109d0,S015,SKU0152,4,11.03,0.0,2026-08-29T08:34:01
73d39457-b25f-43df-b8d4-9848702ba49f,S008,SKU0200,5,7.53,0.0,2026-08-29T11:51:28
0b705933-4cde-4b6b-9132-567c51a40d2a,S014,SKU0052,1,7.53,0.0,2026-08-29T08:37:59
05c8234b-1d76-4a66-b5f5-9cb0cf685878,S019,SKU0125,4,17.99,0.0,2026-08-29T17:08:53
1bff3142-a5e1-4b55-97d3-f4ddd963dc72,S020,SKU0117,1,17.97,0.0,2026-08-29T07:52:13
ee0f65a8-2a13-4c1f-8cd0-15c1ad5900dd,S007,SKU0162,2,8.67,0.0,2026-08-29T16:39:56
84182d35-3e71-4433-bd90-b81afbe0e6b8,S005,SKU0009,3,19.55,0.0,2026-08-29T12:13:45
54bbbcf8-28fe-4761-8d49-fe3f2ca8f783,S015,SKU0118,5,2.6,0.0,2026-08-29T04:02:43
76492e64-f55d-4e6d-ad26-8b378f5242d3,S010,SKU0155,4,4.67,0.0,2026-08-29T08:00:16
a137f8e4-67b1-4040-8c39-b9253b5ae288,S019,SKU0142,2,16.11,3.22,2026-08-29T06:11:13
a84554c3-a3f6-4c61-afb7-0dab2f383b43,S007,SKU0152,2,3.1,0.62,2026-08-29T17:48:42
bcc57be0-0779-450a-a544-e3136ea05d13,S014,SKU0189,4,16.98,0.0,2026-08-29T00:31:41
7317591a-3283-4aa4-a212-ab7c9d361cb6,S008,SKU0152,2,6.08,0.61,2026-08-29T21:05:51
0123a348-638a-4df6-adf7-2cd3979aa051,S002,SKU0011,2,18.4,0.0,2026-08-29T15:12:38
47419b48-34ae-4abd-b6fc-e0acb4698db3,S014,SKU0136,4,15.07,3.01,2026-08-29T01:13:26
cbc72f1a-cf08-4a54-b429-9924c0986750,S016,SKU0062,4,10.37,0.0,2026-08-29T16:28:22
ccac2fb5-1a0c-4c04-93cd-129110042d82,S007,SKU0034,1,11.83,0.0,2026-08-29T14:48:16
5da49cb9-2fdc-4992-8971-8eeadf3a098a,S016,SKU0172,3,6.97,0.0,2026-08-29T00:34:47
1d2c2721-7522-4646-b273-75bf5373bf4d,S019,SKU0007,3,4.49,0.45,2026-08-29T20:46:00
7d4ed26e-dcd5-4fae-abb3-16a743299780,S006,SKU0095,4,10.08,0.0,2026-08-29T14:45:31
503b4078-a39c-4ec6-b746-4c02871854c1,S003,SKU0099,4,14.52,0.0,2026-08-29T22:50:22
647dc392-9c7e-4575-a37d-dcd698d3148b,S009,SKU0179,3,11.32,0.0,2026-08-29T15:30:23
5a1baf0e-5911-46dc-9d3e-503a9645f0e4,S020,SKU0086,5,11.54,0.0,2026-08-29T02:56:51
2c2ac34b-9e0b-4b01-b536-59efd873dad9,S004,SKU0099,1,11.02,0.0,2026-08-29T01:52:38
ccf4ffb0-b4bb-473f-ac70-51d1d051267f,S012,SKU0045,3,10.11,0.0,2026-08-29T13:18:36
97154633-9d4e-4b71-ab2e-c80e4c255823,S005,SKU0086,5,14.54,2.91,2026-08-29T07:27:12
502cf0ee-224a-46a6-ac0f-680115b24e1d,S007,SKU0193,2,11.48,1.15,2026-08-29T21:07:17
1df05d18-4e2d-4255-bd13-1a3d1e2c2e7d,S014,SKU0071,2,7.43,0.0,2026-08-29T18:20:03
243012da-b185-4eb8-9f90-fc872edc017e,S016,SKU0129,1,2.67,0.0,2026-08-29T16:28:18
98af5cca-6b11-47cb-a372-542482c56b21,S018,SKU0075,5,16.85,1.69,2026-08-29T19:21:57
6c4c450b-623a-40fc-9326-7d25234b4562,S015,SKU0023,4,12.99,0.0,2026-08-29T06:51:27
8991b01a-a2b0-4c4b-bc96-6b552f8d8ded,S003,SKU0028,1,8.73,0.0,2026-08-29T10:29:57
ee4205ee-a52f-43ec-ab4e-2281b184d1fc,S005,SKU0053,2,6.6,0.0,2026-08-29T18:04:14
2ab7b2ef-8e0e-4033-ac59-1da8fff96acf,S014,SKU0175,5,19.11,0.0,2026-08-29T10:40:26
2fe5b140-23ea-4956-89f1-137d7d592e19,S014,SKU0114,5,18.74,1.87,2026-08-29T12:37:22
9e91a71c-7374-4cbf-978c-57d3508850d3,S008,SKU0134,1,6.89,0.0,2026-08-29T00:48:08
f3abea0d-5be9-4db3-9d92-dd7c0db977a9,S011,SKU0125,3,9.12,0.0,2026-08-29T23:52:31
31f3f0c0-22f3-4068-bc0f-549d02740f73,S015,SKU0118,5,13.82,2.76,2026-08-29T19:58:08
8fc3d7d3-f6bd-40c7-a24a-2a50d0b1fde0,S009,SKU0059,3,11.99,0.0,2026-08-29T06:15:09
68bd075b-7eb6-481e-a72f-947d816462cb,S005,SKU0091,4,8.38,0.0,2026-08-29T01:43:22
b5cbe3f5-6a66-4184-bde1-bf5daf4847f0,S006,SKU0183,3,9.93,0.0,2026-08-29T22:31:25
2ad11fe8-7d1b-495e-b1a0-449dd703262f,S006,SKU0061,5,6.78,0.0,2026-08-29T05:35:17
cbbed980-07e6-4cb0-90bd-e9001529e6f5,S005,SKU0113,1,2.26,0.0,2026-08-29T20:55:04
085eb489-4ac6-4780-b874-9f3cc2d49b56,S002,SKU0171,3,8.34,0.0,2026-08-29T20:28:46
49e64c22-89a0-47eb-b98f-569b465cc2cb,S015,SKU0139,3,19.59,0.0,2026-08-29T13:34:38
90ce77e9-7513-43b9-87de-96ea2b0fbe44,S013,SKU0128,2,11.37,0.0,2026-08-29T00:54:26
7eccdaf4-c413-4dc2-85c5-ae8abe15ad12,S001,SKU0190,2,19.03,0.0,2026-08-29T05:40:54
929d6377-1cfb-455f-82c4-2e488cbadae5,S010,SKU0122,5,19.55,0.0,2026-08-29T23:33:55
8b0901ab-c66d-4eb3-8494-5e091d3ca5a4,S019,SKU0187,3,19.44,3.89,2026-08-29T05:21:18
8ac35ac4-5dea-4737-bdab-3441d2c2a960,S002,SKU0036,4,7.77,0.0,2026-08-29T17:26:21
c28fa16b-0aa6-4cb9-81bc-be59d296a12d,S020,SKU0057,5,3.66,0.0,2026-08-29T14:37:22
37f25d36-8bdd-4ee3-b0fd-6672b80f16c5,S020,SKU0165,4,8.11,0.0,2026-08-29T02:00:13
bc69c155-1a37-46bd-acd6-f011fd61f13b,S007,SKU0006,2,12.29,0.0,2026-08-29T10:07:08
3f5e3b8c-c058-4da5-a757-075bd47f83b1,S017,SKU0101,1,11.46,1.15,2026-08-29T03:10:52
0840405a-ffd2-4491-9ff3-89aa4c36a70c,S017,SKU0015,2,10.57,2.11,2026-08-29T22:01:48
dcb91d5f-593c-472b-8347-dbca7321a8b2,S013,SKU0096,3,8.85,0.89,2026-08-29T13:27:28
dd83ad03-7066-4289-9644-84a0d1151fff,S015,SKU0144,1,6.77,0.0,2026-08-29T11:13:01
cfd7f3b9-c68f-4ba5-9e0d-02b5fe7402cd,S015,SKU0074,1,5.49,0.55,2026-08-29T15:07:54
bcd4344f-cf8a-468e-b5ba-93573ca87f31,S005,SKU0151,2,16.4,1.64,2026-08-29T15:04:49
dc6dafff-59c2-4153-b06b-0f0c96822e22,S016,SKU0135,5,3.09,0.0,2026-08-29T11:02:25
6d9c5b50-a1fd-4187-9c3a-1e0bb5f3f8aa,S003,SKU0002,3,2.72,0.54,2026-08-29T13:40:53
c8ebe27a-23a4-470e-9dbc-15c02a7dc57c,S006,SKU0143,4,13.32,0.0,2026-08-29T15:05:31
ce315937-34fa-42b6-9043-7e4c34e50699,S006,SKU0098,4,14.64,0.0,2026-08-29T07:15:17
88438de2-59cf-4b0d-91f0-647d0f321333,S019,SKU0078,3,11.75,0.0,2026-08-29T10:59:42
2b1ac76c-89ec-4c51-98cb-aa5247f53019,S001,SKU0001,4,11.85,1.19,2026-08-29T08:10:28
4aea1b8f-b43c-4e0a-ba9f-c10e52daf681,S010,SKU0107,2,6.36,0.64,2026-08-29T04:31:16
f3d04ffb-4470-4848-929e-cc924a11be44,S004,SKU0196,2,10.6,0.0,2026-08-29T01:02:08
e67093a0-fc48-4615-83b0-b35cdba6fdf8,S012,SKU0149,3,10.62,0.0,2026-08-29T21:48:17
22b5f457-1860-4d28-90af-b235ade68f51,S016,SKU0178,4,11.96,0.0,2026-08-29T22:51:52
695e5ea9-c923-4c64-8006-2b5bf67839b2,S009,SKU0042,1,8.4,1.68,2026-08-29T00:38:19
46feacd4-fe13-43cd-8f2d-5c15eb346d3a,S005,SKU0092,5,2.58,0.0,2026-08-29T16:47:09
b390b059-207b-4e21-a7e8-d18eddf6d4ac,S012,SKU0013,2,2.48,0.0,2026-08-29T15:16:26
257035db-3fea-490a-a1f8-072dddb7570e,S007,SKU0197,3,6.9,0.0,2026-08-29T18:42:33
3f5fbf4f-d417-4230-9274-ee11b61df906,S018,SKU0083,2,15.65,3.13,2026-08-29T06:05:06
64880945-ad1d-4537-97f3-4368c2efeecb,S012,SKU0025,3,16.8,0.0,2026-08-29T09:53:00
a1e518a2-93d2-48d4-a465-5c397d4d2add,S005,SKU0133,5,12.23,0.0,2026-08-29T00:28:10
600b4b35-6a0a-47d5-a0b8-575544caa5a2,S011,SKU0042,3,8.4,0.84,2026-08-29T15:00:00
cb6ad0c7-a235-4dd4-9355-08d073b5bad5,S007,SKU0144,1,5.53,1.11,2026-08-29T08:03:01
67213a70-17d5-4f59-84d5-98f7e14fe093,S018,SKU0180,5,14.26,2.85,2026-08-29T19:22:22
b1d81887-4739-4c7b-bff3-0c8d83ff3e96,S005,SKU0005,1,9.22,0.0,2026-08-29T04:14:38
7466ef02-5e7b-42c8-a097-dedbefb3b939,S015,SKU0153,4,7.94,0.0,2026-08-29T05:03:40
94fb09f0-53c9-4ae7-bcf0-7bb3f343d9eb,S010,SKU0008,5,15.63,0.0,2026-08-29T06:16:11
d8dff535-c62d-4aea-9e70-bd3000a21367,S010,SKU0033,1,5.61,0.0,2026-08-29T08:14:57
f8ded777-bb1e-4ae8-97d8-21b8bb93cd40,S004,SKU0020,2,3.91,0.0,2026-08-29T15:28:00
b28187c4-aa05-4442-a284-e8fd755cee2a,S007,SKU0028,1,15.83,1.58,2026-08-29T01:32:52
cbb18c79-1036-408d-99a0-90075bb47c18,S002,SKU0121,1,16.17,3.23,2026-08-29T21:35:48
f7d7465d-37c3-43c9-a5d0-b51788d00abd,S010,SKU0171,1,18.31,0.0,2026-08-29T02:24:43
7ea5a387-363b-45cb-9329-37246dfd171a,S007,SKU0151,1,15.46,0.0,2026-08-29T21:54:38
48998e5f-d40e-43ce-92a7-4a4144bed486,S003,SKU0038,2,4.92,0.0,2026-08-29T01:03:55
216e9fe5-93f3-4596-8c1c-8b0556771f36,S006,SKU0129,3,19.05,0.0,2026-08-29T12:49:23
c9ce44bd-7c3f-4add-9a38-5db590eeb067,S004,SKU0149,5,5.97,1.19,2026-08-29T02:29:17
c3231466-aebb-490e-a4e7-51de57ff51d9,S006,SKU0194,1,11.28,0.0,2026-08-29T10:15:43
a04d4d14-197d-4ae1-8bc2-ea720c648ca2,S017,SKU0182,5,1.58,0.0,2026-08-29T07:47:31
042b03ca-75a7-4686-9632-1d31c8acffcf,S015,SKU0173,4,8.28,1.66,2026-08-29T06:44:24
28719b9b-db8f-4e32-adef-50031fce01e3,S014,SKU0055,1,4.85,0.0,2026-08-29T13:49:16
fde91c42-002c-4c22-b4de-5f7070f81dba,S004,SKU0120,5,5.71,0.0,2026-08-29T11:26:33
fee5ce69-33cb-402e-ad84-414df54191ea,S010,SKU0143,1,11.11,1.11,2026-08-29T13:09:09
e1d46f82-21c5-4e41-a8ce-e951b0478ea4,S013,SKU0073,1,3.02,0.3,2026-08-29T04:12:47
dfda35b2-28b2-4f21-8d47-0ed6a6663769,S008,SKU0142,4,12.61,0.0,2026-08-29T16:09:50
17e52113-4626-43be-a068-8849eec71a30,S003,SKU0122,4,6.88,0.69,2026-08-29T06:52:24
1519830c-4019-4303-9c45-7e4da79313b8,S013,SKU0113,3,4.82,0.48,2026-08-29T03:49:45
a61f0b96-e75f-445a-aa1d-3fc65f31273d,S005,SKU0102,5,13.68,0.0,2026-08-29T04:20:26
a0279a18-6576-4410-8d41-ee472a5fda18,S003,SKU0094,4,14.36,0.0,2026-08-29T06:08:34
c156e501-b30e-46e8-b9da-5f8c4e35da80,S004,SKU0060,2,7.76,1.55,2026-08-29T14:43:10
1758d47e-a7cd-4143-ade2-14293bf0d9c1,S019,SKU0070,4,14.92,0.0,2026-08-29T21:11:13
36a2c52b-0047-4139-985d-f528b4258e19,S016,SKU0131,4,8.09,1.62,2026-08-29T14:43:31
97fb613a-21f8-4d06-93f3-cade7a10013f,S004,SKU0065,3,4.23,0.42,2026-08-29T03:56:00
71efe72a-ae13-491e-84fa-4c7239e7a4f1,S004,SKU0189,4,10.7,0.0,2026-08-29T01:04:55
57f479b5-b212-46ee-8210-63710260a123,S006,SKU0098,1,16.86,1.69,2026-08-29T00:58:26
dc3f42e0-fcf7-4842-9edf-3bfad12e0eb5,S020,SKU0160,5,14.07,0.0,2026-08-29T11:01:22
7a4a902f-21d6-4b0f-b1ac-040d6c1cc405,S015,SKU0052,1,15.56,3.11,2026-08-29T17:55:12
16de66c9-6210-4ef6-ba9c-43081221cddf,S009,SKU0139,3,13.75,1.38,2026-08-29T18:22:44
1a6b6a7d-1a38-4ad6-8e53-2ffdbb134f02,S001,SKU0196,3,16.48,3.3,2026-08-29T19:54:06
4c9bff5c-e188-4eaf-9e18-85c35037cd6b,S015,SKU0081,1,19.83,0.0,2026-08-29T13:58:03
d038e153-c601-418b-a1fa-01ba231ae7c7,S006,SKU0143,4,9.69,0.0,2026-08-29T01:11:46
a43e558c-2215-4f00-9fdf-0e05c0cef31b,S014,SKU0035,3,17.87,0.0,2026-08-29T17:53:39
11836c4f-2492-44c7-ad58-db1bfe31537a,S019,SKU0173,3,14.74,1.47,2026-08-29T03:58:56
9c3de1b0-022b-4683-9033-da6587cf63fd,S016,SKU0122,4,13.71,2.74,2026-08-29T20:50:00
59e7703a-70aa-4b0d-aa03-8ad4a667b982,S013,SKU0068,5,17.31,3.46,2026-08-29T02:01:45
bf8e8bfa-a0c9-4a72-b68a-cd40b8f14e3c,S012,SKU0197,4,12.43,1.24,2026-08-29T22:27:43
9db7284b-6965-41d1-ab7e-2e6426c0747e,S002,SKU0033,3,7.43,0.0,2026-08-29T21:29:53
379d58f9-dc26-4108-b140-11a1afc2ccfc,S011,SKU0098,3,7.95,1.59,2026-08-29T00:58:45
23d7e6a1-19b8-44fc-a587-1d8916312fc6,S012,SKU0015,1,9.42,0.0,2026-08-29T14:59:52
bae1e137-96ee-40e5-9f87-3b46c0a0473a,S003,SKU0177,2,6.08,0.0,2026-08-29T21:34:24
6dec6bbd-f697-47a1-99fe-3d53624fea4b,S006,SKU0006,1,17.58,0.0,2026-08-29T12:17:29
3f6eed9d-23cb-4943-8a84-000350834fef,S014,SKU0146,5,7.53,0.75,2026-08-29T23:56:54
3f87dfc2-1591-42f2-a505-da9c46e75a2c,S016,SKU0151,5,18.18,0.0,2026-08-29T00:44:34
b89f3a92-999a-4d86-99db-13028dab66d3,S013,SKU0083,1,19.74,1.97,2026-08-29T20:45:57
f0f7ad22-c76a-4e0f-88f0-91f09b8b38ae,S007,SKU0087,5,3.31,0.33,2026-08-29T03:38:34
d8d994b8-d90f-44e9-86dd-f6cab0c30a59,S020,SKU0077,4,10.8,0.0,2026-08-29T06:04:00
34981735-4d38-4415-a036-35fca88d4108,S003,SKU0138,3,19.43,0.0,2026-08-29T18:05:36
304b2370-8270-4238-9b5f-8f39848b34f0,S019,SKU0103,2,6.82,0.0,2026-08-29T10:49:30
a56b61e0-4ba8-44ca-a449-cb6fbf72ae52,S004,SKU0152,2,13.05,0.0,2026-08-29T21:03:04
cb35097a-e5dd-48f1-88a7-38ab0df83e12,S016,SKU0110,3,6.56,1.31,2026-08-29T19:20:07
62c965b2-7eb0-462a-bd45-74ebf4655a21,S010,SKU0130,2,7.93,0.0,2026-08-29T23:43:18
a3595d1f-7fe4-442e-bdb7-88a61cdcc4c2,S007,SKU0107,3,9.51,1.9,2026-08-29T11:24:31
e3837348-873d-48bd-922d-d7be980bc81e,S018,SKU0047,4,6.15,1.23,2026-08-29T16:30:05
5c70ee97-fca4-4567-8316-d2d6fa4a58ef,S019,SKU0128,1,13.12,2.62,2026-08-29T06:47:30
6307d4d1-21c9-415d-9104-5a16ef15ab72,S018,SKU0158,2,13.72,1.37,2026-08-29T09:45:18
6bbdb66f-9181-4091-96c6-f45cdc5e4e78,S007,SKU0094,4,18.79,0.0,2026-08-29T19:00:54
2c3aacdc-aed5-4a46-8bde-005b5d8babd7,S014,SKU0106,4,4.23,0.0,2026-08-29T10:55:57
fcc4091b-f457-47c6-b894-6a15c34201db,S007,SKU0106,3,17.41,0.0,2026-08-29T23:04:50
965d744f-0445-41a8-92af-97e4c536c66e,S020,SKU0061,3,16.74,0.0,2026-08-29T09:20:12
373aedf8-431e-430f-8387-f74d1149d096,S001,SKU0063,4,5.91,0.0,2026-08-29T06:59:14
f2dcb12b-0f7a-4302-ac2e-28150a3217d2,S014,SKU0166,3,10.09,2.02,2026-08-29T15:52:44
495743a2-81b1-4b80-a5e1-b0f5ca0ee8c4,S001,SKU0067,1,5.24,0.0,2026-08-29T04:58:02
c4615234-8044-4eb2-b66e-dbf4a0ea0251,S002,SKU0185,3,13.69,0.0,2026-08-29T23:27:28
66fba71d-b3a9-4caa-ac6f-6d2e6a59c043,S011,SKU0155,4,15.97,0.0,2026-08-29T03:03:20
89a3c811-895c-4fde-a3fa-40691519fd38,S003,SKU0102,3,17.54,1.75,2026-08-29T13:13:56
15669e36-4708-403b-a716-10c19db54283,S004,SKU0134,2,5.87,1.17,2026-08-29T18:12:48
ebc1bb52-82e4-4d4a-943a-c1c54f560ed5,S016,SKU0024,5,19.07,3.81,2026-08-29T09:10:04
27c6cbb1-cedd-469d-b96c-9a0a3404c02a,S019,SKU0189,2,12.6,0.0,2026-08-29T11:59:20
9620bee6-6406-4ace-93a5-e8508950ddd6,S007,SKU0037,4,16.41,0.0,2026-08-29T15:23:46
a65be22b-d5a3-46d9-8362-a810a2611b8d,S014,SKU0066,1,4.74,0.0,2026-08-29T16:00:02
4f67448e-10ec-4b1f-a4a5-c736ae59aa52,S004,SKU0082,5,2.53,0.51,2026-08-29T13:38:33
f413db19-bade-4d5d-afff-15ccb2dc6c34,S005,SKU0093,5,9.34,0.0,2026-08-29T10:06:43
3e9639ba-0ed2-4c9d-bd17-5712d8b22277,S020,SKU0009,4,14.74,0.0,2026-08-29T00:46:02
1db14bfc-6f3a-4115-acb4-678c16120aa6,S018,SKU0099,1,14.28,0.0,2026-08-29T09:12:38
0e165b12-9bdc-40d1-9cbf-7b8c74102d5d,S018,SKU0061,3,13.32,0.0,2026-08-29T04:26:37
a8761e85-bddf-403a-aa84-30f84f2da233,S010,SKU0024,4,8.69,0.87,2026-08-29T09:18:13
033e02f7-1e93-4127-acf7-2140bd9bc648,S011,SKU0197,2,7.0,0.0,2026-08-29T15:58:40
02e7df89-b395-4a98-a320-4ff5b538f96c,S016,SKU0121,4,16.1,0.0,2026-08-29T02:54:58
58c1aad6-f3f8-4ea4-bf14-eafa29f0ef7c,S004,SKU0042,4,18.64,0.0,2026-08-29T15:22:40
d28fcf68-c871-47b3-8468-b74d85e3ade5,S020,SKU0187,3,10.87,0.0,2026-08-29T15:19:24
5f32d5d8-2abe-4585-825e-0259b88416d2,S002,SKU0165,5,15.15,1.52,2026-08-29T00:59:44
df9b141e-c7f7-4da1-bff1-5840207e863f,S013,SKU0052,2,13.16,0.0,2026-08-29T00:06:43
1e38f711-e2ec-43f4-bba1-aed944cdbfdd,S006,SKU0064,3,7.3,0.0,2026-08-29T04:02:06
55c34853-0783-443c-a65f-ad87c57c7498,S014,SKU0082,5,14.7,0.0,2026-08-29T21:37:38
861b4f5b-45a0-4539-ade8-370ace9e9ebd,S006,SKU0176,4,10.35,0.0,2026-08-29T09:29:27
f99cea5c-b65a-40f1-8350-ab061059ea28,S003,SKU0107,5,16.8,0.0,2026-08-29T07:13:59
7f0386fa-13ba-4c91-a0a5-fde6939f71a2,S008,SKU0006,3,4.86,0.49,2026-08-29T20:46:02
0e3141ec-5c31-4464-82c2-99f07487d772,S008,SKU0023,1,18.58,3.72,2026-08-29T22:48:53
2ab8bd33-911f-430b-9bff-00b07fe670f3,S013,SKU0159,4,5.17,0.0,2026-08-29T01:48:45
c5f8e2f8-414f-4994-a845-77805e20c957,S012,SKU0044,4,12.61,0.0,2026-08-29T03:14:33
ac93281a-92eb-4ab0-a4ee-c67c1a57f9e4,S015,SKU0173,5,3.67,0.73,2026-08-29T15:50:37
bda3c162-3a78-464a-9d86-80cbb90800f3,S009,SKU0074,4,3.69,0.0,2026-08-29T06:56:15
dbd30aec-0b46-4173-80a8-547382425912,S020,SKU0056,4,8.57,0.86,2026-08-29T07:31:20
0bc57207-3e9a-4c86-8325-4fbddce8e1c5,S006,SKU0105,3,14.94,0.0,2026-08-29T15:13:51
eb93f78c-620a-4158-9d2d-904f78c59073,S020,SKU0116,2,2.03,0.0,2026-08-29T08:34:25
f5d8fb91-ee60-41ac-add0-622e266bf2ea,S001,SKU0121,2,8.34,0.83,2026-08-29T03:07:17
cd98f9e2-8d88-4beb-890d-9655db842660,S013,SKU0182,2,17.62,1.76,2026-08-29T07:43:35
a7dc2bc0-bd9c-4693-b6ca-1127e9f87970,S004,SKU0143,4,15.12,0.0,2026-08-29T02:39:35
3f8e2d0d-5261-4dec-b979-d5f56b5bc975,S012,SKU0156,1,2.46,0.0,2026-08-29T17:08:46
51e744e4-b864-4a08-aa75-752d6a8fcacb,S009,SKU0130,5,14.63,0.0,2026-08-29T00:11:42
92502e59-13f0-4822-9374-8a1145712959,S005,SKU0144,5,8.55,0.86,2026-08-29T13:30:14
ac5f12ef-8085-4147-9e91-0f365f705b25,S017,SKU0127,1,12.24,0.0,2026-08-29T06:11:04
3922a7e4-2de9-42f8-8d7b-ec04e6e59b32,S011,SKU0182,3,17.74,0.0,2026-08-29T03:15:50
0bc1f9e5-fb3d-4063-8409-c5eacde918b3,S011,SKU0012,5,9.51,0.0,2026-08-29T04:15:14
e0827f76-11a5-49b4-a6a3-02d6f43e8c48,S014,SKU0073,2,10.74,0.0,2026-08-29T13:07:43
c605e58a-4845-4343-9db4-49dc77106966,S011,SKU0112,3,12.84,0.0,2026-08-29T18:49:20
161d5c87-53c9-4e59-8f89-e3b2d847dc53,S018,SKU0169,2,7.34,0.73,2026-08-29T05:30:26
5e717fca-020a-4497-b4ed-51458d9765c7,S008,SKU0047,4,2.48,0.0,2026-08-29T01:59:12
c8d57717-9055-436f-8aa5-f9d3335f2f59,S014,SKU0030,1,10.2,0.0,2026-08-29T17:00:28
3e19fc1d-9f6a-4a65-bd54-da044dcd0009,S016,SKU0118,4,2.25,0.0,2026-08-29T20:25:12
f8cbab4c-9779-4e84-9e47-2e2276c3e642,S012,SKU0024,4,3.58,0.0,2026-08-29T04:30:07
c6a07656-c5c9-4b91-bf6e-f9ed7e4ce29f,S017,SKU0070,2,17.56,0.0,2026-08-29T06:07:38
8beb4e78-e683-43a3-bb82-b7963207343e,S019,SKU0002,5,17.98,3.6,2026-08-29T07:43:59
268b84b6-3ec0-4285-8bc4-ec0ec2aef674,S003,SKU0064,5,15.69,0.0,2026-08-29T15:09:40
061efb95-68f8-4063-aeb1-9ad201a1fb0f,S010,SKU0175,4,14.02,0.0,2026-08-29T00:56:42
a2cd1590-58af-493c-8aa2-b4c93ba5bd76,S011,SKU0040,1,8.79,1.76,2026-08-29T03:51:42
0274ce40-e090-46b6-b186-a5a8d6ee526b,S009,SKU0153,1,3.0,0.3,2026-08-29T16:31:53
c2492e5e-005f-40e6-95c3-b2dbf374190d,S020,SKU0116,1,7.59,0.0,2026-08-29T23:53:25
bcf2fc3b-d958-44c2-a053-8c1ba84510a1,S007,SKU0013,3,19.03,3.81,2026-08-29T04:42:30
34879e41-1a9c-472a-8eb9-047dba2ac3d9,S018,SKU0155,3,7.48,0.0,2026-08-29T02:34:29
6b790d01-3cf8-4d20-bbad-793f87a1ec02,S008,SKU0198,4,3.21,0.0,2026-08-29T06:28:52
f8f9a45d-0f55-4896-b610-396b7df59abf,S013,SKU0200,4,3.15,0.0,2026-08-29T05:55:56
47a2a10b-b62e-4b49-a472-96a4ff38b918,S010,SKU0126,4,6.77,0.0,2026-08-29T04:23:27
3b41c943-ebd8-43b1-8b3d-0c3617d09810,S005,SKU0092,4,15.11,0.0,2026-08-29T21:58:23
69be173a-850e-40ad-9872-f72ee5b4a1ae,S016,SKU0115,1,16.89,3.38,2026-08-29T07:16:37
755d814b-5f5b-4255-a544-9887b36ab3ed,S014,SKU0024,4,10.31,2.06,2026-08-29T21:51:27
94ad6252-15bc-4a3e-bf76-55d7f97c6c3c,S014,SKU0162,4,16.5,3.3,2026-08-29T06:47:06
a3209116-222d-46a4-8163-b6ce1877bc06,S015,SKU0174,4,3.22,0.64,2026-08-29T12:26:33
97867b12-1328-4726-a4f4-34d6d1e91691,S017,SKU0162,2,13.48,0.0,2026-08-29T18:02:02
a995ecc3-6f5b-49a6-8ff1-c51f915cb31b,S003,SKU0123,5,3.05,0.3,2026-08-29T15:55:25
4aab47b2-3c9d-428a-a176-1930f6d70248,S008,SKU0134,3,4.25,0.0,2026-08-29T10:56:15
ed1115d7-50a4-4c85-99d5-7b0242d04d55,S003,SKU0012,4,6.97,0.0,2026-08-29T20:03:39
d4f76322-b362-40d2-a498-8bdecd0254db,S004,SKU0119,5,3.49,0.35,2026-08-29T15:02:15
73e7f042-516c-4b0a-9385-3918bc4015fa,S019,SKU0021,5,16.54,0.0,2026-08-29T09:16:45
f18cccdc-131e-4723-bbcd-f203459ee674,S006,SKU0101,5,1.8,0.18,2026-08-29T06:32:14
c5285425-c7a9-433c-a2d8-39d333e4f986,S019,SKU0186,1,3.04,0.0,2026-08-29T11:25:49
1b0c62eb-27c8-4c6c-9be5-a4c395af6d0c,S009,SKU0088,4,15.51,1.55,2026-08-29T22:42:44
50647c59-774f-4354-b316-ce642a147a96,S009,SKU0173,2,5.4,0.0,2026-08-29T21:59:34
5bb8b9c8-8932-49f3-9ee8-9a4c681134e2,S013,SKU0030,1,9.53,0.0,2026-08-29T00:12:46
73b0d676-3527-45c8-8534-ca08f6f24d1c,S013,SKU0169,1,4.68,0.47,2026-08-29T16:45:14
da3c45ca-43d7-4f2b-b69d-e1e34eed4124,S020,SKU0093,5,14.93,0.0,2026-08-29T22:31:07
cebeabaa-2859-4b34-9725-d2c71eb2a7b8,S005,SKU0004,4,16.39,0.0,2026-08-29T04:33:15
b46788bd-d38e-43e4-8de1-087bafa14a55,S001,SKU0054,2,3.57,0.0,2026-08-29T06:51:10
370b9a29-0a53-4df9-9a72-083cb266986c,S018,SKU0049,4,13.5,0.0,2026-08-29T15:51:59
25f88c74-53ea-4919-9b48-62c2d5ff2a1f,S016,SKU0109,1,7.07,0.71,2026-08-29T05:23:40
f7e9101d-3f8b-4433-b60e-695c1759ba96,S016,SKU0121,1,3.65,0.0,2026-08-29T16:12:41
0c880714-8372-47e0-a570-46ea5b11f51f,S007,SKU0076,1,17.41,3.48,2026-08-29T08:50:01
d1f16485-429a-4a7c-8c80-d33aad5be3c8,S011,SKU0003,5,16.84,1.68,2026-08-29T01:51:14
f3bc9a71-07f4-4ee5-ac82-989ffd9cfbb0,S016,SKU0189,1,13.16,1.32,2026-08-29T15:08:04
8e52fc42-73c3-44a6-9ac7-26b667863fb3,S002,SKU0125,5,12.52,2.5,2026-08-29T10:35:12
183fea70-3ff6-479e-8cd4-b90abf8211bc,S016,SKU0060,4,10.49,2.1,2026-08-29T22:15:49
cb371d97-cdcc-4d6a-9a16-998c7648776e,S011,SKU0142,1,11.27,1.13,2026-08-29T20:59:10
0fc98d2e-030f-4be9-9f17-8f9323c97a1e,S004,SKU0127,1,6.46,0.65,2026-08-29T17:14:01
38e7e019-fb89-46c8-87ec-fe71d49347fc,S014,SKU0006,5,18.87,0.0,2026-08-29T16:19:22
668c879b-d2dc-42c8-b2b8-d8aa21768dd7,S012,SKU0113,2,6.83,0.0,2026-08-29T17:05:04
f004e897-a15b-4e18-afb0-64065f4b1a97,S020,SKU0184,2,10.89,2.18,2026-08-29T12:20:53
960be0f4-9513-4c22-9583-9b99a50a13dc,S014,SKU0173,4,3.93,0.0,2026-08-29T14:12:46
13325c31-d010-418a-aadc-9960424211e2,S007,SKU0073,3,16.23,0.0,2026-08-29T22:38:26
329fc417-1081-4d45-bf45-f8a20594b24f,S007,SKU0041,1,13.84,0.0,2026-08-29T06:18:33
cf2e3296-7184-4713-a55f-65b7e709fba6,S010,SKU0061,5,10.61,1.06,2026-08-29T17:58:33
d8e70aeb-e7b3-4085-978b-e96820f87ba2,S009,SKU0092,2,11.8,0.0,2026-08-29T13:03:46
1f5df912-54e0-4431-8f13-3b65d450afa2,S003,SKU0087,2,4.73,0.95,2026-08-29T01:09:50
0cf697a5-7603-436c-b139-4e3c0aee2557,S018,SKU0058,4,3.61,0.0,2026-08-29T04:23:38
6ee35607-92ea-4324-ac93-e5962b015723,S002,SKU0198,4,6.27,0.0,2026-08-29T12:56:02
7f0223bc-651e-4252-b974-4cded259f960,S020,SKU0172,5,6.45,0.0,2026-08-29T18:45:52
6d39da75-aee7-4ab2-a1fa-8e7a078c26ce,S004,SKU0028,1,14.57,1.46,2026-08-29T16:38:37
e886a011-36f7-426c-9a9c-06792c3d17e2,S002,SKU0130,5,12.78,0.0,2026-08-29T20:28:44
722dce13-47a4-4c42-8665-34972fe922aa,S012,SKU0041,1,4.59,0.0,2026-08-29T07:28:40
9d3616a1-08de-4921-a60c-b547e2280fe3,S004,SKU0040,3,14.6,2.92,2026-08-29T18:08:45
a5b40983-3eeb-404a-9df2-372e9e825aae,S007,SKU0113,3,7.69,0.0,2026-08-29T04:28:39
e1fdc6d1-6978-4221-bfb7-5c574b8c031f,S016,SKU0088,4,15.73,0.0,2026-08-29T08:55:54
1674eb65-0f9c-4300-baa1-c5678cf9eea9,S012,SKU0184,3,10.84,0.0,2026-08-29T09:41:07
6b52f93c-2321-464e-a20d-4a1f479f6628,S017,SKU0108,4,8.17,0.0,2026-08-29T05:31:11
cc152a1b-e278-4642-a484-e035330faaa3,S014,SKU0118,2,4.05,0.41,2026-08-29T15:03:06
fe7c80e9-a179-4e93-bfc8-25ac869bc00f,S015,SKU0038,5,16.2,0.0,2026-08-29T01:05:01
04ffeab2-cb7b-4b3a-8b2d-158acd5ae324,S003,SKU0087,1,14.78,2.96,2026-08-29T02:32:00
b69f75c5-c82b-41be-a1eb-64e6fd498e20,S002,SKU0101,3,8.93,0.0,2026-08-29T15:48:14
c80c2195-8b65-44ce-bacc-99705beec570,S002,SKU0162,1,13.71,0.0,2026-08-29T20:55:08
90ce82e8-e9a5-4368-9812-9eb27c13f47a,S018,SKU0078,5,19.49,1.95,2026-08-29T14:38:11
453b45fe-636c-4499-9254-aad3809cd839,S017,SKU0157,3,18.32,0.0,2026-08-29T10:11:11
98dc9e0b-51a1-45df-86ac-10102e0869c1,S007,SKU0140,2,14.46,1.45,2026-08-29T23:26:34
cf89569d-e550-4736-8780-6e713811b519,S013,SKU0199,5,16.08,1.61,2026-08-29T12:34:12
cf03f0c8-0eff-45bd-87eb-340dc74e48ff,S018,SKU0086,2,17.8,0.0,2026-08-29T01:20:45
5b80b8d1-8788-4fed-b8c0-4ed8fdd4ff21,S018,SKU0073,4,14.91,0.0,2026-08-29T18:56:59
3b964c74-ffe6-4994-9580-4c2ac44fc4b8,S017,SKU0088,2,3.22,0.64,2026-08-29T11:22:07
3f738f50-19a2-476f-a8dd-2bfdf956be95,S009,SKU0062,2,1.93,0.39,2026-08-29T21:34:20
889fe107-443b-4d0f-bdbc-3093a8284442,S002,SKU0096,3,14.94,2.99,2026-08-29T04:01:15
bcaff931-ead1-4464-8a8e-858cd0f81063,S002,SKU0194,3,13.1,0.0,2026-08-29T04:30:28
f2a32efd-ff13-4c80-8398-c3320e500785,S015,SKU0087,1,9.8,1.96,2026-08-29T00:11:23
fb8fe8c4-d8b4-4ead-9360-8edf382b5b86,S018,SKU0153,2,16.4,3.28,2026-08-29T20:35:33
ef69a980-5ad4-49ef-a36f-a890cc21cbdb,S005,SKU0183,2,7.98,0.0,2026-08-29T20:51:13
2c78644f-d860-45a2-bdd5-b0f8d6d744fd,S011,SKU0133,4,11.11,0.0,2026-08-29T03:49:52
5168bbf2-97af-4bde-bc8e-9d782d14e9f4,S004,SKU0038,5,5.06,0.0,2026-08-29T16:32:27
5bd93609-b297-4782-bcf4-74aace63cb1a,S002,SKU0109,4,16.83,0.0,2026-08-29T03:21:31
b4157cea-0738-4ba4-9770-a3dbe9fa97e2,S012,SKU0174,2,10.31,1.03,2026-08-29T02:50:33
91519998-f293-4585-9a07-d758b357f3f9,S013,SKU0068,5,8.95,1.79,2026-08-29T18:53:39
f2c84743-9027-4770-a460-d0d2904883c1,S016,SKU0188,5,10.73,1.07,2026-08-29T16:01:22
cf767343-fced-4994-9631-c383303014d0,S005,SKU0125,4,16.74,0.0,2026-08-29T18:24:54
8ac8ad93-7e02-421d-b86b-543ae1b243cc,S004,SKU0178,4,3.89,0.78,2026-08-29T19:15:55
09b7fdf7-7d8d-4ddd-acf1-49cb4f1e1a37,S018,SKU0095,2,9.93,0.0,2026-08-29T05:42:37
9a069295-3b8d-4447-8e61-065f171b1b80,S004,SKU0095,1,12.63,1.26,2026-08-29T04:01:01
7a5d7c82-86c5-447c-851a-00393803dcee,S004,SKU0096,5,6.86,1.37,2026-08-29T05:34:53
9d37efb6-eafb-4e90-94ec-84ce002ccb25,S016,SKU0008,3,19.83,0.0,2026-08-29T10:42:12
573bfc17-2167-435e-8e73-34f233932b6c,S002,SKU0079,2,4.13,0.83,2026-08-29T15:21:20
cd6bb03b-eb35-47a0-ad6e-0291b7893986,S004,SKU0141,3,5.49,0.55,2026-08-29T00:04:33
0f3f0f48-52d6-4779-9e43-79cbd8230076,S016,SKU0147,3,2.75,0.0,2026-08-29T15:12:12
b466fab6-962c-44dd-a5d0-7461059c1574,S016,SKU0185,3,11.97,0.0,2026-08-29T13:44:14
1c654aa2-c63c-421d-a443-5958eacf33a9,S015,SKU0195,5,3.96,0.0,2026-08-29T18:22:40
5d696bc8-dc54-459b-86bb-42c7d8b2f8b6,S003,SKU0160,4,13.84,0.0,2026-08-29T11:50:26
b45c9a54-5fa3-4531-9291-6e60f5e72daf,S011,SKU0139,5,9.08,0.0,2026-08-29T14:23:45
96053035-6545-4030-a981-fa54f121e129,S003,SKU0043,1,19.22,1.92,2026-08-29T10:05:56
52961fb3-4d40-4b28-9628-ddcd19dd3e8c,S004,SKU0165,1,12.08,0.0,2026-08-29T20:25:37
bb7b6c05-2852-4ca2-b9d2-014a22ee7f07,S019,SKU0194,5,3.08,0.62,2026-08-29T19:43:39
a3a6ef83-cab6-4107-afd6-9b3af2dd9456,S016,SKU0129,1,19.21,3.84,2026-08-29T06:53:44
51397c06-a630-4d9d-bcb9-23f5f5edf382,S001,SKU0071,1,3.73,0.75,2026-08-29T06:32:39
8fddbebc-f7ff-48d4-b509-f08a2c988bca,S003,SKU0137,2,6.04,1.21,2026-08-29T16:10:26
9d1c0838-edc8-4ca8-a3bc-d6f3b18d2c8c,S016,SKU0006,5,7.43,1.49,2026-08-29T01:38:16
aa604892-3926-42e9-9b58-eb49c9784b52,S017,SKU0082,3,9.58,0.96,2026-08-29T00:52:33
60ddc7f1-2ce3-4822-9080-12b896c56fe7,S018,SKU0044,4,6.26,0.0,2026-08-29T03:36:59
4b657bcc-b041-4f19-bbe7-18354e8bf78a,S005,SKU0079,3,4.16,0.0,2026-08-29T03:15:47
0075d3d5-ba94-4a66-ad7e-4a452099e71f,S011,SKU0047,4,14.05,0.0,2026-08-29T22:22:20
92a54d04-f2dd-41f5-b3b6-d344f2e3c6f0,S004,SKU0082,1,14.7,0.0,2026-08-29T14:11:50
c55523ed-fe89-46c8-99cb-3540643ffdae,S013,SKU0031,2,9.14,0.0,2026-08-29T09:23:27
2e9ce8ff-084a-4c4b-9146-8cdcf7164b73,S008,SKU0127,1,5.25,1.05,2026-08-29T21:20:12
cf0df860-ebc9-4914-9176-a9d19a3624d6,S009,SKU0016,5,15.42,1.54,2026-08-29T04:11:23
a3bfe403-388c-4751-9c83-79aef7b02805,S016,SKU0008,3,10.1,1.01,2026-08-29T02:22:59
7f05fbf5-efca-4577-9aa6-f7cb90c7e6ac,S018,SKU0151,4,13.22,0.0,2026-08-29T09:47:59
13eb22c9-bece-421a-94c7-743b2401342a,S005,SKU0078,1,6.06,1.21,2026-08-29T23:43:20
51cbf9e5-fb7d-4ba1-98c8-8c483ced4d1f,S017,SKU0053,5,9.02,0.0,2026-08-29T23:08:55
f68c62e6-e2a4-4909-a2dd-22d52afaab7b,S018,SKU0109,2,8.41,0.0,2026-08-29T08:55:33
ab86bafd-b57e-4883-9258-6d9016b6bf61,S020,SKU0075,5,9.86,0.0,2026-08-29T16:55:02
55f3ad50-e2fb-4984-bab2-7bcea39c3bd5,S020,SKU0065,2,1.51,0.15,2026-08-29T09:57:02
35adde88-43e4-4668-82ea-d2df725656e3,S017,SKU0073,4,19.99,0.0,2026-08-29T21:18:17
59b9222c-115a-4fac-b173-fcdf3fe1e8f3,S003,SKU0077,1,4.49,0.9,2026-08-29T20:30:04
b86d066b-1ba8-47c6-897a-24ad41b455b8,S018,SKU0072,1,8.81,0.0,2026-08-29T05:05:04
702f31e5-62cc-4604-8c53-644b0053f649,S011,SKU0163,4,5.4,1.08,2026-08-29T11:35:20
2a9527f6-f817-4ebf-ab6e-64c5bb8aa843,S008,SKU0170,3,19.62,1.96,2026-08-29T09:56:24
e1bbb8cd-7e3a-4f07-a9fd-28e6e271fff9,S011,SKU0005,3,7.82,0.78,2026-08-29T21:49:39
6016c743-8bc8-4a02-99ea-493660f34ebc,S016,SKU0002,2,13.46,0.0,2026-08-29T22:09:54
c9ea356a-7abf-4ebf-942c-b1ae19f738cb,S016,SKU0196,1,13.95,1.4,2026-08-29T20:14:08
c21c3fb3-a6a5-40ff-93fb-71d0dd326d9c,S001,SKU0172,4,11.46,0.0,2026-08-29T19:36:41
7387928a-29a3-4b6d-b9bf-ca38afe9be90,S020,SKU0092,4,13.94,0.0,2026-08-29T13:42:12
088dbd82-d883-43f8-8c98-03de12de9e5a,S015,SKU0095,4,4.78,0.0,2026-08-29T04:32:33
42d943ee-5197-4e75-8523-d4fd4b7f2183,S009,SKU0175,2,9.72,0.0,2026-08-29T00:43:12
5780be17-12fe-4c2b-9acf-42c5f3a02120,S010,SKU0184,3,5.04,1.01,2026-08-29T22:45:51
29310971-601e-4211-a34f-76b42b8c03bf,S002,SKU0072,2,5.83,0.58,2026-08-29T13:12:59
f11c0ac5-8c0b-493a-9333-5bc9bb635ff5,S001,SKU0051,4,18.23,3.65,2026-08-29T07:36:45
5683ede0-17d5-4563-ba60-ede1e5eb772d,S017,SKU0127,4,3.55,0.0,2026-08-29T20:43:13
e4aa786d-9d17-4218-bc3b-0de5981262ac,S019,SKU0045,2,11.71,2.34,2026-08-29T21:57:12
6e6b34b9-07ef-4ba8-b45a-6ab37b94a34d,S009,SKU0146,1,12.38,0.0,2026-08-29T04:38:22
9b792afa-2a3d-418d-a754-a29ff143e545,S001,SKU0178,2,17.8,0.0,2026-08-29T06:59:06
0db5d441-2837-4418-af27-c1b9e3c6dedb,S001,SKU0110,5,12.87,2.57,2026-08-29T16:31:37
f9722cc1-349e-44a9-94c2-9d5c19ec0829,S014,SKU0071,1,17.3,0.0,2026-08-29T15:44:54
8dda4ff2-b27b-4bb4-a8c6-90b230a2cee8,S012,SKU0133,1,14.08,1.41,2026-08-29T18:02:35
8a45a905-badf-4397-acf2-6429b8d77d2f,S009,SKU0108,1,17.85,0.0,2026-08-29T01:42:35
4c2272f3-4811-4562-a91c-f19243e8644b,S007,SKU0086,5,9.8,0.0,2026-08-29T14:16:01
64953d5f-0cb4-4891-988d-f23b3ccff6eb,S014,SKU0020,1,17.78,0.0,2026-08-29T08:12:53
7daec949-d700-4461-8cb6-b0ba925f8199,S003,SKU0161,2,5.14,0.0,2026-08-29T11:18:57
00fa0eb4-5c5f-48d4-8df4-07b82751ab86,S019,SKU0161,1,2.02,0.2,2026-08-29T00:52:28
d2eaef18-4b67-47a1-966e-cfe36d779595,S016,SKU0062,3,17.05,0.0,2026-08-29T03:55:34
7af6cd41-99a7-499b-a005-f5e1a97a2846,S008,SKU0019,3,16.9,0.0,2026-08-29T18:55:14
34fadee1-0696-4d48-98d4-2238331de35c,S015,SKU0149,5,12.96,0.0,2026-08-29T22:46:05
fa207403-4ab4-47e3-a360-76812bbba89d,S013,SKU0081,1,3.08,0.0,2026-08-29T01:12:50
1d91fe39-d801-4004-b93b-ed1b14f9c394,S002,SKU0078,1,15.98,0.0,2026-08-29T16:05:23
788fd0cd-65c0-4b93-88ed-abdd4ef03f80,S002,SKU0144,5,13.08,0.0,2026-08-29T03:42:26
43d75413-a939-4bd1-a516-b0d47d3572cc,S004,SKU0159,1,6.96,0.7,2026-08-29T14:37:29
6334fa2a-8b4b-47e7-a451-5ae01754bf08,S001,SKU0117,4,5.81,1.16,2026-08-29T22:43:09
61a66444-e2af-4629-9efb-336e2f546033,S020,SKU0026,4,10.09,1.01,2026-08-29T22:34:52
0b6c03c8-721e-4419-afc3-e6495e911b91,S017,SKU0085,3,13.54,0.0,2026-08-29T16:31:56
436e3c49-770e-49db-b092-d40143675d58,S020,SKU0183,5,5.06,0.0,2026-08-29T00:26:50
907276ea-44c0-4a9a-964a-cb1f39eb038a,S005,SKU0164,1,12.47,0.0,2026-08-29T20:52:12
b24beb96-c092-4b74-a6b0-7ff60fc79913,S020,SKU0114,5,6.24,0.62,2026-08-29T17:31:37
ab0b4cc5-15f0-4a19-98c1-80d2aadf3692,S005,SKU0080,2,6.0,0.0,2026-08-29T02:12:08
69fb0763-8a9c-46f7-8ee4-e5125802b640,S019,SKU0139,5,9.56,0.0,2026-08-29T11:19:48
3a3e46b0-96f8-4ff7-81a7-2883f8802878,S011,SKU0075,2,4.23,0.0,2026-08-29T21:57:59
6319629b-d73e-4bb9-8f9c-a17b8db8dadf,S005,SKU0015,3,19.45,3.89,2026-08-29T21:21:05
f7336094-6b2b-48b9-85c7-f3bed183010f,S014,SKU0089,2,10.88,2.18,2026-08-29T01:59:17
efb56207-ddec-440b-afe3-af13891778e8,S011,SKU0049,2,19.57,0.0,2026-08-29T02:29:25
3c53090e-e1b4-4171-929d-674d798e175f,S011,SKU0149,4,14.35,1.44,2026-08-29T21:50:12
6511e61a-1436-45f5-8c81-926079ec533c,S014,SKU0085,5,19.32,3.86,2026-08-29T10:54:33
08e3f771-b6dc-4d05-9a9b-ccc1e71c681a,S008,SKU0001,2,3.44,0.0,2026-08-29T18:03:22
844e250b-e684-490c-923b-78208089b8c5,S007,SKU0062,2,14.32,1.43,2026-08-29T22:42:58
fb95d0fc-ad72-4d05-924c-de09ccea5031,S007,SKU0103,4,15.09,0.0,2026-08-29T13:41:11
f3025d16-1eca-4ae9-a5bf-213d9eca381b,S001,SKU0019,2,16.78,0.0,2026-08-29T13:12:35
f2f5b176-2c41-4bd3-b2f4-44abc1d71f4a,S010,SKU0113,3,2.06,0.0,2026-08-29T05:11:04
363e6ef4-f8df-4c3a-aacb-4fbdfbff8a7d,S001,SKU0051,2,13.18,0.0,2026-08-29T01:35:54
0aeccec7-204d-49da-b156-7f2acef74829,S006,SKU0087,2,6.76,0.0,2026-08-29T09:32:20
aee14f87-fcff-49e3-940f-f5896c624c2c,S006,SKU0068,5,6.05,0.0,2026-08-29T00:46:57
d2938e6e-ff4d-4930-b3b0-fb536f75ee8a,S004,SKU0087,1,1.89,0.0,2026-08-29T13:47:46
98550b1e-d588-4c1c-a5db-5946a091e5b4,S012,SKU0170,2,7.14,0.0,2026-08-29T13:27:29
ba236c22-e92a-4b97-91db-1a374204d733,S003,SKU0031,2,18.91,3.78,2026-08-29T15:47:28
16476e3f-1127-4207-8eae-1325ea074d80,S007,SKU0137,2,17.83,0.0,2026-08-29T06:54:16
8d536c75-65b9-4e94-8e6d-e263635a775d,S014,SKU0163,4,14.35,0.0,2026-08-29T21:49:44
850a48d4-46b5-48de-9b4b-b8eb537d0bd1,S007,SKU0138,2,18.54,3.71,2026-08-29T21:23:01
032a461a-df9b-4c1f-aacb-1f6d7549c9f9,S002,SKU0162,3,16.11,0.0,2026-08-29T08:59:57
966b62ea-9f80-496b-b34e-356ac95b61f8,S016,SKU0054,3,17.65,3.53,2026-08-29T21:15:56
1cce08e9-6b6a-4061-881c-8d3185c69fbf,S006,SKU0131,1,16.02,3.2,2026-08-29T02:21:43
910c4cb7-25f0-4b0a-a64e-f59d6a18e5af,S016,SKU0133,4,15.4,3.08,2026-08-29T13:37:35
f6ff3521-c225-4530-952a-53459682d9ff,S016,SKU0184,4,4.81,0.0,2026-08-29T19:07:55
1b0ae22e-ecc8-47a6-99a6-f80ef08ce6c2,S019,SKU0167,4,10.26,2.05,2026-08-29T14:35:52
c926a021-19da-4262-8790-3dc5900c0af7,S008,SKU0102,1,5.33,0.0,2026-08-29T16:27:35
e1509425-891f-4683-9e12-dbf1493d6196,S006,SKU0096,2,7.16,0.72,2026-08-29T20:48:10
439e754c-6930-46ea-a0bd-a1ee5807cf74,S010,SKU0114,3,11.69,0.0,2026-08-29T03:03:33
92701d60-7c4f-48e4-a7a0-2a3d620f230b,S015,SKU0132,5,8.0,1.6,2026-08-29T01:29:52
2c154804-0997-49a3-b919-955c9be4f19f,S014,SKU0105,5,7.72,0.77,2026-08-29T17:01:22
9e45455e-24d3-4751-a729-4d3c46818a88,S013,SKU0007,3,16.38,0.0,2026-08-29T09:56:25
66d71d97-b193-48b8-ae49-c0799bd0d4c7,S003,SKU0092,2,9.67,0.0,2026-08-29T23:29:47
e1035e1c-e3bb-42ae-a552-ac5309eda6f5,S018,SKU0165,1,6.95,1.39,2026-08-29T18:40:12
0c9e5550-3cd1-4f3f-b0c5-827854dccba5,S004,SKU0019,1,16.04,0.0,2026-08-29T03:34:58
44c1f1b5-ebbb-4763-b9a7-e63bbee975da,S007,SKU0173,3,2.21,0.0,2026-08-29T12:09:06
567e642e-052d-4b9a-9f58-4603e5a3d8e9,S020,SKU0036,3,6.13,0.0,2026-08-29T06:56:27
4f9a5f98-4d95-4273-8b2c-c805d1403430,S010,SKU0089,5,18.38,0.0,2026-08-29T10:54:12
dbb54645-7dda-41b6-97c4-caed47c4cc51,S001,SKU0121,4,19.0,3.8,2026-08-29T23:51:32
f8f58a26-1924-4644-af52-7666b23909f4,S008,SKU0059,5,19.8,0.0,2026-08-29T14:28:21
4cec495b-2267-46e3-ba5b-6ac5de703b72,S018,SKU0194,2,10.28,2.06,2026-08-29T21:22:19
c626e38f-716f-4276-be64-ac2af96671a5,S003,SKU0081,4,14.87,1.49,2026-08-29T12:24:10
ba92992e-44f8-453c-9224-6d05d3692867,S015,SKU0116,2,9.43,0.94,2026-08-29T07:37:50
16db80db-a543-448e-9adf-e9816ab19e15,S005,SKU0079,5,2.06,0.0,2026-08-29T21:01:35
e9d6bb7e-361d-4014-b114-56de301c8db3,S008,SKU0108,1,10.75,0.0,2026-08-29T12:22:21
7c059799-bdae-4eff-a83c-510ed2efa93b,S010,SKU0084,4,14.19,1.42,2026-08-29T19:34:24
5fb8944d-de00-48aa-8439-6fc0c26e2706,S005,SKU0085,5,1.93,0.0,2026-08-29T05:03:56
ca9f1d59-83e8-4700-8e63-813ed22e3226,S019,SKU0101,5,13.15,2.63,2026-08-29T22:07:50
b5a6571c-4fa5-435e-90cc-460428b26b1b,S018,SKU0099,4,5.28,0.53,2026-08-29T02:19:10
c7cfeca8-22b9-424c-a744-3fb881bd55d5,S015,SKU0164,2,10.28,0.0,2026-08-29T20:44:07
9194821e-e11b-40d4-8637-9f04d9ee7dc9,S006,SKU0009,3,3.22,0.0,2026-08-29T20:07:50
e00bd534-3158-41fb-ac7a-0d3107692583,S003,SKU0099,5,10.54,0.0,2026-08-29T07:14:43
0ec0ad4b-d644-4a9d-b362-d476d53ae57f,S003,SKU0117,3,5.31,0.0,2026-08-29T19:05:33
0cf173f9-74d9-41f5-8877-58043fde9814,S011,SKU0106,1,8.32,0.0,2026-08-29T06:15:21
32f8dbab-b462-43e8-9c41-8a83eb04159c,S018,SKU0108,4,4.41,0.0,2026-08-29T04:42:06
76d70561-d2d1-4ef5-9e4c-4fd1462363a9,S005,SKU0053,4,15.25,1.53,2026-08-29T07:31:03
ec4e8cbb-a2aa-478c-a59e-0258814ff657,S020,SKU0148,3,9.5,0.95,2026-08-29T05:46:51
3defa7ba-07d2-4d4d-ae61-716a1fb621ae,S009,SKU0052,3,12.37,2.47,2026-08-29T16:42:36
7233d5af-9813-4da1-bd21-20ad5f59fb4d,S013,SKU0155,1,19.84,1.98,2026-08-29T02:19:44
797e3984-ded7-43ef-b5e4-a9c12d761ffa,S015,SKU0119,2,11.23,2.25,2026-08-29T17:52:30
5820b3f2-5989-4d6c-8d24-34f9963dc8bf,S015,SKU0089,5,2.22,0.0,2026-08-29T10:28:57
42378962-e4fd-4c34-9670-7a2129dc073e,S008,SKU0046,3,8.74,0.0,2026-08-29T15:06:41
1723ecdb-b058-4256-94b3-e8cfbfbbeab3,S006,SKU0179,5,15.07,1.51,2026-08-29T14:00:18
0cb5ee5c-62f5-47c2-8706-fec248fa4e98,S006,SKU0071,5,3.27,0.0,2026-08-29T08:43:37
c7a2f280-927f-4103-9a94-08c029b44cb1,S016,SKU0106,5,6.9,0.0,2026-08-29T07:54:36
38aa76df-db6b-439b-b6dd-9529f704d72f,S004,SKU0130,5,3.74,0.0,2026-08-29T02:47:11
34ec5264-ad7d-4f81-b9a0-f145a5bab050,S007,SKU0130,3,9.09,0.0,2026-08-29T09:12:10
83666636-68d5-46b8-a6ce-6d7a44e2a94b,S015,SKU0098,1,10.05,0.0,2026-08-29T23:15:37
f796611f-c7c1-4b1b-9d58-631b052226b9,S002,SKU0003,3,15.3,0.0,2026-08-29T14:26:32
795e6f2b-0247-4360-aea4-a441c47fa57e,S015,SKU0125,3,3.62,0.0,2026-08-29T11:54:35
2c56e0cd-a5ba-4472-a1df-5609e959137f,S008,SKU0183,4,2.76,0.55,2026-08-29T23:55:17
3948fe22-022a-4dda-8d05-79e299e4704c,S006,SKU0005,4,4.09,0.0,2026-08-29T05:52:30
f168c605-ce1a-4669-9bbc-6cbc409ca8f2,S018,SKU0190,5,3.36,0.0,2026-08-29T04:31:12
b599277f-f78e-49e8-b676-291d4e329b4b,S005,SKU0113,4,4.62,0.0,2026-08-29T09:56:55
e53e5f4c-6c7e-4a2c-867f-358ba48aa108,S007,SKU0114,3,4.79,0.0,2026-08-29T19:22:49
7580e4e9-5945-4186-9a01-8d296060b1eb,S004,SKU0100,1,16.98,3.4,2026-08-29T23:20:18
4d59616b-7779-457f-b7dc-8c784082fcda,S002,SKU0198,3,9.71,1.94,2026-08-29T00:10:11
9fa4a627-d306-48be-8548-867bad5cba24,S008,SKU0052,4,15.69,0.0,2026-08-29T13:38:25
01e187d8-1a31-4044-95a0-f35665abc9ff,S011,SKU0050,1,1.8,0.0,2026-08-29T00:31:48
f76b9723-a990-4071-bfda-9a9382f29004,S006,SKU0012,1,5.58,0.0,2026-08-29T06:06:44
8fbba749-5fcd-459e-96e1-8109d7e174e6,S018,SKU0161,4,10.98,0.0,2026-08-29T11:44:54
485d831c-9bea-4529-9801-7a2fa5b83693,S014,SKU0031,2,13.06,2.61,2026-08-29T14:23:01
7b53359e-1bac-4d0d-af35-b30b4c68eb17,S006,SKU0004,2,5.45,0.0,2026-08-29T11:46:24
46c79b36-fd05-4963-9616-af7e1057a002,S007,SKU0118,4,13.6,0.0,2026-08-29T14:10:11
46e1ee40-dc8a-46a7-933c-2ed5a3fe0479,S020,SKU0095,2,2.72,0.0,2026-08-29T23:39:49
f3c2944a-b60a-4dcc-a7f7-745142da8609,S010,SKU0197,1,2.75,0.0,2026-08-29T14:58:03
30385dd7-4c7d-4313-a6c6-81b0e4729be5,S019,SKU0044,5,10.74,0.0,2026-08-29T19:31:18
3d846fc9-c3f6-4136-846d-5a3b2661c426,S013,SKU0174,3,19.24,3.85,2026-08-29T11:48:33
db7904e0-ce30-461d-8e88-c8ece651e3e1,S003,SKU0086,2,7.64,0.0,2026-08-29T17:33:13
6772fe9f-999b-4859-8f5e-0f0bcd67b5df,S013,SKU0131,1,12.76,2.55,2026-08-29T16:20:39
23d26b8d-ae46-424d-91d0-5ef3a91883fc,S001,SKU0158,2,10.81,0.0,2026-08-29T08:28:08
7f53d344-a7c8-44e4-8684-3c86b8a60402,S020,SKU0021,1,7.21,0.72,2026-08-29T08:52:02
e82b5b36-4269-428c-8bac-bedfff5a229e,S007,SKU0039,1,4.04,0.4,2026-08-29T10:47:57
bc9a7998-6365-4c2a-a793-cb096b271eff,S020,SKU0114,4,5.28,0.0,2026-08-29T08:40:03
fea82e3a-b544-41cb-9541-0a9d090aaa93,S002,SKU0134,3,3.98,0.0,2026-08-29T23:25:58
57d9cbb0-309e-47ba-90e6-56e592715f6e,S008,SKU0188,4,13.49,0.0,2026-08-29T00:51:45
afb28b3d-38ec-4b4d-b69f-5eabb9ff2c29,S002,SKU0171,3,7.84,0.0,2026-08-29T19:38:08
79c9c839-c8ef-4377-a368-84f588ddd880,S013,SKU0134,2,16.33,0.0,2026-08-29T22:08:20
5bc677ca-abff-4286-b0cf-9d73e8121ef0,S016,SKU0018,3,4.9,0.0,2026-08-29T02:21:09
2b843ef3-d86d-455d-8cd9-916481df62f4,S005,SKU0024,2,2.46,0.0,2026-08-29T07:26:07
8ee9581a-e061-465f-a859-6f8cd73418fe,S017,SKU0021,2,12.46,0.0,2026-08-29T08:36:13
7885187d-18fc-43b7-8b35-6e9a2e5eeb6a,S007,SKU0063,4,14.91,0.0,2026-08-29T05:58:36
b9a5d4d0-4237-41f1-bdac-dc5e20c0f275,S010,SKU0148,4,4.76,0.0,2026-08-29T11:02:08
e9a1c6d5-c34e-4baf-8f1c-b2ccceef9fa8,S016,SKU0021,4,19.4,0.0,2026-08-29T09:53:53
e64b9b37-ae01-4122-b269-921c2edd9141,S015,SKU0109,3,8.87,0.0,2026-08-29T17:08:17
38e59b27-16dc-4a6e-a789-077055ec024a,S016,SKU0006,5,12.77,1.28,2026-08-29T05:40:31
df162ec3-be84-4aa2-b92c-04da5af3da5a,S020,SKU0138,4,9.41,0.0,2026-08-29T10:55:51
e3082ddc-c9c0-4b7d-aba4-170b4e9d23e9,S013,SKU0119,2,11.73,0.0,2026-08-29T09:22:03
95e7f614-42b4-4281-9f26-946654d1332a,S020,SKU0124,3,9.89,0.99,2026-08-29T20:28:01
1e26ed31-d9e9-4758-b6b9-04364b46ef33,S005,SKU0049,1,7.66,0.77,2026-08-29T07:07:32
a267d32f-ddcb-44bc-8dbd-c5da787515b9,S016,SKU0104,1,1.74,0.35,2026-08-29T13:37:34
9ee339ff-f1bd-4598-948f-664a9565257b,S016,SKU0079,4,18.9,0.0,2026-08-29T13:58:56
31cd9f6e-e3b1-4d36-b8e3-6397123b31cf,S013,SKU0145,5,2.82,0.0,2026-08-29T04:31:55
ae423568-de14-453b-9eac-41d9801f4909,S012,SKU0131,2,5.09,0.51,2026-08-29T09:17:37
69c165ae-4c61-4ae8-87a3-7f1061b512ed,S013,SKU0109,4,13.25,0.0,2026-08-29T02:06:03
26996aab-daaf-4529-9eef-f82a0dd70158,S001,SKU0179,2,5.98,0.0,2026-08-29T13:09:31
57b936b0-3346-4332-be0a-824e232a5e82,S009,SKU0064,2,6.33,0.63,2026-08-29T05:21:55
e4917f7d-91c4-4efc-bcb8-96bb68c0cbef,S004,SKU0198,5,12.2,0.0,2026-08-29T00:26:57
24aa5685-7523-46ce-bc95-0bbae8184f34,S019,SKU0021,1,13.42,1.34,2026-08-29T14:28:42
2e2bdc6c-b736-4c4f-9cc5-d97550fe8199,S014,SKU0065,5,18.33,1.83,2026-08-29T06:02:14
55273407-7cd2-492f-94b0-0f62c768b07f,S013,SKU0151,3,10.76,2.15,2026-08-29T23:58:29
503be788-2d44-4af8-bc94-76b1a18b5d15,S019,SKU0199,3,15.08,0.0,2026-08-29T03:58:42
73b9c2ac-0134-476b-8ed9-fa95a26e865b,S013,SKU0179,3,16.56,0.0,2026-08-29T07:37:42
c606ddc4-c2dd-401d-b59a-15334605ec0e,S001,SKU0025,3,1.62,0.0,2026-08-29T17:54:11
288f3435-c3b5-44db-9387-03c92b29bf36,S014,SKU0168,1,15.81,1.58,2026-08-29T19:06:47
c79ddb62-c379-44c1-8903-94ea7d54ec82,S012,SKU0048,3,15.06,0.0,2026-08-29T06:25:21
6f07b60f-9d4e-4b5d-a120-bfba1689e0b8,S004,SKU0116,2,5.16,0.0,2026-08-29T18:17:58
6dd49c96-6744-4b9e-aded-cba5a22c3d4f,S002,SKU0192,5,16.57,0.0,2026-08-29T07:18:57
0131ff3b-6221-4670-ba36-e788f71fb9a6,S014,SKU0113,2,16.47,0.0,2026-08-29T09:26:33
bb0c7919-330c-4ff5-88a5-fa0d09a85dc5,S010,SKU0022,5,3.52,0.0,2026-08-29T02:54:20
e45a87e8-039a-4ed5-b337-b2615f8392d5,S001,SKU0150,4,3.81,0.0,2026-08-29T12:27:26
87f1d48c-d54e-4948-81c0-c5e3527c8f50,S002,SKU0069,2,10.34,0.0,2026-08-29T00:20:46
010e4265-ad3f-4dd4-8496-26ba30c9a2be,S007,SKU0134,1,13.81,0.0,2026-08-29T03:31:33
39ec8ca1-3fb2-4f47-bbcd-6c18a06e8de5,S016,SKU0122,1,8.45,1.69,2026-08-29T09:40:43
4fe54745-5827-4e80-a082-1918b18ad67d,S011,SKU0081,3,12.68,0.0,2026-08-29T13:29:59
80daa8ca-6230-4d27-9a4b-160621019bff,S020,SKU0015,2,18.91,1.89,2026-08-29T13:46:42
10b6a662-2ac1-45ca-8e5d-8f1296b31f4a,S015,SKU0179,3,17.65,0.0,2026-08-29T00:06:44
f2ce7eeb-4c56-4b8f-8bb4-32b3d2e76deb,S020,SKU0032,4,14.92,0.0,2026-08-29T00:56:05
85319f0f-ba53-4122-b4b7-96204a73b0bf,S015,SKU0159,5,6.67,0.0,2026-08-29T13:24:50
6f04af36-567c-4d44-862c-92fd98abb2e7,S011,SKU0005,4,11.03,0.0,2026-08-29T00:06:50
2240063b-fed7-47be-afd0-d2f7e3524444,S008,SKU0156,3,17.66,0.0,2026-08-29T16:10:36
7d7c59a5-e6c1-4650-bf02-f5b057bd56c9,S012,SKU0110,4,8.9,1.78,2026-08-29T02:57:45
2a35ce30-303c-404b-8007-93365bf7dda1,S010,SKU0156,4,19.76,0.0,2026-08-29T14:00:44
cfdfc6f9-eb0f-427c-a82a-3879f2b5a7ea,S017,SKU0009,2,14.67,2.93,2026-08-29T20:49:19
396d1ffb-3a79-4efa-84e5-5bd56744acd4,S018,SKU0120,2,10.71,0.0,2026-08-29T10:58:18
3610901c-2196-43b5-bc21-109bba27bc64,S018,SKU0062,2,18.08,0.0,2026-08-29T17:33:18
812faa38-96f6-4c09-859c-1ba0bbec721d,S014,SKU0184,2,5.42,0.0,2026-08-29T03:50:24
b60b4f87-5dd8-4ffc-9f87-8b322b429596,S009,SKU0057,1,4.46,0.0,2026-08-29T13:57:44
600c9c71-0990-4647-8ac8-d87ea689d07f,S018,SKU0163,3,13.82,0.0,2026-08-29T04:56:33
c5709e30-417b-4634-a3ec-152ce0653245,S019,SKU0197,4,3.17,0.0,2026-08-29T08:08:54
980b6853-0c70-41eb-9f85-c2dd88e44a48,S013,SKU0168,5,2.7,0.0,2026-08-29T13:43:35
1bad52a8-a976-4c4d-8c47-2187fea35d37,S008,SKU0067,5,19.38,1.94,2026-08-29T08:29:47
0c5921f8-050d-4bfe-960b-f603a750350e,S011,SKU0190,1,6.88,0.0,2026-08-29T03:14:43
71be94c3-6ab1-4db6-9da4-66feb0937085,S012,SKU0033,5,18.84,0.0,2026-08-29T20:51:23
40b374f8-8c1a-42c7-9fa3-ed1f61584f88,S010,SKU0016,3,19.15,3.83,2026-08-29T00:03:40
349b5089-2733-4670-b3ad-a2ba797209c0,S011,SKU0198,5,11.41,1.14,2026-08-29T15:25:35
0261c87a-a15c-459a-af8c-a888b1f81ad9,S020,SKU0152,3,16.25,0.0,2026-08-29T18:55:24
19d9d0b5-a962-4996-abbe-3b5a4d15f7d8,S015,SKU0081,2,3.47,0.0,2026-08-29T19:35:55
9f6facc1-451d-48fe-8532-fc74a9987bdf,S016,SKU0175,2,16.6,0.0,2026-08-29T07:58:12
6b382a0a-231d-460b-b362-cd559b0ada0b,S002,SKU0154,4,4.23,0.0,2026-08-29T05:18:39
82f73861-1adb-48cf-a60c-1638d4a5a81e,S019,SKU0123,3,7.21,0.0,2026-08-29T09:57:21
485f7888-1e23-4a4b-9e21-741fb8011026,S011,SKU0040,2,10.66,1.07,2026-08-29T02:08:28
7f6bd3c6-1b34-4937-88e6-09391d2fed2a,S006,SKU0125,2,17.19,0.0,2026-08-29T01:54:49
c72850c1-3322-468b-9be7-8aec32da81f0,S018,SKU0101,4,7.03,0.0,2026-08-29T00:47:06
f91e5fcd-85ec-4729-94dd-1b56435391b2,S013,SKU0101,3,9.32,0.93,2026-08-29T12:40:53
68e5c8cd-b414-4e4a-9ba0-c3e033a0daa7,S007,SKU0180,1,11.27,0.0,2026-08-29T10:16:50
8c52d271-0a16-4e18-a90e-3e894b9c22f4,S019,SKU0014,5,8.78,0.0,2026-08-29T11:46:31
b02e21aa-352b-4ec8-a90d-21cb7f111a36,S005,SKU0114,3,9.96,0.0,2026-08-29T21:00:49
3c088990-54a2-4051-bb0c-cad9eee13cae,S007,SKU0192,4,6.89,0.0,2026-08-29T07:38:14
16c8e3d7-abf0-463e-8343-8b6400b3700f,S019,SKU0027,2,15.1,0.0,2026-08-29T13:11:17
92fbacf6-d5d1-4669-9c45-3357e8294a67,S002,SKU0025,2,8.47,0.85,2026-08-29T06:07:29
f30ee4fe-262e-4559-be7d-9a19ab450578,S004,SKU0132,3,19.52,0.0,2026-08-29T01:54:37
13365c0c-82ff-4f2e-878f-07cf170fa87b,S013,SKU0063,3,12.48,0.0,2026-08-29T22:49:38
e79f9f3d-19ee-4c3b-b93c-4b0bb93b770c,S010,SKU0177,1,3.7,0.37,2026-08-29T17:47:25
74eda60e-3b2d-420b-a4f3-418541822509,S003,SKU0200,5,19.16,1.92,2026-08-29T23:58:33
439db29d-4bc8-4c16-ba2f-bd74fd1935cc,S015,SKU0095,4,17.5,1.75,2026-08-29T10:01:13
d02c75f9-198d-43a4-8cd2-0e4376dae194,S016,SKU0165,1,3.72,0.0,2026-08-29T04:26:37
da2cf852-0a19-4939-9fc7-ab262cb941fc,S019,SKU0123,5,5.66,1.13,2026-08-29T20:51:41
ad409244-cd35-46ef-9c37-07394a629c5e,S006,SKU0099,3,14.33,0.0,2026-08-29T21:35:09
1dabb10a-bd10-487c-ad0e-0597500d92a7,S019,SKU0033,4,20.0,2.0,2026-08-29T10:51:47
e3ea2d7f-c219-4845-99eb-404c1851d1cf,S013,SKU0180,1,7.52,1.5,2026-08-29T06:43:53
236dd176-da1c-46ae-8279-e2ab0bbf6334,S016,SKU0017,1,8.79,1.76,2026-08-29T19:17:59
54231dbe-2ba6-4158-a5ae-cf37a9d1a28e,S004,SKU0193,5,16.99,3.4,2026-08-29T23:43:39
f480b91e-700e-4efc-a4ff-c31a5b86ea69,S020,SKU0178,2,19.37,0.0,2026-08-29T06:34:40
bbaa574f-e0e3-45ce-84af-ecb79f2ebefc,S004,SKU0011,2,1.6,0.16,2026-08-29T11:26:35
57bcad3a-d0a1-4fe8-9f64-2a5317cba85d,S018,SKU0066,2,12.14,0.0,2026-08-29T03:11:50
6676cc75-6699-4af5-9d24-181c2ed087d4,S010,SKU0094,1,3.07,0.0,2026-08-29T18:25:41
d5f0fb6a-4596-4a75-b4df-b83ff659f188,S010,SKU0012,5,4.67,0.0,2026-08-29T09:02:30
7a6e43d0-d9c5-4cd9-b09d-721b62be4009,S018,SKU0114,5,18.24,0.0,2026-08-29T23:59:57
e2d903c8-a61a-4d8e-abf7-240fccc62fed,S012,SKU0156,2,12.18,0.0,2026-08-29T19:01:46
21ec4754-1cf1-4654-aab2-02c2cc0243c6,S008,SKU0010,5,10.95,0.0,2026-08-29T01:37:43
fb481ded-0f03-4337-b9f6-143bb2383056,S020,SKU0142,2,4.12,0.0,2026-08-29T04:53:10
1a8cf13c-28ce-431e-9827-4fc3f1458426,S020,SKU0109,2,12.45,0.0,2026-08-29T04:40:41
7b90942f-973b-4977-a946-28206a80cac2,S006,SKU0103,1,11.67,0.0,2026-08-29T13:54:00
702b7014-adab-4c2f-91a6-46dacd613988,S005,SKU0138,4,3.04,0.0,2026-08-29T15:29:10
c7774fae-6137-48c3-9c7f-aca62e671784,S007,SKU0183,2,2.81,0.0,2026-08-29T23:03:04
dcd1c413-0760-401f-9c81-fc465bcd236c,S006,SKU0108,3,11.93,2.39,2026-08-29T22:01:31
ba2eeeb3-d6aa-4382-a144-6b45af390a9d,S001,SKU0155,2,7.35,0.73,2026-08-29T13:47:48
7bab1baa-2172-40aa-a44a-913af933a9fa,S004,SKU0176,2,2.93,0.0,2026-08-29T19:21:00
e3395b1a-1ce9-4871-bcf5-9d5feb9f33cb,S003,SKU0093,5,9.03,0.0,2026-08-29T23:18:29
1036ca81-0bc4-47ba-b0d0-ebcb6949ece5,S009,SKU0003,3,15.89,0.0,2026-08-29T08:13:11
032a09e0-5071-45f0-a7ac-590c42f90f92,S004,SKU0032,1,8.48,0.0,2026-08-29T13:47:08
865a7766-ad8c-4fea-9e4b-061eb45e9463,S016,SKU0025,2,11.24,0.0,2026-08-29T21:26:18
b9493906-939f-44eb-be5e-215ec47cc30b,S018,SKU0070,5,7.95,1.59,2026-08-29T10:16:01
f4acc7e2-fa57-4cea-b957-134490a4a421,S011,SKU0193,5,3.33,0.0,2026-08-29T06:13:00
84e3b774-569a-4ef0-9f86-5633ab7aeb66,S020,SKU0104,4,4.84,0.97,2026-08-29T20:05:08
9e44e98c-b359-490e-b030-9aaf85ea16e0,S017,SKU0183,4,12.46,0.0,2026-08-29T00:20:44
ba05dd0f-a966-4a5a-aecf-1ed21861c9f3,S019,SKU0189,2,13.66,0.0,2026-08-29T13:47:30
a9e8f0d8-5883-49de-bb5f-be413fa2bde0,S020,SKU0108,3,2.48,0.0,2026-08-29T09:04:11
260e37cc-6287-4624-a433-1510ad21b4cc,S017,SKU0074,4,4.89,0.0,2026-08-29T17:03:48
e45e2ad0-8eef-45dd-9391-6dcfd6cade2c,S010,SKU0163,3,19.12,3.82,2026-08-29T08:19:44
02fb2869-0df8-4b89-9ce7-eed1fcdfe961,S003,SKU0163,1,19.03,1.9,2026-08-29T11:23:11
816ce054-282c-4470-af32-f72aa4b5c723,S006,SKU0148,1,2.92,0.0,2026-08-29T03:24:32
7eef09ab-da14-4a47-b823-51d9d94df188,S016,SKU0003,1,3.06,0.0,2026-08-29T20:10:34
c05db774-132a-4e58-aa57-e880de9205ea,S016,SKU0132,4,14.03,0.0,2026-08-29T17:27:49
54b58635-3dab-4614-9215-0ed87ddca413,S020,SKU0049,5,14.41,1.44,2026-08-29T00:30:21
81c61eeb-0ce3-48c8-8735-4e4ff85b6d0a,S008,SKU0190,1,14.71,2.94,2026-08-29T12:33:47
60ee64ba-a4b0-418e-8ced-470739034b65,S015,SKU0044,5,14.16,0.0,2026-08-29T22:06:49
142e3df0-3c28-45dc-912d-aea8673d2920,S012,SKU0035,5,18.22,0.0,2026-08-29T02:44:06
92b26acd-cd1f-45a3-b1b6-5ca175873920,S016,SKU0098,5,8.04,0.0,2026-08-29T15:23:27
7f9ad277-db49-4e6d-9688-782f72b696ca,S008,SKU0139,2,8.41,0.0,2026-08-29T12:18:16
fb0d3cda-1e63-4261-90e9-688872730e7b,S009,SKU0055,1,6.87,0.69,2026-08-29T10:41:15
048c8480-a743-4402-bec7-fb117f53dc0a,S007,SKU0079,1,15.15,3.03,2026-08-29T14:19:52
092c4801-698f-44f8-a747-d24a1a46d536,S020,SKU0125,5,16.78,0.0,2026-08-29T16:51:33
d36ec1bd-000b-4f5e-8c91-bd138ea02346,S011,SKU0077,1,8.08,1.62,2026-08-29T16:45:39
f692641a-9aad-40ce-8ab2-4f241744ee3f,S013,SKU0091,3,3.48,0.0,2026-08-29T06:46:40
e3de4ec0-4dfa-41be-a335-b2c89e7b1e95,S003,SKU0136,1,3.37,0.34,2026-08-29T07:11:32
a7939a2e-34f4-4404-8ff5-070182226c16,S016,SKU0002,5,18.12,1.81,2026-08-29T04:30:32
57423882-f34a-4949-b4ca-0ad7abe5be96,S016,SKU0102,2,15.73,0.0,2026-08-29T08:13:54
d10bf4dc-0de4-4af4-9347-94cc5d04032d,S018,SKU0069,3,7.04,0.7,2026-08-29T06:37:58
54fc286f-7457-4d47-9825-301039112943,S005,SKU0091,1,19.8,1.98,2026-08-29T05:53:31
99966612-9ea8-4552-8475-66bf8f660bbd,S007,SKU0073,4,1.61,0.0,2026-08-29T04:01:45
5d00df1b-a83c-4c2b-b776-e729791f49f6,S002,SKU0042,1,3.97,0.4,2026-08-29T12:03:32
18f1a1e4-1d30-4290-b3d9-2aceb7461b72,S014,SKU0126,2,19.04,0.0,2026-08-29T04:19:30
008ffab9-38c4-4b38-a8ae-57b9c262cad0,S013,SKU0129,5,10.67,0.0,2026-08-29T11:49:43
a2379e6f-d473-4534-9aea-635257632e1e,S005,SKU0040,4,3.93,0.0,2026-08-29T00:46:12
8c357321-4abf-4f5c-8cc7-147ff6e5203c,S011,SKU0110,3,10.75,0.0,2026-08-29T01:53:40
1b37ef19-b3bc-412f-9fb7-474e85a0d089,S010,SKU0073,5,15.14,1.51,2026-08-29T17:28:59
7e0f60b2-2a06-4609-a599-bd3c0bb81d38,S020,SKU0040,4,3.03,0.3,2026-08-29T09:01:12
be153187-b783-41d5-9264-04b923f47a55,S009,SKU0180,5,4.96,0.0,2026-08-29T04:11:15
41191aa7-1b61-4453-a8c2-094db8b818cf,S016,SKU0181,2,13.83,1.38,2026-08-29T07:13:26
1ee93260-3002-4831-b227-e8d89c60c81b,S006,SKU0049,1,14.47,2.89,2026-08-29T22:14:58
3730dfba-6494-4d5c-9a29-6905ee22a70b,S004,SKU0034,5,13.13,0.0,2026-08-29T08:21:05
30c9c51f-c80b-4af7-9315-fafa7500f785,S014,SKU0005,4,2.21,0.0,2026-08-29T05:19:23
c1d48a10-1b96-4925-9682-d038b77f69b9,S014,SKU0135,5,5.19,0.0,2026-08-29T13:50:53
a21c0c06-ed37-4567-8be7-728e6a1aba9d,S011,SKU0110,3,14.45,0.0,2026-08-29T08:04:28
1f8b4af1-96bc-432d-ac11-7babd6642fe8,S002,SKU0078,4,2.63,0.26,2026-08-29T23:26:33
75175f39-7354-44fb-a44a-0371c5ab4e57,S014,SKU0064,1,6.48,0.0,2026-08-29T12:46:49
811317a8-f4c8-4393-96dd-6c82a8909e31,S001,SKU0014,3,18.06,0.0,2026-08-29T01:29:19
011c4544-7fb3-4be5-b6bf-2f7222778161,S020,SKU0026,3,5.42,0.54,2026-08-29T10:12:01
8da03d88-0c6f-4051-bc78-842387c5f526,S011,SKU0078,4,4.92,0.49,2026-08-29T13:14:15
95ca788d-d6bc-4712-aecc-a931ef705d01,S005,SKU0085,1,3.29,0.0,2026-08-29T20:05:21
c7f4f4f9-8222-4ad3-aca3-91d47ba16dd7,S017,SKU0155,3,15.21,0.0,2026-08-29T21:26:29
b11af726-2d5d-4395-a901-a768ebd14b0c,S019,SKU0099,3,5.91,0.0,2026-08-29T07:38:49
d0b3d752-bb01-42a5-ac74-5800941c23fa,S020,SKU0031,1,17.91,0.0,2026-08-29T22:55:17
a8535961-632d-4302-9a82-833c20dda0ff,S015,SKU0026,1,12.35,0.0,2026-08-29T07:01:27
52645a59-e1f8-4b33-9b2d-5a2a99bd6240,S010,SKU0186,1,18.92,3.78,2026-08-29T12:29:04
6b2d9ccc-6279-403c-a1a2-cfe7810d5c57,S005,SKU0012,4,19.81,0.0,2026-08-29T19:25:34
b148b2a6-ea79-47e1-9be7-02abfac08fc4,S018,SKU0089,2,5.05,1.01,2026-08-29T09:11:39
65daced0-460a-4125-bf8c-93d4c32afc4a,S003,SKU0124,3,9.8,0.0,2026-08-29T15:52:43
4b4ef503-f872-4413-97c5-982cf6ae10e8,S006,SKU0154,4,11.19,2.24,2026-08-29T00:47:47
235fc3d5-2224-4806-8e07-2a5273edb223,S002,SKU0145,3,14.39,0.0,2026-08-29T10:32:45
e2ed8686-b334-42cb-9a3f-0ad169a9aff9,S016,SKU0176,1,16.2,0.0,2026-08-29T14:28:20
d7d3b9d9-4c85-4233-8325-bd9ebf98e734,S015,SKU0193,5,17.6,0.0,2026-08-29T06:01:34
505c7527-dc57-446d-8c3d-031ab3952193,S020,SKU0070,5,8.61,0.86,2026-08-29T14:35:40
8db78572-ef7d-4821-bca0-258eb63d65d5,S007,SKU0152,2,4.91,0.0,2026-08-29T20:49:19
35afbb2d-336d-4786-b7a3-c30aa1f0fa7a,S017,SKU0182,1,17.76,3.55,2026-08-29T16:34:55
afc5c20e-4a63-4af5-b6e1-e7ac9fc97264,S009,SKU0142,5,6.29,0.0,2026-08-29T10:47:24
21f6c63d-ac20-4f11-abd3-3927586528e6,S008,SKU0075,1,4.67,0.0,2026-08-29T19:25:35
f9a55cf2-a66c-4fa1-b5dc-8a9afb38cd91,S009,SKU0014,1,13.33,0.0,2026-08-29T04:50:28
8ae0b8a0-80ff-4909-ad85-2212f554e1f8,S004,SKU0001,2,19.81,0.0,2026-08-29T19:27:50
b5d9ad36-5287-464d-a30a-6658b1be6df2,S003,SKU0181,3,13.2,0.0,2026-08-29T11:49:00
8ff19886-5a2c-41bc-82c2-26ff1d8b32d9,S020,SKU0076,5,6.38,0.0,2026-08-29T14:52:02
f1530f68-9215-483a-9532-caba7af985ff,S008,SKU0188,3,19.73,0.0,2026-08-29T12:56:33
ac9b389a-6adf-4568-b5ca-a993aacad101,S019,SKU0028,3,4.77,0.0,2026-08-29T19:33:56
88addab1-d765-4a18-a4d4-66ebbf74531c,S020,SKU0142,4,18.99,0.0,2026-08-29T22:48:01
6c21835d-d8e8-497c-a0a2-59014932936e,S009,SKU0053,2,16.61,0.0,2026-08-29T11:48:21
1b41a61e-85d1-41ef-8344-edb3ceed0ffc,S015,SKU0060,5,13.15,1.32,2026-08-29T05:40:00
0d95aaf5-2534-41bc-a180-b78a06783c34,S016,SKU0047,4,8.32,0.83,2026-08-29T03:24:40
4458b006-332c-4e0a-8e7d-a698ab95c72f,S019,SKU0126,4,4.92,0.0,2026-08-29T06:52:34
fbc8c77e-2933-4fc4-8918-a346c00c200c,S006,SKU0046,2,13.48,0.0,2026-08-29T11:17:33
257c54bc-4024-4424-aef2-ab2f495fa2fc,S005,SKU0019,4,14.22,0.0,2026-08-29T02:31:43
c8cba592-b0ca-42eb-8fe1-621ad6e1ba00,S017,SKU0036,4,6.04,0.6,2026-08-29T03:38:57
8a8a4105-c0eb-4875-b439-67294b8e5509,S001,SKU0029,1,12.66,1.27,2026-08-29T13:58:50
73dd3bc6-d064-45a8-9bd2-9cb108453b2f,S008,SKU0198,1,15.62,0.0,2026-08-29T04:48:44
acef45c4-de37-40fb-9db9-4eee1a3c2131,S001,SKU0028,1,6.45,1.29,2026-08-29T00:29:29
396c357b-dd66-4071-8fd7-b1a1bd4f6118,S007,SKU0036,5,15.12,0.0,2026-08-29T03:05:36
638e1388-8faf-4d4a-a5a9-9ebcbe0ec2da,S010,SKU0085,4,15.55,1.56,2026-08-29T05:56:23
cbfd4a31-c8c8-4ad6-82cb-cdc73cd30e99,S009,SKU0161,4,4.36,0.0,2026-08-29T19:47:21
b1644235-49a2-4fde-b235-7a3ccc7f9517,S018,SKU0076,5,3.78,0.0,2026-08-29T03:44:36
61af663c-ed2e-4bcd-8c06-df90aa1c4023,S001,SKU0058,1,10.96,1.1,2026-08-29T05:09:50
c9c1ad45-f4ea-4b97-aaa4-15b56336c815,S012,SKU0168,1,5.69,0.57,2026-08-29T05:21:56
f740d87c-500a-474e-af65-e8ccf9cf8499,S016,SKU0044,3,5.68,0.57,2026-08-29T04:05:33
be6127a8-0351-409d-8dc5-fb068d5809b7,S003,SKU0158,1,5.65,0.0,2026-08-29T13:00:33
de6cf36b-9edd-4182-b3fd-862d4057e470,S020,SKU0039,3,3.69,0.0,2026-08-29T01:34:41
716ca1f2-dec0-4f3a-9c46-1b34c7eab19b,S006,SKU0174,2,9.43,0.0,2026-08-29T21:49:52
a23ff67d-e957-4bc2-b9bd-8bd6d479cc36,S010,SKU0090,4,4.28,0.0,2026-08-29T22:44:48
5e244824-a5cb-4c6e-b5a4-c55bb4629214,S009,SKU0183,1,6.52,0.65,2026-08-29T13:26:20
bd0b0fa2-8bee-483f-96a0-6bf2c14ebd10,S005,SKU0082,1,16.09,0.0,2026-08-29T23:52:44
b993ff63-c6b1-4d94-b24b-cc3d9a7791a2,S004,SKU0148,2,8.73,0.87,2026-08-29T02:27:02
72e588e9-4b4f-4b2e-b189-10ecf6dbb2b6,S003,SKU0083,4,19.25,0.0,2026-08-29T05:16:01
13106665-aec2-4b19-bbc3-98d82d6bc882,S011,SKU0127,2,4.86,0.49,2026-08-29T12:50:17
bc2e2b59-2c7d-4667-b664-c7202fddb26a,S011,SKU0036,4,10.4,1.04,2026-08-29T21:54:31
0a670143-6090-403c-9e8d-f8ad838b77ad,S018,SKU0137,2,8.59,1.72,2026-08-29T18:05:56
43a534d2-8e7d-4f5a-8773-e66a6db2b020,S003,SKU0149,4,11.35,0.0,2026-08-29T14:00:13
d89462e8-9580-4c3a-a932-a211214c0a4d,S008,SKU0093,4,11.25,0.0,2026-08-29T03:10:36
77617d80-549f-434c-8171-f5a74148bd11,S018,SKU0122,1,5.26,0.0,2026-08-29T13:11:40
0a398bf7-27a1-48a0-afff-a2f4b5ae329d,S012,SKU0200,2,18.54,0.0,2026-08-29T12:43:09
98cd2655-5297-41ad-adba-948427591ad4,S014,SKU0063,2,6.95,0.0,2026-08-29T20:04:46
a0180791-eeb0-43fe-860e-a4d50d04dcb6,S004,SKU0179,2,16.81,0.0,2026-08-29T05:01:01
4d187b75-a971-431f-97d8-05949d9887bc,S012,SKU0014,2,8.48,0.0,2026-08-29T15:27:47
8cd74c27-929a-4586-8a37-6c367d94bf10,S020,SKU0041,1,13.76,0.0,2026-08-29T17:21:38
b52a9e6b-c8b6-48e0-92a8-50c55bab7f4a,S008,SKU0020,1,4.22,0.0,2026-08-29T02:52:33
f4fd25b7-384f-4e3b-8680-4a8a515f352c,S006,SKU0121,1,12.03,1.2,2026-08-29T05:27:03
c948384b-1174-4357-8546-74262f120b9e,S014,SKU0185,2,15.34,0.0,2026-08-29T17:07:08
8b074d1a-6a7a-4841-a8cc-812a8150e0c9,S004,SKU0040,3,9.71,0.0,2026-08-29T10:26:27
597278c5-1789-4e63-a746-5743897b303d,S006,SKU0129,1,17.8,0.0,2026-08-29T21:59:50
a9d049dc-369e-4af8-a226-49ee38a06ffe,S018,SKU0183,2,1.7,0.17,2026-08-29T16:32:25
4b27b079-5c5d-4f1b-94c0-c6c254f6516e,S008,SKU0109,3,18.5,3.7,2026-08-29T11:08:32
9e47a339-c0ae-4b1a-b347-673637ec07a6,S013,SKU0033,2,6.53,0.0,2026-08-29T18:59:14
8fb3a134-ff23-46e9-b990-3d9687cec69d,S013,SKU0048,2,8.91,0.0,2026-08-29T07:58:12
a6388854-fb2b-4b80-808b-d674d2dd3e26,S016,SKU0081,5,12.69,0.0,2026-08-29T17:03:18
5893ef12-ab3f-4d22-9d5e-6aee0240f59a,S012,SKU0166,4,16.8,0.0,2026-08-29T01:59:25
a46b6fce-e78d-447c-bd87-703472173fa3,S003,SKU0093,4,5.1,0.0,2026-08-29T03:48:03
3e6b74fd-9f02-4cbf-ab29-d9129d1b83df,S008,SKU0073,5,15.91,0.0,2026-08-29T01:01:16
e2ba9fce-aebb-4f9c-8a35-653cf57a431e,S020,SKU0003,2,11.52,0.0,2026-08-29T07:42:55
cbd431cc-ea7a-4c21-a1a1-a29c5228ed8d,S002,SKU0062,3,4.97,0.0,2026-08-29T23:14:34
41afeb2a-62c8-43f4-9d06-149ef1eab64a,S002,SKU0145,3,3.07,0.61,2026-08-29T20:33:49
06531d47-4867-4b30-b956-77318a4cfe1f,S010,SKU0003,4,2.35,0.0,2026-08-29T03:23:37
c53f1db3-d275-4d43-8451-7303e94d4fbe,S007,SKU0081,3,15.41,1.54,2026-08-29T18:12:44
823c7ef9-cd85-45ce-83a9-c2355ffd4015,S011,SKU0105,4,14.93,0.0,2026-08-29T03:32:43
4be318a8-0b39-4ccf-bc9f-3bc37210045a,S019,SKU0098,5,3.37,0.0,2026-08-29T00:51:44
5200044b-3148-4df8-a6ca-8d50e5f5c891,S006,SKU0039,4,12.35,0.0,2026-08-29T10:33:46
189099c9-f2be-429f-9514-9755838e9a61,S007,SKU0175,4,2.96,0.0,2026-08-29T08:25:52
c5f833cf-f4ce-4477-b8bc-a9ac2ada62ce,S017,SKU0187,2,15.72,0.0,2026-08-29T18:15:48
a07eafb1-01e0-4ad8-8880-2d4d89b8b7ee,S005,SKU0087,5,13.55,0.0,2026-08-29T16:17:32
a127dc6b-ab9b-453d-b5f5-c65410c2c2e5,S013,SKU0062,3,8.17,0.82,2026-08-29T01:27:24
af76b6c2-dd6d-4b41-b692-a531c6097cd8,S005,SKU0146,2,19.94,3.99,2026-08-29T02:43:50
34a0dcd4-1a9a-429e-95ee-25876c98fd9b,S010,SKU0141,4,3.3,0.0,2026-08-29T05:11:33
e0ee5e8a-b3e6-44c6-9428-df6c89aa4293,S006,SKU0076,1,10.73,1.07,2026-08-29T11:25:19
6f6bbdf3-c673-42e0-bdca-c10ff9e9cf93,S012,SKU0023,2,2.76,0.55,2026-08-29T13:13:42
12767d13-f093-4776-9116-d014a5850828,S016,SKU0066,1,4.81,0.48,2026-08-29T09:23:29
0614ac41-275c-45dc-afa0-8cbebf343ca7,S019,SKU0125,4,13.53,0.0,2026-08-29T04:30:48
09b2eae6-54eb-4c91-b784-ae08758fc8fa,S014,SKU0159,1,8.22,0.0,2026-08-29T14:35:51
2d90e4ee-0de4-433e-92c0-620c1667c518,S011,SKU0096,2,9.66,1.93,2026-08-29T22:44:31
12087e20-8ede-4b46-807d-0affcb51a911,S009,SKU0175,1,14.12,2.82,2026-08-29T16:23:14
e9366a85-3a46-4be3-9255-a4de9330ba83,S018,SKU0003,1,12.98,0.0,2026-08-29T08:54:48
737cf8b5-6356-4add-a85a-9f2b4236c0bf,S006,SKU0146,2,17.28,0.0,2026-08-29T13:40:59
50ffde64-6eda-4a8c-a789-e7d0a155eb2c,S015,SKU0172,4,17.3,0.0,2026-08-29T14:08:05
1e494952-ac5d-4e57-a3b6-64f40452f779,S018,SKU0120,1,7.96,0.8,2026-08-29T23:23:31
b864a47b-a434-47fb-8182-978288eae7d4,S014,SKU0052,1,3.09,0.0,2026-08-29T14:27:08
bef6a59a-c186-4221-9030-56b79e4c24dd,S020,SKU0125,4,7.58,0.0,2026-08-29T12:28:02
d926fe41-b36d-4121-8ba6-fe0995ea6825,S009,SKU0117,2,14.49,1.45,2026-08-29T04:09:44
80b9ec30-ed94-498b-9b92-3c67129538df,S007,SKU0082,1,11.58,1.16,2026-08-29T05:17:52
af95be79-c971-4f51-8a32-bb221b2bb2ec,S002,SKU0093,5,2.08,0.42,2026-08-29T13:50:44
481186e9-1625-44ca-9b47-e6394d2551eb,S007,SKU0006,4,19.6,0.0,2026-08-29T01:58:08
61a451ff-700b-4b43-ad3b-9d13c3e90323,S005,SKU0018,4,6.49,0.0,2026-08-29T03:02:36
07e3c39a-a925-4745-9276-9c9665262474,S014,SKU0135,3,8.99,0.0,2026-08-29T16:26:08
38491ecc-8891-47fd-a804-d0ac795741bb,S002,SKU0024,2,13.89,0.0,2026-08-29T06:42:07
cbf925b5-6418-46b7-bf2b-43b422e9e527,S007,SKU0090,4,7.83,0.0,2026-08-29T05:59:25
4b83b570-8bb4-495a-9976-b2bacc27f386,S014,SKU0091,4,10.41,2.08,2026-08-29T05:51:01
4c4d6e40-24e2-426c-a250-d133f5cb5be4,S020,SKU0051,5,8.7,0.0,2026-08-29T20:25:19
f7222fbe-ea06-494b-a310-ff72ad62d094,S005,SKU0083,1,14.87,2.97,2026-08-29T22:26:47
a5df6f85-bab5-43fb-9dfc-d1d5cb863dea,S016,SKU0082,3,1.76,0.18,2026-08-29T05:22:11
02dabd76-f310-4525-b517-9e725f857b21,S017,SKU0185,1,16.15,1.61,2026-08-29T09:34:06
243113fd-8e19-4d07-9ff0-b9bf8db3c2c1,S015,SKU0164,1,19.78,0.0,2026-08-29T23:05:38
929daf9f-0149-42af-8ab1-a5041f8c56e0,S014,SKU0179,5,3.3,0.0,2026-08-29T06:49:56
8c2aa0b1-8982-4bf8-a4e2-89c098be5ff0,S007,SKU0090,5,15.83,3.17,2026-08-29T13:44:47
35c606b5-4e00-4d55-95ca-dfaff26d3dd3,S012,SKU0094,2,19.12,3.82,2026-08-29T00:31:23
b9d707a9-e74e-40b3-bdce-635fbf905d6a,S004,SKU0180,1,7.09,0.0,2026-08-29T18:16:49
e7d73d1d-69a3-4991-b634-646c5806a961,S014,SKU0091,4,13.5,1.35,2026-08-29T15:04:30
2477f047-8336-4758-99f9-3502a55bc44f,S011,SKU0030,3,16.82,1.68,2026-08-29T19:02:52
9dec2b83-3885-4f7e-af1a-25a829344e15,S018,SKU0153,2,9.99,0.0,2026-08-29T06:26:26
1d57e734-31bf-4cf6-80b3-af7cd5b211a9,S014,SKU0163,2,11.54,1.15,2026-08-29T10:22:39
913a1734-ccb6-4571-abc5-35452e6d7a04,S004,SKU0023,3,14.49,0.0,2026-08-29T03:11:24
c04446bf-d9f4-4bbd-8dec-644cda2d2156,S016,SKU0192,1,12.9,1.29,2026-08-29T03:46:28
8c8181b4-fe8b-4ccb-bd75-a5f3eeafca83,S015,SKU0129,5,18.65,0.0,2026-08-29T23:03:57
12b99a50-8cb6-41f0-a509-6396761579e7,S007,SKU0058,5,16.41,0.0,2026-08-29T15:18:54
402d105b-113e-4f84-abf3-90964a68369c,S016,SKU0032,4,11.7,0.0,2026-08-29T07:07:12
94a1eab0-b9c0-47aa-b289-f58b1923cafc,S013,SKU0002,3,19.4,1.94,2026-08-29T15:02:04
5b6d6b7c-54b2-4582-b398-1e9e7cb882a0,S009,SKU0169,3,15.97,3.19,2026-08-29T10:19:32
3c0a584e-a7cd-43cb-abda-06b220d2b528,S001,SKU0107,3,7.19,0.72,2026-08-29T08:47:41
11defebf-9e98-461d-88fe-bf6d199c8d94,S017,SKU0190,1,1.79,0.0,2026-08-29T13:37:54
7c6166df-515a-4b43-b189-1f48e66e2c11,S014,SKU0062,5,7.37,0.0,2026-08-29T20:49:57
a8cfe589-9dc8-4e1a-940e-7d01735d88f3,S013,SKU0014,5,19.51,0.0,2026-08-29T22:26:15
27035b27-958c-4936-b186-78ce4e40bfba,S013,SKU0082,5,9.44,0.94,2026-08-29T06:19:29
cec56969-5d4f-4107-911d-dc7990c80420,S005,SKU0130,5,4.43,0.0,2026-08-29T03:37:31
2b2bf58c-6da5-4dad-b56a-abc050fb35b0,S009,SKU0142,1,13.18,1.32,2026-08-29T22:50:23
c921057c-3f05-457c-902e-d818013ca998,S003,SKU0007,2,19.05,0.0,2026-08-29T03:23:43
a40dfea5-bd64-487e-b652-ae9938b5e89a,S001,SKU0159,4,1.71,0.34,2026-08-29T05:34:20
5c074653-d711-43e4-86d4-7d416fa5d3b0,S013,SKU0007,5,18.53,0.0,2026-08-29T20:49:06
54e14f3a-bba4-4ae0-adf8-f7672261ddef,S008,SKU0168,2,19.69,0.0,2026-08-29T06:47:32
7202fae5-767d-4b27-bade-4367e0bd202c,S013,SKU0198,2,6.99,1.4,2026-08-29T08:55:45
7caa281b-4e33-4644-8657-20ae5bd67d4d,S005,SKU0161,3,13.7,0.0,2026-08-29T03:01:14
a542deb9-2cff-45f8-9bdc-74a98d3a5d76,S004,SKU0118,1,13.31,2.66,2026-08-29T03:45:55
47d6723c-d77f-4eeb-94fc-3a5d9b4bf377,S009,SKU0047,5,3.77,0.0,2026-08-29T10:17:02
e42c0aea-23d7-463d-9391-d017dbd4a86d,S013,SKU0026,1,2.93,0.0,2026-08-29T07:34:19
bbc99473-4363-489c-b249-5cff89e2df24,S016,SKU0161,4,16.22,1.62,2026-08-29T02:40:43
ba388c8f-1393-49d1-a06a-187de2e6e7a6,S011,SKU0163,1,5.39,0.54,2026-08-29T13:39:45
d97e8d3c-04c4-446a-a461-0160134d695a,S001,SKU0046,4,16.46,0.0,2026-08-29T10:52:38
d0095507-07fc-484e-a1b2-462781d67019,S011,SKU0089,5,13.18,0.0,2026-08-29T04:16:02
c4ea4ece-67b6-4467-9432-d79794f6c67a,S001,SKU0041,4,19.91,3.98,2026-08-29T19:53:48
09624ec9-e803-42eb-b677-7be4970c9eb4,S020,SKU0008,5,15.22,0.0,2026-08-29T07:01:16
e4dc4306-8b20-4e3e-82b7-c0488d3543be,S007,SKU0094,5,1.93,0.39,2026-08-29T05:32:48
a7668617-78db-4de3-8a28-4792ffaca645,S005,SKU0057,1,18.12,0.0,2026-08-29T11:55:31
647ac591-5da6-4a3a-a60c-cfb4c6735380,S009,SKU0124,1,14.96,0.0,2026-08-29T09:44:33
96f01335-c5ab-48da-a435-4021392a9fc4,S010,SKU0120,2,19.13,0.0,2026-08-29T20:04:45
22460ac9-4a7e-4bc2-9b6f-1c33bbb4c0ce,S009,SKU0045,4,9.57,0.96,2026-08-29T07:01:44
172e8c68-82aa-4c46-8049-9bbf76f6a778,S004,SKU0150,2,14.21,0.0,2026-08-29T14:18:08
02b622e9-808e-48d2-9d26-4b1b6593b659,S014,SKU0115,5,7.26,0.0,2026-08-29T17:45:41
f6c8b8b9-d915-4664-bd27-4ad5a9a54c24,S020,SKU0028,4,12.53,0.0,2026-08-29T11:36:19
af2537f5-9d31-462a-bb5a-bb36ce7968b7,S012,SKU0096,5,8.59,0.0,2026-08-29T20:38:56
23ef5561-839e-4623-81d8-41d32a74b90c,S009,SKU0151,1,9.81,0.0,2026-08-29T18:37:04
90fcc9f1-2ddc-456b-a8c2-cce9723b80d4,S013,SKU0008,4,6.93,1.39,2026-08-29T12:49:30
df482e7c-a8cf-4f62-90d9-170cf2dec75c,S006,SKU0092,1,4.83,0.0,2026-08-29T15:38:00
bb64a525-bc65-4d94-a56d-4d11f7bd8499,S005,SKU0200,2,2.84,0.0,2026-08-29T13:32:34
0a58f43c-5bda-4655-b06d-ca247bc6e121,S011,SKU0055,3,3.76,0.0,2026-08-29T00:23:48
3b53f64b-7cd6-4da4-82ef-da8b38048786,S018,SKU0017,4,12.0,0.0,2026-08-29T08:28:13
3be8a5df-5e93-4de0-83ac-e8751017ab44,S007,SKU0027,4,6.75,0.0,2026-08-29T19:11:49
8494205c-34ef-4552-ab28-6d090af57e60,S019,SKU0166,5,6.64,1.33,2026-08-29T02:43:27
635a11f2-5c7a-483d-8a9d-2704e860bcb1,S011,SKU0051,4,14.12,1.41,2026-08-29T11:34:12
e1ad640c-7463-435e-aafb-9f20783c91eb,S002,SKU0071,2,2.42,0.24,2026-08-29T18:09:19
a605b7c9-fb07-4e93-8a37-31ab0be3534a,S020,SKU0084,4,3.71,0.37,2026-08-29T06:13:51
f7ebc69a-b428-4f0d-9a6c-f45952f6531f,S010,SKU0005,5,8.58,1.72,2026-08-29T00:46:27
4603c9ee-d463-4183-a231-72118578b1c6,S005,SKU0104,5,19.78,1.98,2026-08-29T10:21:12
94213090-4368-4e93-bded-cb7ad5ba304c,S011,SKU0166,1,18.07,3.61,2026-08-29T01:25:27
606cc2f5-2c81-4bf0-91f6-04068b5a8683,S010,SKU0071,1,2.78,0.0,2026-08-29T15:06:45
96721e98-5d84-46e0-a0e6-96ffa75743f9,S018,SKU0199,3,15.44,1.54,2026-08-29T02:54:15
13ed280a-d5e1-4d1f-a5f2-2dfba741104b,S010,SKU0179,3,10.64,0.0,2026-08-29T14:19:14
f9012b9c-6057-453a-8067-f79084440504,S020,SKU0027,4,10.63,0.0,2026-08-29T13:36:48
67e54646-8430-40fa-b90f-ecf5e8410a39,S004,SKU0083,1,5.64,0.0,2026-08-29T05:03:04
585409d9-de22-4c3f-9136-6db15a578607,S012,SKU0138,4,5.69,0.0,2026-08-29T06:57:35
e31db345-7b6b-411e-8aeb-99597ca2f582,S002,SKU0029,1,18.78,0.0,2026-08-29T09:27:17
e1ccff0d-8078-436d-81b0-62c19aad9234,S011,SKU0177,1,19.02,0.0,2026-08-29T09:36:07
3ae0acdb-2a65-44af-b09d-338b23936d45,S006,SKU0036,5,16.15,1.61,2026-08-29T09:49:37
47e321c2-a4ba-48bf-83b8-fa0513bc0dc6,S005,SKU0193,5,10.02,0.0,2026-08-29T11:37:35
28489240-2fd9-4ce1-a676-27ca3625fc20,S015,SKU0172,5,17.92,1.79,2026-08-29T23:11:20
d123f7c1-b7a1-467e-9a1e-00365cbaa496,S016,SKU0170,1,11.15,0.0,2026-08-29T21:02:24
6a241f46-3af7-4a21-a93e-7b5b1e4ae3a7,S008,SKU0024,4,19.56,0.0,2026-08-29T17:34:29
1d03c3d5-b862-4cc3-9489-9c37cfa9026b,S018,SKU0063,3,15.67,0.0,2026-08-29T12:51:09
7aa1219a-7a93-48bb-acdb-d5f27b44acd0,S002,SKU0055,2,14.36,0.0,2026-08-29T18:00:28
a5b2c7ea-2947-4f54-973e-129c35f0b1be,S007,SKU0125,1,13.9,1.39,2026-08-29T14:01:10
3e612d66-05bf-4618-a930-b0c4d5576899,S017,SKU0081,1,7.8,1.56,2026-08-29T19:12:39
97a418b8-92d0-4319-a0bd-14220b0b81de,S004,SKU0034,3,14.61,0.0,2026-08-29T18:22:07
833c8f55-a129-4fa2-a27d-4660293fc266,S020,SKU0132,2,18.46,1.85,2026-08-29T16:28:21
2598f383-9280-4da2-a40b-50e40a086989,S009,SKU0109,2,15.93,0.0,2026-08-29T02:29:56
ec257a75-421d-4dca-aa95-59080e503fd8,S004,SKU0038,2,14.2,2.84,2026-08-29T23:36:24
67cbfc39-f54f-4b92-8442-906f2e16f0b6,S001,SKU0118,4,17.71,0.0,2026-08-29T08:45:31
a33b3dfd-9048-45c6-b820-5aa7996f7e88,S015,SKU0091,2,6.43,0.64,2026-08-29T19:19:44
ba5c865d-b834-4070-a0e5-f6e504c44853,S012,SKU0111,3,3.69,0.74,2026-08-29T03:03:38
f27f3ad7-4890-4b6d-9240-ef02a9681fc1,S017,SKU0086,2,4.29,0.86,2026-08-29T15:41:12
9b4547e0-72fe-4dc2-b772-aa9715f39d39,S002,SKU0167,1,9.66,0.0,2026-08-29T03:33:40
7b4e9ecd-de07-47b1-b8ae-8d5dfe268e77,S010,SKU0049,4,15.04,1.5,2026-08-29T07:03:39
6928043e-d492-451a-b828-3a052baa43c9,S020,SKU0127,4,4.77,0.0,2026-08-29T19:16:50
95284c0a-cb6b-4562-a488-c84d99d090fd,S008,SKU0029,5,9.52,0.0,2026-08-29T23:31:57
9f8acdeb-2e8f-45a8-847a-3b7ed209383b,S009,SKU0062,2,3.63,0.0,2026-08-29T20:56:36
2aefcf3b-43b7-40ef-82c4-1c54a8debd88,S020,SKU0180,1,11.34,0.0,2026-08-29T08:14:43
ec1f41ce-57b9-4dfb-af82-e70cb9644e4f,S009,SKU0127,4,8.75,0.0,2026-08-29T08:00:21
119fb03e-9731-4c91-98b6-691b74169e82,S010,SKU0181,2,4.66,0.0,2026-08-29T12:39:24
21d8b96a-62ad-4157-a0d2-759a3ad51382,S006,SKU0129,5,6.83,0.0,2026-08-29T03:25:52
85d0691c-33cd-4d56-843d-72db1bcb404c,S006,SKU0081,5,10.32,0.0,2026-08-29T08:41:16
af32baf8-811d-44af-a8ca-7483dc0e3375,S005,SKU0004,1,4.58,0.0,2026-08-29T16:34:26
9b02c535-2649-4478-9396-6f0a6b77af9e,S009,SKU0020,4,9.42,0.0,2026-08-29T06:27:47
e6cfcbd8-79d2-4001-ad6b-8a4e18a70609,S012,SKU0122,2,14.07,0.0,2026-08-29T21:37:37
e0b4659a-09fe-4cdd-998d-65ba9d6022c5,S004,SKU0012,5,1.52,0.0,2026-08-29T17:12:20
c09c2ebe-80da-4ed7-880b-cb0ec8ab96ac,S017,SKU0129,1,11.99,0.0,2026-08-29T08:18:42
a8cdf44d-7b74-4440-97db-4c2f1e158e2f,S010,SKU0189,2,15.47,0.0,2026-08-29T03:38:26
8a0ea57a-9a7d-409d-a6e8-790b215d3b1f,S009,SKU0170,3,9.87,0.0,2026-08-29T19:52:07
f00f63ef-e59f-41c2-804e-a81ad3d877a8,S012,SKU0078,4,6.19,0.62,2026-08-29T00:29:37
6e76936a-a634-4d1a-adb6-10f4c65de86e,S004,SKU0070,3,17.99,3.6,2026-08-29T17:38:05
dff47c51-5ed1-4e7f-abb1-f2bc85a4b0cb,S014,SKU0057,5,14.97,0.0,2026-08-29T05:23:05
6dd013f3-87a2-4e22-b298-b8110b1ec578,S019,SKU0190,2,8.11,0.0,2026-08-29T08:53:49
7b6c7129-cd63-4ba8-b03c-664b3abf9c65,S013,SKU0164,4,8.15,0.0,2026-08-29T07:03:27
59bb8900-6198-4718-84c7-aab4ca20508d,S017,SKU0045,1,19.36,3.87,2026-08-29T16:21:26
e869707c-bdcb-4ffc-8dfb-a4e996cbdafb,S013,SKU0151,3,18.34,0.0,2026-08-29T12:03:30
937ca77c-b25b-4de7-9652-1e08c2f43c10,S007,SKU0011,4,18.99,0.0,2026-08-29T11:15:43
412817eb-2246-49cd-acec-df821903f9b3,S004,SKU0111,5,11.12,0.0,2026-08-29T22:17:44
e8fb5a96-3b85-46e1-840f-54057a25ed81,S004,SKU0003,4,11.98,0.0,2026-08-29T10:30:02
9929afeb-4884-4a14-9575-11addbeae9f8,S005,SKU0134,4,18.65,0.0,2026-08-29T16:58:41
41ff81d1-689d-4205-8b31-f4d8e073c1d0,S016,SKU0074,3,13.04,0.0,2026-08-29T11:03:19
be5f902f-b58a-4738-8166-72213063ae7f,S002,SKU0056,1,16.3,0.0,2026-08-29T16:31:28
85c53910-93f6-4723-81d2-3a76ca179780,S016,SKU0079,3,16.77,0.0,2026-08-29T01:56:12
6001f54d-01d7-4831-850f-1cdc1e2a03f1,S009,SKU0036,1,9.46,0.0,2026-08-29T01:49:00
cde5c35a-b011-4b0a-b496-51d6a79055b0,S005,SKU0023,3,17.76,3.55,2026-08-29T20:24:58
1b4909b6-5cbd-4682-a8aa-123650deef43,S019,SKU0021,3,4.14,0.0,2026-08-29T15:43:49
95dad216-a6cd-4e3c-ad13-0705279f91ab,S008,SKU0174,3,5.55,0.56,2026-08-29T12:54:42
893e2b89-dadf-4499-82e4-bf0140ee131d,S010,SKU0153,4,9.32,0.0,2026-08-29T09:30:43
9ca4364d-5d9a-49f1-908e-3a956c6e8796,S019,SKU0036,3,4.71,0.47,2026-08-29T11:44:28
65bf8e04-ae3c-4ce6-bde6-849b468b22af,S007,SKU0078,2,6.13,0.61,2026-08-29T20:10:51
8d56bff6-69c9-420f-b425-449cc145d6ba,S015,SKU0140,3,3.08,0.62,2026-08-29T22:52:35
2dc09158-7b83-41cf-8ebc-6d7ec8a65b85,S005,SKU0135,2,8.46,0.85,2026-08-29T03:29:48
7bd7b4bf-8e0e-4bb7-8f20-c5e75ec646eb,S015,SKU0091,4,14.34,2.87,2026-08-29T13:01:05
93e0f235-4e80-410b-bd0e-e0b640f7924b,S001,SKU0144,4,10.13,1.01,2026-08-29T16:47:41
65ebd4dc-b49b-4b72-8631-9c165827bc1d,S005,SKU0158,1,19.21,1.92,2026-08-29T03:13:10
dd23ff41-dae1-4586-a358-755cbc5c3cd8,S012,SKU0033,3,16.05,3.21,2026-08-29T18:38:55
3ad24ac8-bf70-4042-9e7c-6795a8c6c2df,S002,SKU0194,5,11.55,2.31,2026-08-29T10:40:49
f301bb6c-b306-4300-8879-d93272540ab7,S017,SKU0118,4,3.83,0.0,2026-08-29T16:51:01
8222cd7f-36e6-4a85-99ab-dc15296b67bf,S004,SKU0086,1,3.07,0.0,2026-08-29T23:39:41
cd04c001-56a3-4ccc-893c-9cc6668b28da,S016,SKU0177,5,3.3,0.0,2026-08-29T20:35:13
af3f9d9a-b272-4aa7-9d30-c42e8cf29000,S017,SKU0190,3,17.49,0.0,2026-08-29T21:17:06
639c4c6c-2926-405d-8d53-551ab4f02f6f,S018,SKU0190,1,14.48,2.9,2026-08-29T05:14:54
cdeb2696-015a-4a1d-a2c8-cf62f6ee137d,S010,SKU0185,4,4.02,0.0,2026-08-29T10:57:18
78bf46fa-2534-4e85-92c0-dec2175194d7,S004,SKU0018,1,16.4,3.28,2026-08-29T07:18:26
1690636b-6f74-455d-99a9-af6aed054732,S004,SKU0064,1,4.33,0.0,2026-08-29T18:55:34
5eef0d1e-38c5-4f5e-8359-ff43106793b6,S015,SKU0101,2,3.42,0.0,2026-08-29T18:24:56
b9787c4b-09aa-4570-9be9-50c7147d7bfc,S016,SKU0048,1,18.63,0.0,2026-08-29T14:43:46
6690a951-fc04-4a7a-ae41-5f166263307c,S020,SKU0175,2,17.07,3.41,2026-08-29T09:28:34
49560c36-8560-4e8a-a7fb-19979d2cd944,S014,SKU0038,4,17.4,3.48,2026-08-29T04:29:07
0eb5e5a7-98f3-4640-b6a9-e3e3b62bccb1,S017,SKU0190,1,4.92,0.0,2026-08-29T06:13:03
2cde9187-d1fa-42a6-860b-340cf21a6f38,S010,SKU0171,5,5.21,0.52,2026-08-29T10:33:35
02bdeabe-7060-48eb-be8e-ed12a3ea21a2,S009,SKU0101,1,19.24,1.92,2026-08-29T13:22:27
ee462fcd-a829-407c-99be-ccff33a315f3,S014,SKU0109,4,14.41,0.0,2026-08-29T16:53:32
31dae817-4937-490f-84a5-b18bcdcd0a34,S019,SKU0100,2,2.02,0.2,2026-08-29T04:22:25
82b34384-9979-4f26-88b1-90e1089a9f4f,S020,SKU0114,1,12.24,0.0,2026-08-29T23:29:15
9d7d1756-3b4e-49f5-b2cd-9a0a840c5cb0,S015,SKU0186,1,18.3,0.0,2026-08-29T05:04:18
5c17ebb5-093b-4d72-ac8c-dcaf2b633b18,S017,SKU0129,4,6.62,0.0,2026-08-29T13:01:30
f9c3ee05-0012-4399-a7af-55453d3fec1b,S017,SKU0017,2,7.95,1.59,2026-08-29T14:13:19
46a3cc71-ff2f-4883-963b-5481284e4cd4,S019,SKU0087,2,13.63,0.0,2026-08-29T23:52:54
ab6ef8dd-5a66-4316-a641-4954c798a445,S010,SKU0101,4,14.73,0.0,2026-08-29T10:08:02
33478a91-9609-498e-a7cb-a27a65281970,S016,SKU0156,1,18.45,1.84,2026-08-29T13:42:31
b4209103-bca7-46eb-83ef-0f77848ac924,S017,SKU0067,2,12.16,2.43,2026-08-29T23:59:24
8cb21aa2-1715-4c03-ab4f-36381190e515,S012,SKU0150,2,14.41,2.88,2026-08-29T21:08:36
8f221604-d46b-4756-b9e4-39ef48d495a4,S001,SKU0188,5,16.85,0.0,2026-08-29T01:38:08
58f42098-591c-4524-953b-0f1fea3e072a,S016,SKU0083,2,5.79,0.0,2026-08-29T18:11:01
39ee80ab-46c9-47e0-90c5-9550f69a0539,S006,SKU0187,2,19.65,0.0,2026-08-29T03:50:19
746b161a-31cc-4738-b68a-e9b79b3aa1d1,S002,SKU0157,4,15.48,1.55,2026-08-29T02:20:37
0130d66b-932d-4648-a769-b0f1ee01b9e0,S012,SKU0156,3,3.62,0.0,2026-08-29T16:04:32
8198d1f5-6839-498f-accf-147242d7f112,S015,SKU0097,1,18.59,0.0,2026-08-29T03:55:11
80cfb1db-1287-4313-8f02-6c2c1b414999,S007,SKU0051,2,19.79,3.96,2026-08-29T20:15:37
1df44d3e-f26f-4b19-9708-013e4b541670,S007,SKU0190,3,10.59,0.0,2026-08-29T08:12:36
41f83199-f4ea-4769-8366-c189cd8d9f75,S003,SKU0150,2,9.53,1.91,2026-08-29T07:00:04
cb1b8eff-d02a-4cbb-89b4-094ae048f1de,S002,SKU0036,1,13.14,0.0,2026-08-29T07:24:38
71594914-b1b6-4ecd-8009-45ce932c3ec9,S018,SKU0019,1,8.15,0.82,2026-08-29T20:41:27
7bcf2b31-902b-4154-a088-5550f74f6900,S007,SKU0054,3,4.93,0.99,2026-08-29T18:03:54
56f401e5-c1e9-44fa-be47-27fdc51c91f4,S012,SKU0159,5,16.81,3.36,2026-08-29T12:49:11
ae7cfd14-7577-4730-868d-a4b2f613bda0,S014,SKU0161,5,17.29,0.0,2026-08-29T15:58:44
dcad8ec2-963a-4333-a582-95dc75f1c654,S005,SKU0133,4,17.67,3.53,2026-08-29T02:50:42
420079f5-1dc3-426e-bb62-659e0700749a,S002,SKU0154,3,3.37,0.34,2026-08-29T08:23:41
c9e55c47-a237-48c1-a1f6-dfbe114b3c79,S009,SKU0100,5,7.62,0.0,2026-08-29T10:33:17
b38046ef-ad4a-4b3c-b86a-f9ddfe83c32a,S003,SKU0137,3,2.76,0.0,2026-08-29T10:29:17
6994bf84-50d3-4a03-8cd7-608f3adcb38c,S017,SKU0080,5,5.97,1.19,2026-08-29T22:15:17
89207bc4-8439-4ed9-9a64-845ef49816ad,S019,SKU0121,4,12.94,2.59,2026-08-29T04:02:12
436ae2bb-d509-4e07-b368-d836027d3808,S014,SKU0067,3,13.58,0.0,2026-08-29T12:18:28
66205167-17cf-475f-898b-cf673f8dcf96,S007,SKU0141,2,7.69,0.0,2026-08-29T05:04:16
578cd875-d231-4372-bfb0-942cac777762,S016,SKU0019,3,18.6,0.0,2026-08-29T08:34:42
2db13deb-ee6f-4bea-8df7-164713769ff9,S003,SKU0107,5,18.23,0.0,2026-08-29T12:35:30
37f3f32b-5a81-462a-9059-f77b79ff89d9,S016,SKU0034,5,15.18,0.0,2026-08-29T20:04:36
2ecaf629-44e2-4691-92de-d495e4f1e8e8,S016,SKU0130,3,14.88,0.0,2026-08-29T01:17:46
ee25356a-aee0-4ec9-bf04-18a9f2765513,S010,SKU0059,2,13.53,1.35,2026-08-29T17:23:19
bcb3636d-7fbe-4bb3-b0ae-d12de8f10194,S018,SKU0156,1,18.73,0.0,2026-08-29T07:08:32
3df76a69-bc45-444a-bc1f-dff0331d58bb,S016,SKU0014,4,14.12,0.0,2026-08-29T20:06:56
3aad5840-34ef-41df-83f1-9b58df6c0d60,S014,SKU0141,4,15.67,0.0,2026-08-29T15:38:44
d61a080a-3fec-4a37-95be-a8dc33e88249,S012,SKU0091,2,3.64,0.0,2026-08-29T22:24:54
c7688339-27ef-4357-9b24-9c2a9e5c5dcd,S008,SKU0024,2,7.85,0.0,2026-08-29T08:40:17
1417c2f9-eb91-431a-9eb0-5b4a1b4ffd5f,S019,SKU0012,5,1.69,0.17,2026-08-29T19:31:23
7e1f48c4-a9d6-490d-b4ad-fa22ad0205f5,S003,SKU0015,1,17.66,0.0,2026-08-29T02:04:15
db6a34ea-c3a5-4237-81b2-16cf9d23c3cf,S011,SKU0090,2,9.61,0.0,2026-08-29T01:35:30
d91738f8-0ad1-418c-b53f-091e8a9e0964,S005,SKU0156,5,13.62,0.0,2026-08-29T10:38:47
50bf2995-9ee4-405d-9f06-bc767b777e71,S003,SKU0020,4,10.36,0.0,2026-08-29T23:54:20
e1886146-fc40-43d4-a5eb-45497e0a04c2,S012,SKU0057,3,18.86,0.0,2026-08-29T18:01:11
4654e77d-de67-4278-9313-b3a7e5a1c6e4,S010,SKU0168,4,14.69,0.0,2026-08-29T20:04:33
c3a6b204-fc01-4a22-aed0-b0b27da56b6e,S018,SKU0129,2,11.25,0.0,2026-08-29T11:36:33
65db6e43-47bf-4db7-82d9-a774ea7f6c7d,S016,SKU0072,1,2.5,0.25,2026-08-29T22:38:29
20d4ba18-93a0-4478-800b-19de38db128d,S008,SKU0079,1,5.27,0.0,2026-08-29T18:58:07
6c5540f0-cc9c-441c-8696-99010ddca788,S002,SKU0061,5,5.4,0.0,2026-08-29T05:10:07
08560684-8a6f-44b3-b08d-312e7a732f35,S001,SKU0128,4,13.52,1.35,2026-08-29T04:09:33
dc432ed5-64ca-41c7-98e7-edf880a23721,S010,SKU0022,1,6.5,1.3,2026-08-29T13:59:14
750acc98-2cbf-4769-86a1-a468afb3e3ad,S016,SKU0005,1,6.66,1.33,2026-08-29T13:58:43
84a91789-b2c0-47e8-9ed0-72e9f9fc6034,S007,SKU0098,4,8.62,0.0,2026-08-29T08:10:18
0227b8d5-b070-4a53-90ce-857f75c72fb6,S010,SKU0009,2,13.71,2.74,2026-08-29T01:54:09
61223189-35f3-4e4a-ac92-04b40306a258,S011,SKU0068,5,15.62,0.0,2026-08-29T22:09:48
5c91f845-534f-496d-99ca-9c1b94bcf47a,S020,SKU0112,5,5.51,0.0,2026-08-29T12:24:48
2fe938e4-427b-4ffb-9ca1-adcc9cdf0664,S018,SKU0100,4,15.98,0.0,2026-08-29T03:58:34
44f7f01a-3cb5-46d7-834a-130e8c6ea6ad,S014,SKU0147,3,17.38,3.48,2026-08-29T16:52:32
57d52b78-9cf3-437e-b562-037b78aa16ea,S013,SKU0120,5,15.73,0.0,2026-08-29T05:55:05
6c878546-7faf-4458-af14-f7775dad348e,S009,SKU0022,2,3.94,0.0,2026-08-29T10:13:11
c08fe6d7-b361-470a-ab49-acc635e574e0,S019,SKU0102,2,15.77,0.0,2026-08-29T12:17:21
668d3c8b-dab5-4d55-9d75-c03c5f4faf10,S009,SKU0168,1,12.89,0.0,2026-08-29T09:47:05
9247e851-2e0d-4860-b362-f9b74795cd1d,S011,SKU0068,5,1.73,0.0,2026-08-29T20:41:46
af9e7a0e-936d-44a7-bab1-996a21925613,S001,SKU0120,2,9.71,0.0,2026-08-29T16:00:59
b8875caf-1991-403f-906e-ccbc3a8359b6,S018,SKU0056,1,19.37,1.94,2026-08-29T23:13:10
8e2ac3ff-3c5d-4a42-8dd8-af09451b6267,S020,SKU0142,4,2.58,0.0,2026-08-29T10:03:54
323132fa-6181-42de-9b37-0ca76ea5e341,S009,SKU0197,3,19.14,1.91,2026-08-29T06:32:47
bd1116ee-f58a-47c7-8ccf-4130255603d4,S008,SKU0162,3,6.3,0.63,2026-08-29T04:37:55
027e789c-ce40-483b-b915-ad7e2648c819,S002,SKU0060,2,4.22,0.84,2026-08-29T23:53:00
226cbc6a-7fe5-44b6-abe8-c7562d36226c,S015,SKU0149,1,13.61,0.0,2026-08-29T18:26:56
a1726883-d971-4e00-a4ad-5e9bfedd22d9,S009,SKU0066,3,2.28,0.0,2026-08-29T02:12:50
50d3802d-b876-4455-88b3-152d845a91b8,S002,SKU0154,1,14.05,0.0,2026-08-29T19:40:36
403fd582-4ccf-4a4b-bc93-243ec90b9454,S015,SKU0029,2,7.97,0.0,2026-08-29T18:27:25
0c36ad4e-915d-4a63-9bc6-c9288fe84e20,S019,SKU0096,5,2.93,0.0,2026-08-29T11:51:41
29d0c613-b0c7-4002-9956-699065fdaadb,S005,SKU0007,4,2.82,0.28,2026-08-29T10:18:24
411920f6-d056-4199-b728-ddc20f5e8b47,S014,SKU0167,3,12.73,0.0,2026-08-29T12:11:47
18a73d94-a13e-466d-96c6-d99779fe7ccc,S001,SKU0042,3,10.21,0.0,2026-08-29T22:38:35
42803aa0-55ac-4d06-be9d-a9517329af6e,S001,SKU0028,3,2.33,0.0,2026-08-29T21:31:33
8eb7c306-8f73-498e-9c3d-0d5f5c6801d6,S017,SKU0149,5,5.41,0.0,2026-08-29T18:35:51
581993cc-41f9-494a-8f5d-337fee8d5daa,S002,SKU0169,3,18.89,1.89,2026-08-29T21:12:53
59e110eb-1f09-4b9d-a969-29b20513eda8,S008,SKU0145,2,8.55,0.0,2026-08-29T02:48:53
9b0707e5-f68e-4e81-adf9-568bde0bde18,S018,SKU0188,5,19.96,3.99,2026-08-29T15:13:18
a65d958e-936d-41a8-93ac-b00e32eeeb38,S020,SKU0121,1,17.18,3.44,2026-08-29T01:52:21
fab8328f-2cae-43a2-89d7-16efa62d7221,S007,SKU0148,5,11.13,0.0,2026-08-29T09:48:02
53391df4-5ae8-4d18-88dc-1e26c7c2564a,S012,SKU0060,3,18.35,0.0,2026-08-29T08:51:00
c655a597-7ccc-43de-82ac-7e1dac565da6,S015,SKU0188,4,7.32,0.0,2026-08-29T08:46:34
141283fb-e3be-43d6-b26a-030dbc8cfa8f,S017,SKU0020,4,8.19,0.0,2026-08-29T20:24:20
76b874d3-4959-4bed-9d19-11a5618dde71,S015,SKU0108,3,13.59,2.72,2026-08-29T08:23:12
de46222e-2514-47ce-b4e3-5f7ba1b7e3d8,S008,SKU0199,2,12.03,0.0,2026-08-29T19:34:26
edb68b81-cec6-4cfe-a3fd-17f02ae63af6,S009,SKU0074,4,13.97,0.0,2026-08-29T22:02:50
9cc05b67-a19b-424a-abfc-2a47565f1491,S014,SKU0130,3,7.31,0.0,2026-08-29T14:52:23
e835f080-d951-4f98-a79f-2f429256d707,S015,SKU0004,2,12.16,0.0,2026-08-29T06:33:01
57f7d71f-2978-4c73-9440-adec12439b0f,S016,SKU0191,2,3.73,0.0,2026-08-29T20:11:29
a72bdddd-511e-4eb8-9040-5c433a6c7da6,S001,SKU0177,1,3.84,0.0,2026-08-29T15:42:27
9afa8267-4479-4214-b5de-f8074a965478,S017,SKU0100,2,19.81,0.0,2026-08-29T18:44:48
e33fc52c-4570-43e4-a53c-8f74a5076897,S008,SKU0183,4,8.06,0.81,2026-08-29T20:16:39
f0533851-dce0-42bb-87ed-ea0271e4dc42,S020,SKU0158,3,3.7,0.0,2026-08-29T21:32:06
855c0a97-9640-4fcd-bf76-14495cf85eeb,S012,SKU0115,1,19.89,0.0,2026-08-29T02:41:06
2ad55c0b-69fb-4fe6-b346-1e07f72cb6c8,S016,SKU0180,4,13.17,1.32,2026-08-29T10:31:57
20029d9f-05e9-4407-9aad-a0b12f132a6d,S003,SKU0039,2,15.07,3.01,2026-08-29T18:32:44
406bf02d-a97a-4f4e-bc10-871bba4f4b03,S015,SKU0098,1,12.48,0.0,2026-08-29T23:38:38
bfeef19d-b360-4faa-be6e-9d47f0c0804b,S009,SKU0198,3,9.61,1.92,2026-08-29T21:24:40
65a4c79b-2aba-44f9-b5e8-0364147f1f67,S002,SKU0145,1,5.8,0.58,2026-08-29T12:25:10
efd1b588-1054-42d5-9876-35761a5ed196,S014,SKU0074,5,18.1,3.62,2026-08-29T18:30:14
0dc78104-8c66-4766-b922-b440e0f1e44c,S002,SKU0189,3,8.61,0.0,2026-08-29T05:12:49
8623bc74-65a2-4cc8-855b-e95d06bfd9c4,S020,SKU0081,2,9.46,0.0,2026-08-29T20:56:24
1a9b0d42-154f-437d-befa-c198c3d6cd54,S010,SKU0071,1,7.93,0.0,2026-08-29T04:18:58
15956c42-27c0-4f89-9e3b-f1b34330125c,S009,SKU0156,4,9.62,0.0,2026-08-29T10:30:11
63ccf604-e2ae-4f87-ae7c-a782a7a31d25,S004,SKU0053,1,18.6,0.0,2026-08-29T05:08:01
bcd2e8eb-3f55-40cd-bab7-127e4f32ea54,S020,SKU0011,5,17.02,0.0,2026-08-29T00:59:44
205c8491-a061-49db-b172-f63648bfb602,S016,SKU0007,5,11.45,0.0,2026-08-29T00:14:33
2bacf712-d6a9-49e8-86d8-95e5219b606d,S015,SKU0134,3,5.26,1.05,2026-08-29T15:31:42
5b59f28e-a9de-4b26-88ff-eab0075072d6,S004,SKU0114,2,16.87,0.0,2026-08-29T03:59:27
dd3ee854-5340-44b0-aa4f-4a80dc412176,S009,SKU0188,4,10.63,0.0,2026-08-29T04:58:53
def3306a-f998-43f2-b799-fddb79e546e7,S003,SKU0084,1,19.42,0.0,2026-08-29T08:05:55
8c6d768e-45bc-43ba-af52-d36e8a63b93c,S017,SKU0173,2,10.88,0.0,2026-08-29T16:30:36
f2cffcae-f833-4bfb-a296-e3f171e15b9f,S014,SKU0026,1,14.58,0.0,2026-08-29T01:23:47
9740b212-2d52-45f4-8a0e-c018b29769b2,S002,SKU0163,5,7.37,1.47,2026-08-29T22:47:41
bfb8abb9-a18c-4492-b4e0-079a98fb4727,S008,SKU0173,1,6.05,1.21,2026-08-29T13:41:50
6f5aad52-9061-498f-a096-521ea2c723d4,S006,SKU0188,2,6.41,0.0,2026-08-29T17:38:25
88a613b4-a3b8-4f92-a3c9-0c6a86017633,S003,SKU0133,4,6.73,0.0,2026-08-29T23:06:40
7b4d8646-58e0-458f-a8af-301f4f45f6f7,S018,SKU0157,2,1.56,0.0,2026-08-29T17:51:55
16ed0330-ce01-4413-ba25-16fe8a27b0b0,S009,SKU0158,2,14.63,0.0,2026-08-29T15:13:28
6986305a-5da3-49cf-8ed0-730d711dc1dd,S012,SKU0124,4,13.17,0.0,2026-08-29T23:13:06
02b3c948-4db6-4475-a7dd-1ac44282b6e4,S008,SKU0075,5,13.65,0.0,2026-08-29T10:55:34
c21f84fc-d0bc-4ad5-85f8-0d9b00060d5a,S012,SKU0140,4,10.57,1.06,2026-08-29T21:46:00
49694032-5808-4790-a2e4-9628d913057d,S010,SKU0108,4,6.97,0.0,2026-08-29T04:05:28
b011b125-0221-41e5-88fc-3da1781d5b6c,S006,SKU0119,4,7.52,0.75,2026-08-29T04:13:00
c166a8b3-f26b-4ebf-bdef-3b8eec0dfc3a,S005,SKU0199,3,13.72,0.0,2026-08-29T14:29:38
c4100108-0256-4389-8cb3-46637a211151,S014,SKU0176,4,17.04,1.7,2026-08-29T21:53:01
98d53cf5-4afc-49e8-8c47-6b726e310234,S007,SKU0105,2,2.04,0.0,2026-08-29T18:28:37
8c57a277-01d9-49b4-8bf8-f29e3b30ee97,S011,SKU0106,1,11.9,0.0,2026-08-29T09:31:29
e1d55f85-6967-4586-b046-30085fa72012,S009,SKU0014,4,16.47,1.65,2026-08-29T14:30:55
3ff93134-650e-48e4-afe6-33f18f807d8b,S002,SKU0079,3,10.48,0.0,2026-08-29T12:22:23
a55fa725-bcb3-4168-b706-2cfa29cc0789,S018,SKU0053,4,9.08,1.82,2026-08-29T06:03:48
3878becf-60dc-42eb-9413-c85063c4e76d,S011,SKU0034,1,19.04,3.81,2026-08-29T22:14:12
a0152b5b-6c17-4150-9447-16cc4352acea,S003,SKU0200,5,11.49,0.0,2026-08-29T13:48:20
ccca1e14-c3b8-480f-8440-8e983d53ec43,S002,SKU0133,3,18.38,3.68,2026-08-29T02:18:38
b1a50a3d-cebd-4b2b-9cfb-bce7e8f2c584,S018,SKU0102,2,8.2,0.0,2026-08-29T05:42:57
a60147c3-48e0-4502-8598-f3c8af449605,S011,SKU0106,2,6.87,0.0,2026-08-29T13:36:45
44d18524-cf0e-4567-882d-7fc1be3074f8,S002,SKU0006,2,11.73,0.0,2026-08-29T00:29:47
1186da93-da7d-4c53-b020-cf0669b41194,S002,SKU0041,5,3.4,0.34,2026-08-29T17:39:16
1c405045-4a22-4ae9-a2f9-cafe2eb23ca3,S008,SKU0009,3,7.08,0.0,2026-08-29T22:59:39
73e88db6-9e23-43d0-b491-5c14a30b669c,S013,SKU0034,3,15.37,1.54,2026-08-29T23:51:28
7df37378-9f6c-4ab4-b352-2c1845aa9503,S017,SKU0185,3,17.45,0.0,2026-08-29T02:41:24
26f341c8-04f7-48c8-9215-b5033012f819,S005,SKU0025,4,1.87,0.37,2026-08-29T22:01:21
05aa5eab-88f3-47ea-b83f-52740cb4afe1,S010,SKU0083,5,16.16,0.0,2026-08-29T22:03:09
4838a888-1a2e-4864-b8ea-ca362f999b2a,S009,SKU0118,4,10.98,0.0,2026-08-29T11:00:03
703c1286-b717-44cd-a002-91bb44e9f8fb,S013,SKU0075,2,3.34,0.67,2026-08-29T17:09:47
17172654-3b99-4815-8219-a9c7ba23b07a,S009,SKU0124,4,3.22,0.32,2026-08-29T20:25:30
3799a376-7e5b-4ac9-83c5-01fe269334ef,S008,SKU0098,3,18.29,3.66,2026-08-29T18:26:40
c9254bb5-4fc3-4d4e-ab95-0c1d578799d9,S018,SKU0183,1,19.87,1.99,2026-08-29T13:34:15
5f13e10b-ff7a-484d-bf96-dd35cca99089,S013,SKU0198,1,9.87,1.97,2026-08-29T00:54:22
081fec82-ca9a-4f77-b26a-51a576b40672,S004,SKU0165,2,9.77,0.98,2026-08-29T20:30:13
c02553ea-d7f2-4678-9489-8025548b2ce3,S018,SKU0044,3,7.65,0.0,2026-08-29T03:28:22
4439940d-0e58-4770-a566-0316f39ef1be,S008,SKU0022,2,17.5,1.75,2026-08-29T21:36:19
8b0ea0b9-1246-4474-a475-c0eec6913069,S019,SKU0195,2,8.96,0.9,2026-08-29T19:03:23
e54c8739-3133-439e-ae7d-952b785b8a07,S014,SKU0080,2,2.59,0.26,2026-08-29T09:10:33
61af0e8e-d137-47e1-8005-353dd76f1e65,S019,SKU0154,3,16.93,0.0,2026-08-29T11:42:12
f97f4994-1f38-4f55-833a-c4d6d4085391,S018,SKU0126,4,17.62,0.0,2026-08-29T07:37:03
62821d61-3fbb-4f57-b6f5-6f1cc4a531cd,S015,SKU0182,5,10.75,0.0,2026-08-29T11:43:03
3f46057b-7165-436b-b997-c779c56f05e6,S014,SKU0180,4,11.02,0.0,2026-08-29T03:49:28
32fd73c5-0894-4176-be99-df69bcd49975,S017,SKU0192,1,8.45,0.0,2026-08-29T05:54:05
180dc855-c55f-4de8-bc3e-1d1975f94230,S002,SKU0109,1,4.57,0.46,2026-08-29T04:08:18
355cca9c-fb6b-41dc-aa7f-7e0685695f97,S005,SKU0192,4,4.66,0.93,2026-08-29T17:44:17
f6121d2c-ae73-40eb-a39d-8fe7790b185c,S004,SKU0112,5,9.24,0.0,2026-08-29T10:48:15
289ac251-52b4-44e8-afab-cd734fe66636,S011,SKU0158,3,14.82,0.0,2026-08-29T19:01:22
bea6450f-0acc-423c-ba6d-bed8a110e887,S010,SKU0134,3,11.93,0.0,2026-08-29T05:09:08
1f44aa88-855b-4c5b-8cb1-457eeffad15b,S020,SKU0065,2,16.35,0.0,2026-08-29T18:54:36
4c7f03bb-a376-4c2d-bb31-dcdc40d91a8e,S006,SKU0135,4,10.06,0.0,2026-08-29T04:55:39
0d559b64-e334-4bac-9c44-ebd132df8d45,S005,SKU0121,4,1.68,0.17,2026-08-29T06:31:31
f9287d26-37c0-487a-aaac-826edd18ab28,S007,SKU0052,1,19.88,0.0,2026-08-29T11:21:13
6f2537ce-a206-427c-bc68-41d61ce8e12f,S002,SKU0160,1,11.45,0.0,2026-08-29T03:26:54
cb5d2b59-2ad8-40ca-83db-7a2e531350e0,S018,SKU0058,4,12.5,0.0,2026-08-29T12:45:34
6553b15f-1ea1-4b0f-95ae-b18b46ae7e06,S010,SKU0110,3,13.13,0.0,2026-08-29T09:59:49
f80590f0-0249-4a09-be3b-1a40ca0553a2,S013,SKU0066,5,14.99,0.0,2026-08-29T22:44:14
b0d515ab-c891-455d-94c1-76b90ac013d5,S019,SKU0040,5,11.51,0.0,2026-08-29T02:49:14
27ad8d51-98a1-4e4f-b03b-693479ab56d1,S009,SKU0145,1,15.02,0.0,2026-08-29T06:29:33
3fac4317-16e8-47b0-8552-f3c55f13fb98,S013,SKU0085,1,3.84,0.77,2026-08-29T21:23:00
af9a1168-1766-4795-bffa-b493285eed0a,S009,SKU0189,5,15.78,3.16,2026-08-29T22:01:09
f83b1806-ee4c-4b18-96a2-d49d9e5f8273,S006,SKU0001,5,13.87,1.39,2026-08-29T07:37:14
0f5f9707-a008-4c20-8272-88e6ff39a117,S005,SKU0037,2,19.8,0.0,2026-08-29T22:23:19
276732d3-a502-4c4b-9b03-34d80f4d6c40,S003,SKU0014,2,10.3,0.0,2026-08-29T11:46:20
1b7e0502-ca9d-4831-894e-7397b38a3db1,S016,SKU0084,2,10.97,1.1,2026-08-29T15:29:18
5115d7ee-3b90-408e-bce3-456320363a73,S018,SKU0101,3,10.76,0.0,2026-08-29T08:45:58
a50784cb-c9df-401e-8ef0-0de1fb4f1972,S010,SKU0134,4,15.82,1.58,2026-08-29T12:55:29
e44cbd41-ce36-492a-98e9-d0aac1b6edd4,S006,SKU0163,3,11.32,2.26,2026-08-29T07:47:16
05776108-3166-4c94-bbb2-4366704fe1a8,S015,SKU0126,3,14.66,1.47,2026-08-29T20:24:24
b972393a-5bb0-4d76-a0b5-7717b072afc8,S012,SKU0046,3,14.18,2.84,2026-08-29T15:51:10
0a1bebd3-e60e-4813-802d-a0fa227dcecc,S014,SKU0055,1,17.52,1.75,2026-08-29T12:35:49
8f1c3fa0-7000-4009-b4e5-70ba7c3cc2bc,S012,SKU0046,5,11.86,0.0,2026-08-29T13:55:29
7d76ab58-b271-415b-8af0-9ec34b726a7c,S007,SKU0002,1,5.12,0.0,2026-08-29T19:09:04
8b2ab759-2fc6-44e6-9113-5d7e30952621,S009,SKU0129,5,7.24,0.0,2026-08-29T13:25:48
77e8b762-bb7e-4979-92dc-bffd59008d65,S009,SKU0165,1,12.73,0.0,2026-08-29T23:33:52
994316bb-d4d3-43a5-9e1f-1619467ba9e5,S002,SKU0147,4,8.87,0.0,2026-08-29T09:58:56
290c4414-8df5-4b01-9c4d-b762ea1af7d2,S015,SKU0126,1,17.47,1.75,2026-08-29T22:07:12
730ad7de-27af-4ff9-87f8-9f6211a1e557,S002,SKU0095,2,10.26,2.05,2026-08-29T03:46:56
8aa6b006-436a-4b9d-91c5-6a004bb13407,S005,SKU0022,1,12.84,0.0,2026-08-29T06:26:27
c6a28e4e-002f-4ca4-b43e-85315dfb1922,S015,SKU0164,4,16.93,0.0,2026-08-29T02:02:26
bbd0fe6c-6108-4fcc-8186-722ba355ad05,S007,SKU0168,1,7.31,1.46,2026-08-29T10:06:09
9ea6ed4a-04ca-430a-a207-db202f7f2cd7,S006,SKU0151,5,15.14,0.0,2026-08-29T11:31:21
9ec5405d-c6a9-4598-9d34-0833db592a19,S002,SKU0017,3,11.05,1.11,2026-08-29T15:09:35
10372a5c-b893-408a-9219-02163d211daf,S009,SKU0022,2,16.76,3.35,2026-08-29T05:22:14
d1ad3e51-89f9-4de9-b798-0131a885a7b4,S007,SKU0177,2,9.7,0.0,2026-08-29T22:09:21
aee7c7a5-8629-4fbe-b09b-48dd63329992,S009,SKU0144,5,9.07,0.0,2026-08-29T11:19:44
277529a2-8d2c-4e83-8407-26547f5f61aa,S003,SKU0145,3,3.68,0.37,2026-08-29T20:41:11
68e8f311-5295-4a96-887b-25d79cf023dd,S003,SKU0048,4,3.13,0.0,2026-08-29T06:38:40
18a440bd-1c47-40a5-9270-2b29a41247a2,S001,SKU0056,3,12.44,0.0,2026-08-29T06:09:55
0b34fc84-1111-4e29-a8ad-153985f0786a,S007,SKU0192,3,10.02,0.0,2026-08-29T11:12:21
2dbb45bd-2138-42e6-b013-a170d5cf3b4c,S006,SKU0072,2,7.24,0.72,2026-08-29T10:27:07
1b67f7bb-33bb-4382-8801-8e83df9d3910,S007,SKU0070,2,11.95,1.2,2026-08-29T08:13:37
08252b39-1947-4a42-b10d-c9d17c413a2a,S015,SKU0068,2,4.78,0.0,2026-08-29T09:26:34
637b3648-d617-49c0-a449-d64f922ddab6,S012,SKU0198,1,10.56,2.11,2026-08-29T13:14:19
9fbc879e-869c-4a8e-bd6a-b7c2a86d8706,S019,SKU0099,5,9.82,0.0,2026-08-29T01:20:14
0c90e028-4185-400d-971d-f5fdb38950ce,S012,SKU0166,2,11.45,0.0,2026-08-29T15:47:46
b7c4b3ee-9b1f-46d1-b881-49dc5dc96097,S009,SKU0024,3,5.34,1.07,2026-08-29T20:05:00
ebc8f6b7-ee22-4f70-8359-9c6d1224cbd2,S015,SKU0067,5,15.81,0.0,2026-08-29T07:56:47
edabddab-7dcc-4026-a7df-30b2356fdc0a,S006,SKU0122,1,18.56,3.71,2026-08-29T23:58:08
77d2b94f-1478-4c9d-9503-0b43e3c7ca9a,S019,SKU0097,2,10.14,0.0,2026-08-29T13:33:15
5c65a65c-0f8a-4c2c-a390-0bc0cd0fa4a6,S012,SKU0003,5,18.17,0.0,2026-08-29T03:48:31
e3f342a8-f030-4fd4-be54-898e8eda6433,S004,SKU0048,2,9.3,0.0,2026-08-29T12:15:28
cb53f0be-5e7b-4866-9270-54706a7be8b1,S006,SKU0193,3,7.17,0.72,2026-08-29T19:54:27
9def57b4-d2da-43ec-8eec-c013b55beaaa,S019,SKU0148,1,9.62,1.92,2026-08-29T16:37:07
bbfb1b71-0a68-4eb8-876d-e8c5440c7e5b,S009,SKU0186,4,15.02,1.5,2026-08-29T08:52:07
13f39289-4dcc-405d-959e-f0fd1204f4d6,S010,SKU0011,3,12.62,1.26,2026-08-29T14:36:19
84fcfcb0-f5e9-4352-b745-39f2f1d188b9,S014,SKU0110,2,15.62,3.12,2026-08-29T03:55:36
3b23feed-b9a4-4e2b-99e9-e3a418dcceb6,S001,SKU0042,3,19.15,1.92,2026-08-29T21:35:35
317046b9-3080-4a5d-a2a5-0eec881af04f,S017,SKU0051,5,4.58,0.0,2026-08-29T21:43:50
91ed554a-3fae-4f01-a829-0f3c86b4852c,S002,SKU0024,5,15.41,0.0,2026-08-29T12:07:46
8ef4d74b-2dcc-4095-b28f-9444a0154d65,S015,SKU0102,3,16.17,0.0,2026-08-29T12:36:04
bf00f56c-6a49-49a6-8ee2-5e54bfcb3388,S006,SKU0078,2,10.02,0.0,2026-08-29T07:17:47
9399ad15-a37c-41c5-842b-266b1b02fa24,S014,SKU0024,3,2.99,0.0,2026-08-29T07:24:09
b3da5808-756e-467d-acab-8b695ba37cb5,S001,SKU0123,2,4.35,0.87,2026-08-29T13:37:34
1aa67474-e200-4157-ad54-c95aaa4d52a8,S013,SKU0179,2,7.88,0.79,2026-08-29T20:01:07
8cca8963-2e2e-47a4-8ade-c3792ab403f6,S008,SKU0196,2,18.39,1.84,2026-08-29T16:52:29
a854027e-5667-4e49-8133-8bdc66cc7376,S013,SKU0198,1,8.67,0.0,2026-08-29T04:51:41
999413cc-ff99-47a8-88ad-b388287e4086,S013,SKU0137,3,18.11,1.81,2026-08-29T21:44:01
e7094153-5a31-4916-aefb-2a2471693ed5,S008,SKU0156,1,7.92,1.58,2026-08-29T00:58:45
ff31950a-fdd0-44a1-8cd2-216f50adff63,S011,SKU0129,2,15.71,0.0,2026-08-29T13:11:24
698f546d-5f29-4290-9848-5a54531c8812,S008,SKU0036,1,12.8,1.28,2026-08-29T02:48:47
d37ee471-6e3b-4507-a21c-1209c3a1962d,S014,SKU0024,4,4.98,0.0,2026-08-29T10:59:35
3d9ffe59-9bc0-4a93-92cd-adefb9d276f4,S005,SKU0073,3,8.61,0.0,2026-08-29T15:29:58
60042231-36c3-4e85-8bae-295e902a405c,S009,SKU0108,3,8.66,0.87,2026-08-29T01:16:04
be9cafcf-ed17-46e9-8cdc-718dc4057420,S015,SKU0022,2,4.53,0.91,2026-08-29T03:52:30
73d0b6c7-f62e-4f88-9c29-850b410bfc29,S013,SKU0004,3,14.19,0.0,2026-08-29T23:52:46
000cd21a-65a7-4a30-b5b7-0dd9728f5897,S013,SKU0176,2,7.4,1.48,2026-08-29T18:27:29
48d3d2ce-fba3-491f-88df-aaf8b9efaad6,S002,SKU0078,4,1.71,0.17,2026-08-29T15:22:52
2294fa0a-8482-4c08-842c-65ad9883e9b1,S015,SKU0129,4,6.29,0.0,2026-08-29T21:58:39
01ae7eb1-4d45-4ea5-a3ec-4f6afe503fdc,S012,SKU0029,3,15.95,0.0,2026-08-29T19:28:46
36fea0b4-38cd-4122-bc01-45e14ce2afa2,S003,SKU0039,2,19.64,3.93,2026-08-29T13:57:42
c5828939-058e-489e-909d-97cddb107e7f,S007,SKU0132,1,7.74,1.55,2026-08-29T09:23:15
d284b528-b091-4fb7-b17f-3f92d26aa790,S002,SKU0119,5,14.96,1.5,2026-08-29T15:50:01
82e2b02d-8dbc-4e5a-ab4a-ede646a52064,S012,SKU0013,3,2.24,0.22,2026-08-29T16:45:25
9255273f-ed09-40f7-9217-4fb08e6b3085,S011,SKU0173,5,14.2,0.0,2026-08-29T15:29:57
75dacbbe-09a9-461a-9823-3383279b637c,S009,SKU0046,3,15.69,0.0,2026-08-29T19:45:39
43d643ed-236e-4832-a7f6-a2ac5b0c4170,S011,SKU0077,3,8.1,0.0,2026-08-29T16:15:59
3ff69f41-9508-4801-a3be-7ca05df924fb,S018,SKU0190,1,12.52,0.0,2026-08-29T01:19:58
4ce09ecb-cfa2-4fb8-8199-322e3ba58126,S004,SKU0033,4,6.1,0.0,2026-08-29T19:28:41
91ae3d4c-6659-4d83-920b-725b17871810,S012,SKU0118,2,13.21,1.32,2026-08-29T10:00:04
13c37b5d-bbf8-4a91-b7a9-f824eafa4d5b,S015,SKU0011,5,6.02,1.2,2026-08-29T20:43:08
7b874b4a-cafb-44fe-931f-04afb93c92d5,S020,SKU0186,1,7.54,0.0,2026-08-29T05:20:34
e6267164-d361-4b3a-bcff-ae922c435667,S010,SKU0109,1,8.57,0.0,2026-08-29T12:17:52
d1cbc092-9383-486d-b3ed-d6edb0894de4,S003,SKU0111,4,1.91,0.0,2026-08-29T23:46:16
a46acc9a-9861-4260-9869-c755e85c1ec9,S010,SKU0158,1,16.18,3.24,2026-08-29T09:30:06
ceef7261-bb15-42ea-8991-2f464ce6928b,S012,SKU0147,5,11.47,0.0,2026-08-29T01:46:40
c7b611cd-1417-482a-a1ad-018a93875413,S006,SKU0071,4,5.48,0.55,2026-08-29T10:00:16
559a8f54-c559-4d0f-abff-c53f0e50f355,S006,SKU0174,5,13.92,2.78,2026-08-29T14:30:54
6f2e92b9-d130-42db-a13a-14ca5911f42e,S001,SKU0107,3,6.54,0.65,2026-08-29T07:32:29
1edbbe71-de2a-4ddf-ae24-9b726aa12abd,S011,SKU0025,2,6.58,0.66,2026-08-29T21:48:42
bf67de42-3a0a-4b59-8538-4872deaa543e,S003,SKU0157,2,5.66,0.0,2026-08-29T08:02:54
edbc36d8-9a30-4096-9977-66bea71c8948,S019,SKU0108,3,14.97,2.99,2026-08-29T16:46:17
a1d770ea-c704-480e-a246-6cd702ed5d15,S018,SKU0004,5,7.58,0.76,2026-08-29T17:18:58
863dfcd6-4e06-48d0-8ddb-545b61eaaa65,S005,SKU0119,3,7.8,0.0,2026-08-29T16:10:46
909e21ba-8a38-45aa-91be-ba8e0a8aeb94,S009,SKU0104,4,5.4,0.0,2026-08-29T14:12:06
b2a0f778-809d-4444-93ab-3cce264ae04f,S016,SKU0144,1,13.72,2.74,2026-08-29T02:51:43
ac735be0-0cee-4dc2-a737-f345388629ff,S010,SKU0075,3,3.04,0.61,2026-08-29T13:26:30
f89617fa-6493-45ef-bf53-76a4bb48bbba,S005,SKU0160,3,9.85,0.98,2026-08-29T01:04:35
9343e6ea-985a-4548-80ba-22a47213e7cc,S014,SKU0107,5,4.58,0.0,2026-08-29T20:34:01
6e935615-38da-4a90-970f-ad328135f15a,S016,SKU0061,1,15.4,0.0,2026-08-29T20:15:33
25e42403-64f2-402e-894f-6ed34a2f3876,S020,SKU0032,4,18.54,0.0,2026-08-29T13:46:41
79d19c4e-1521-4d35-960f-1e2d21d72432,S019,SKU0075,1,8.82,0.0,2026-08-29T04:01:40
8c53b74c-0c9f-46e6-becc-f7609249ee3a,S014,SKU0091,2,17.5,1.75,2026-08-29T20:01:38
6605de3c-15c7-4c83-8336-ffe5663166a7,S011,SKU0198,2,9.24,1.85,2026-08-29T10:09:13
b2a7a475-c619-4773-af3a-cf3380777ac5,S018,SKU0137,3,13.16,0.0,2026-08-29T18:17:18
7b1dbca3-2286-43f8-8314-96ea2160446e,S015,SKU0074,4,5.66,0.57,2026-08-29T18:00:58
65339cf0-7ce4-470e-b2b7-3d808f2e08d3,S010,SKU0001,4,4.4,0.0,2026-08-29T14:33:55
8fa8ae34-3233-4053-9242-ba54a6f9c0e1,S006,SKU0175,5,16.85,1.69,2026-08-29T23:53:28
86351a54-bc54-48c1-bf40-8dcc9db1f7f9,S014,SKU0049,1,8.59,0.86,2026-08-29T15:13:43
44296ca2-1257-429e-be08-5cb73f09f7a6,S020,SKU0129,1,12.95,0.0,2026-08-29T22:11:55
af4afcdd-52cb-4ae0-ae18-c9b3c6da85f1,S011,SKU0157,1,12.59,1.26,2026-08-29T00:49:52
1ccec1ef-16ef-4cdf-9375-ee61ec94503e,S012,SKU0006,2,4.58,0.46,2026-08-29T03:18:43
5d822e3a-6c6d-482b-a9e0-8370abf7a5d0,S017,SKU0050,5,17.84,1.78,2026-08-29T20:05:59
5832c8de-521b-48c2-b0c3-ef8a592ab43d,S016,SKU0183,2,9.97,0.0,2026-08-29T06:22:45
c509d558-0632-4b36-a7c8-f0c59808552c,S001,SKU0053,2,7.47,0.0,2026-08-29T02:21:35
5987038a-fcd6-418e-ab54-500d4e089bb4,S015,SKU0062,5,10.03,0.0,2026-08-29T21:57:49
cd840a47-fd7b-4279-9253-55159dc0a8b5,S004,SKU0155,2,19.5,3.9,2026-08-29T23:21:06
70c23600-2554-4c1a-9f88-dda37134ae6e,S015,SKU0185,3,17.63,0.0,2026-08-29T08:54:54
3bc5f97f-d173-470b-ac99-3c800b7d1856,S017,SKU0121,1,1.63,0.0,2026-08-29T14:47:40
27ef0a4b-5fb2-4838-af73-b3cf331e91f2,S018,SKU0031,4,2.8,0.28,2026-08-29T09:28:02
15f7ef61-da4e-404c-ba7e-1b86c1fad753,S015,SKU0124,5,13.47,2.69,2026-08-29T00:51:49
3e3869e2-0df6-4417-bd55-38c71cc464ed,S012,SKU0103,1,6.92,0.69,2026-08-29T01:27:10
25ce2a21-ed3e-4846-9efa-0407f2edcab0,S004,SKU0027,5,13.14,1.31,2026-08-29T15:36:15
49a5baeb-d1f4-4c8d-951b-1974de668dd0,S006,SKU0094,2,17.17,3.43,2026-08-29T04:04:11
cde55848-b19c-405e-97e0-a1f103840661,S016,SKU0054,4,13.65,0.0,2026-08-29T08:50:59
789fed96-7337-4c2f-8e1c-37621c7cb6ed,S016,SKU0193,3,3.3,0.0,2026-08-29T16:41:02
bd717da3-3581-4632-94f5-df7005d2d205,S015,SKU0085,2,15.5,0.0,2026-08-29T10:45:04
8be27516-342c-4348-b63d-75f189bab9c8,S020,SKU0010,4,14.44,2.89,2026-08-29T10:01:23
8c7e2904-4237-492a-8017-466e85f4c0a2,S008,SKU0095,2,4.24,0.0,2026-08-29T00:56:40
fe07832a-badc-4599-9f7f-ae0c7ba79d05,S006,SKU0146,5,8.21,0.0,2026-08-29T11:09:54
ab132032-b2e1-4f66-b1f0-2ea8242f5829,S005,SKU0191,3,10.29,1.03,2026-08-29T10:44:10
e7f2418a-953f-4fd4-a069-4b6d04b51c12,S009,SKU0164,2,4.21,0.0,2026-08-29T13:59:21
4165964c-0b21-4308-86dc-4e34a9dcfe52,S010,SKU0038,2,2.02,0.0,2026-08-29T21:14:05
3360d115-48b5-4c88-8f63-5f4a2b9a118e,S017,SKU0104,5,1.72,0.0,2026-08-29T18:31:02
4572b385-9e32-4085-b24f-92b9ca0841de,S005,SKU0151,4,12.94,0.0,2026-08-29T12:31:56
f1f71605-a79e-4626-b707-ac0e0d96feb3,S016,SKU0166,5,7.31,0.0,2026-08-29T13:45:42
a90e319d-637e-4f94-910c-8d920222305d,S016,SKU0098,2,17.61,1.76,2026-08-29T06:23:08
e9b1c4a1-da22-4b85-a9b9-2a1d457498ca,S008,SKU0080,1,13.87,0.0,2026-08-29T12:27:54
1b9ec5f9-dd41-4a67-9c37-5254a8fc5690,S004,SKU0167,2,5.65,0.0,2026-08-29T22:09:35
e226a768-de0e-4c53-8ae0-fd7a04e25132,S001,SKU0192,2,8.1,0.81,2026-08-29T20:43:53
fad3b44c-3b2d-4dc9-a2f3-2faea63fcf12,S002,SKU0103,5,18.12,0.0,2026-08-29T13:14:12
b5ae2a56-fa03-4d6c-822f-b2f06175a257,S009,SKU0142,1,19.11,3.82,2026-08-29T02:26:47
7c12d198-50c1-48f7-a764-28c4197fa0fd,S002,SKU0115,5,17.16,3.43,2026-08-29T02:53:33
168885c2-8814-4bde-98db-f732dde4d194,S006,SKU0177,5,11.17,0.0,2026-08-29T09:19:23
f77fa3a7-802a-46eb-b2e9-7c2d2fb90ccf,S002,SKU0156,2,5.72,0.57,2026-08-29T06:27:36
b6646199-ed25-459e-8f89-37fa753e9662,S003,SKU0034,3,11.71,0.0,2026-08-29T06:55:05
ec19e4eb-3f55-4740-8a2d-36a605804493,S008,SKU0150,5,7.1,0.0,2026-08-29T08:17:10
7d6c3d2a-5564-41d3-8e0f-bae18787c3f4,S002,SKU0082,5,10.33,0.0,2026-08-29T19:32:56
04b40ac9-2831-4f0d-be90-63fb64b5d9a5,S003,SKU0122,1,5.13,0.0,2026-08-29T16:05:20
5afa0fb3-5a16-49d9-af2f-077358c69158,S020,SKU0125,2,3.35,0.67,2026-08-29T07:49:39
fef97d57-3c77-4a4a-8d65-4036a00f230b,S004,SKU0185,3,12.03,2.41,2026-08-29T15:38:48
469ff562-8052-4405-ba84-bb5ffa6e3743,S020,SKU0194,4,15.88,0.0,2026-08-29T21:26:33
41f74651-a033-4dad-8fdf-de19cfd835fc,S020,SKU0070,4,19.86,0.0,2026-08-29T14:49:28
fffcd743-e3f1-4406-a31d-9c8be0f0fe79,S016,SKU0132,4,13.18,0.0,2026-08-29T18:28:11
f1b2f143-078b-43a9-bd88-565ad09a934b,S018,SKU0064,3,19.1,0.0,2026-08-29T09:37:09
39bfc9b6-47ba-48aa-b2f9-4b2c8e10814f,S010,SKU0161,3,6.59,1.32,2026-08-29T18:18:57
6491982b-e5ad-481d-977f-4c1626d658fb,S001,SKU0082,4,3.56,0.0,2026-08-29T17:45:08
bada0c94-1679-4be0-a323-8416a82cae18,S003,SKU0195,5,10.2,0.0,2026-08-29T06:30:35
ad9112c5-f5ea-4128-854d-c3bf61d85365,S011,SKU0164,4,13.95,0.0,2026-08-29T16:08:10
afbffde4-a022-4155-9f69-5d179cc96aed,S008,SKU0055,5,16.72,0.0,2026-08-29T03:57:29
92a97acd-3d88-4938-aad6-5b8c3a38b844,S016,SKU0027,3,10.78,0.0,2026-08-29T19:18:40
4ff85111-f875-4fd4-ad2c-cf42271a919f,S005,SKU0083,3,18.66,0.0,2026-08-29T20:47:23
72fcc072-544c-4132-9af9-7493e8e46b31,S006,SKU0157,2,5.05,0.51,2026-08-29T06:15:15
a7087280-34ee-4b67-a1bb-d1838acfd4d6,S020,SKU0107,2,7.53,1.51,2026-08-29T17:14:58
af1dcfb8-8a96-4a11-94be-6d9f2379c05f,S010,SKU0095,3,5.73,0.0,2026-08-29T17:11:03
235b275b-dcd2-4b97-b3ca-9a6bccd3af7c,S015,SKU0079,2,7.17,0.0,2026-08-29T11:28:53
e60d7a94-b483-4162-b043-a39a4f1a84cb,S013,SKU0015,4,11.92,1.19,2026-08-29T00:12:23
6e18b184-229f-485b-a8d9-1a2086181db2,S009,SKU0005,4,8.04,0.0,2026-08-29T16:38:05
c521ff2e-f9cc-43ed-a8b4-5c6afee543b3,S012,SKU0007,2,5.36,0.0,2026-08-29T10:43:59
9099a283-eedb-4ce5-a7fe-cdcd2528b516,S018,SKU0144,3,9.41,0.94,2026-08-29T11:51:28
115c42cd-5147-4e86-a875-d40aeac7dc2e,S015,SKU0071,2,16.25,3.25,2026-08-29T18:18:41
b82d40de-f2d7-4d53-8870-2ae78eadda9a,S016,SKU0185,1,2.88,0.0,2026-08-29T11:51:01
d6eaf269-514e-4353-af23-7c4d1e4ea133,S016,SKU0064,5,10.19,0.0,2026-08-29T14:12:06
078c3875-ba21-4269-a540-fbfee12ff6cd,S002,SKU0026,3,19.76,3.95,2026-08-29T13:39:14
f90fb6e4-e150-42f3-9195-8000c3f38c8c,S012,SKU0113,1,13.33,0.0,2026-08-29T19:35:03
4da838b7-6947-4bac-b610-f40d69fe890f,S011,SKU0199,3,3.55,0.0,2026-08-29T02:41:37
d25ad576-ef0b-443e-bee0-47627168bdec,S010,SKU0147,4,16.75,0.0,2026-08-29T21:28:27
bd03d33b-eee9-495e-a308-6e48e4e5b5b0,S011,SKU0147,2,11.89,1.19,2026-08-29T08:55:42
301c6abf-c773-4d46-a6e6-a84a46178161,S017,SKU0075,5,15.61,0.0,2026-08-29T20:16:04
06b4ed27-2f4b-4be8-a1ac-fdb51b555f6d,S012,SKU0198,1,4.1,0.0,2026-08-29T11:25:51
9df034d3-9caa-437c-bc67-95e2c32fc21b,S011,SKU0120,4,15.32,0.0,2026-08-29T06:42:15
9cc3c1f5-9129-4c75-9b08-e5a844511ba0,S009,SKU0066,2,10.02,0.0,2026-08-29T07:14:41
3b1d12cf-3b70-4092-98ab-182c3b1d0181,S004,SKU0165,5,15.33,0.0,2026-08-29T05:06:25
14588063-5bf8-4d1d-86ad-7920aff7ff5d,S017,SKU0016,4,9.41,0.94,2026-08-29T01:44:55
22538040-7a02-4a6d-87a2-b171b02a06ee,S002,SKU0130,5,8.41,1.68,2026-08-29T15:55:05
7800e27a-9ace-43cc-989c-83f68098580d,S019,SKU0086,3,16.12,1.61,2026-08-29T10:17:27
2f191516-5fbb-4da5-a64a-1fe8b646e2b1,S018,SKU0200,1,15.09,3.02,2026-08-29T03:21:17
794e0838-7dcf-40fd-a330-98edda252795,S019,SKU0120,1,11.34,2.27,2026-08-29T03:11:38
39ed0800-3179-49f9-a9ed-e760233408ba,S014,SKU0071,5,13.53,0.0,2026-08-29T02:39:39
f80443ee-c3b8-4179-a899-4c8408403234,S011,SKU0019,4,9.85,0.0,2026-08-29T23:40:54
f3402dd3-4515-45b9-ace9-504b03d7f962,S017,SKU0200,2,13.49,0.0,2026-08-29T16:31:52
abdce0da-be0b-4ddd-b8f9-500169bd40d8,S010,SKU0002,4,17.95,1.79,2026-08-29T20:55:32
345e2eaf-c1fd-4581-b3ec-e6b1fcfd8547,S008,SKU0083,5,16.82,0.0,2026-08-29T00:18:39
f4672866-ed56-42a0-ad54-ff2b10ee4f77,S011,SKU0137,4,4.28,0.0,2026-08-29T21:16:35
9df79a27-ddfc-4a92-b074-feb3fc5217cc,S012,SKU0184,4,13.59,0.0,2026-08-29T20:54:52
dde4f5c1-532c-4c01-b017-c5337d6ce5c3,S010,SKU0047,5,4.32,0.0,2026-08-29T07:30:19
6d744a0b-3f2d-49c8-a338-e5797521aa18,S005,SKU0139,1,1.99,0.4,2026-08-29T01:26:11
9ba14c35-0ab5-407f-86b6-020a67a55936,S008,SKU0169,3,19.16,0.0,2026-08-29T11:28:51
b85f164b-6160-4399-9307-3198bc3eb402,S009,SKU0060,2,5.23,0.0,2026-08-29T15:26:51
f06b6c12-9c8b-4550-a4e7-0f9a501a0ccf,S015,SKU0032,2,15.79,0.0,2026-08-29T04:59:57
8941bdd3-9803-482e-926a-4bd0be125f8f,S002,SKU0115,4,1.97,0.0,2026-08-29T13:51:01
b440b852-e033-400e-a432-62b38675820e,S019,SKU0032,4,8.88,0.0,2026-08-29T13:51:13
1bfc270c-8549-4255-89db-ebb5c9739495,S017,SKU0032,1,19.43,3.89,2026-08-29T21:03:19
e0b55615-d3b6-4f1b-b4f7-6d09739cafa5,S020,SKU0092,2,15.5,0.0,2026-08-29T17:48:28
3ee79d31-feef-41f8-a0b6-2f900adbc4ff,S017,SKU0093,3,9.18,0.0,2026-08-29T03:18:20
fbdc532e-6546-466d-89b1-cad184c9b276,S001,SKU0002,4,6.22,0.0,2026-08-29T16:38:13
632c817e-8ec5-4d47-8a0c-64e5bc341b4f,S012,SKU0093,4,16.36,1.64,2026-08-29T03:38:35
f66c7331-a172-4ee3-83e1-847c8420e0d8,S010,SKU0059,3,16.98,1.7,2026-08-29T23:44:19
70869a45-4a8a-4b17-b09a-083a0c9ea060,S001,SKU0071,1,13.53,1.35,2026-08-29T17:09:42
c60fb252-4df7-42ae-a267-e12b65e5f13f,S019,SKU0003,3,2.34,0.0,2026-08-29T06:27:26
2a9edda7-761a-4914-8931-b2d4d3def87c,S002,SKU0016,2,11.09,0.0,2026-08-29T17:06:19
eb45bc38-9cf6-4e33-8b5f-174b6c267b56,S020,SKU0107,5,16.34,0.0,2026-08-29T13:31:59
e7574997-8458-4f73-b0a0-c1cd0df6c527,S005,SKU0190,2,9.26,0.0,2026-08-29T18:52:53
a566e884-d473-4687-b6ad-1c332469d0c2,S001,SKU0128,2,8.25,0.0,2026-08-29T05:54:42
802b1bf4-b8ff-415c-9727-20fa73a27c7b,S020,SKU0083,2,7.16,0.0,2026-08-29T09:39:17
95dfe6cb-c75a-4c94-ae05-7f791cf8d03f,S016,SKU0009,1,15.99,0.0,2026-08-29T01:02:15
8be15610-b234-4948-a4f2-ae4cf016716b,S013,SKU0196,2,18.4,0.0,2026-08-29T19:38:30
52ce55e3-69df-45c7-a4a0-053f22a37556,S004,SKU0004,5,14.87,0.0,2026-08-29T05:45:31
74246baa-2dca-4c82-8660-a3e9736d417c,S003,SKU0029,3,18.1,0.0,2026-08-29T15:17:14
e552d0a8-b66f-4507-a588-b999971eea39,S015,SKU0035,4,10.09,1.01,2026-08-29T19:32:29
171603b1-7466-4e6f-a1ee-b1f133b1d0dc,S016,SKU0121,5,16.47,0.0,2026-08-29T11:20:19
a6091ad0-b114-44aa-92f6-9081400564b8,S020,SKU0172,3,3.87,0.77,2026-08-29T13:18:37
29fb832c-cbe6-4571-b622-e18ee83bcc84,S005,SKU0057,1,10.34,2.07,2026-08-29T07:08:47
17584f23-1fa0-4802-bbb7-1494b7e767d4,S003,SKU0191,5,3.9,0.0,2026-08-29T08:12:43
a25291f3-730b-4657-b4cb-46131d39e9c2,S004,SKU0064,1,14.77,0.0,2026-08-29T22:23:31
b5103e9c-8618-440d-95d6-a6585ce9dbbc,S015,SKU0172,2,6.14,0.0,2026-08-29T11:57:53
f9a62522-ca83-4709-ba14-675762538cdf,S005,SKU0084,5,11.12,2.22,2026-08-29T09:42:40
28ef2f46-f323-423e-9cb0-c90c82fc9294,S002,SKU0192,4,8.43,0.0,2026-08-29T21:05:38
0b3d6dc9-616f-460a-8ce3-77d760f11528,S001,SKU0037,4,13.19,0.0,2026-08-29T06:37:57
55cf37ba-e989-45f2-abbf-1e35c4acb57d,S013,SKU0083,1,16.95,0.0,2026-08-29T05:53:38
dcd81a8b-a8d6-4af6-9f0d-def190c40e45,S007,SKU0161,1,12.08,1.21,2026-08-29T12:31:15
2504fd28-de6a-4459-a980-f6ff266c47fb,S020,SKU0068,5,9.0,0.0,2026-08-29T16:30:00
0d22af35-b648-4e8a-84e7-75b92dca365a,S017,SKU0087,5,9.64,0.0,2026-08-29T23:51:52
baebe15d-4f3c-4771-8edd-2a2a6b69b4ae,S011,SKU0125,3,19.94,0.0,2026-08-29T09:17:40
49ed856e-723d-4acd-b601-e005c4c4f69f,S017,SKU0068,5,9.94,0.0,2026-08-29T12:27:55
e606d7c2-1e18-446d-ae42-1840a05f36c8,S001,SKU0140,1,15.97,1.6,2026-08-29T23:23:06
00e78824-33ee-46e7-b5de-feba21aea39b,S004,SKU0141,2,3.25,0.33,2026-08-29T04:02:46
03200c4e-40cb-4188-83f0-fac39f601d17,S015,SKU0112,3,3.84,0.0,2026-08-29T11:10:43
7fa70485-dafc-4805-bf64-85de75699aef,S006,SKU0102,5,19.71,0.0,2026-08-29T18:22:35
9ba4d5a6-0178-4e26-8eb5-57ac8b22e445,S007,SKU0188,5,5.11,0.0,2026-08-29T00:36:31
37850b5c-3ce5-488c-be53-d702e1f8d192,S017,SKU0135,3,11.22,0.0,2026-08-29T20:29:38
74283491-79c8-42cb-a8d3-110e96bfae6e,S008,SKU0178,1,16.3,0.0,2026-08-29T19:38:27
99e95433-1453-417e-b11e-be6f68ffae17,S006,SKU0163,5,4.58,0.0,2026-08-29T03:38:45
e1d5c0dc-3ea5-45a9-81ae-c50599a04abb,S020,SKU0109,5,5.69,0.0,2026-08-29T19:41:26
a0ee404f-9ea8-4cb1-8732-68c98c1e9464,S013,SKU0134,2,6.65,0.67,2026-08-29T10:47:42
3527bcee-d343-4f88-91f3-79b18ebb8208,S005,SKU0185,4,18.03,1.8,2026-08-29T11:43:14
0e18ab96-25f4-4dd6-af51-ac6e0c85f154,S010,SKU0054,3,1.51,0.0,2026-08-29T20:14:04
253741e4-0966-4d08-9959-5d27a73d2746,S014,SKU0036,5,12.49,0.0,2026-08-29T02:09:22
93fde248-aac0-4912-884d-7822da948e70,S013,SKU0041,2,10.4,0.0,2026-08-29T08:49:40
54c3b22e-4c66-4a4d-9a70-ea8ad6881d3e,S012,SKU0019,4,8.73,0.0,2026-08-29T09:03:00
1be00f8e-0c8d-41d2-9673-aefbeb9e54e0,S013,SKU0032,2,19.32,0.0,2026-08-29T05:06:47
294d43ed-2da1-4fda-be65-6dcc6abdb05a,S015,SKU0037,5,18.97,0.0,2026-08-29T07:29:38
a9325ae1-9c70-40da-88cd-29c5ac0e1f71,S004,SKU0134,3,15.57,0.0,2026-08-29T23:11:00
92811c92-984f-4323-b329-2925b107094e,S008,SKU0170,3,11.2,2.24,2026-08-29T17:09:09
f75efed8-2d6b-4953-8fea-d84ec98cfd48,S020,SKU0117,4,7.03,0.0,2026-08-29T19:42:23
5c3552b3-9437-4280-bfd4-67e77491050c,S002,SKU0098,2,2.8,0.0,2026-08-29T09:54:25
c4bd338e-17d7-4fc0-892c-d030ee757637,S019,SKU0044,3,3.59,0.36,2026-08-29T15:30:24
e5c482ff-5e5a-40c1-92a4-73f94c9e903a,S004,SKU0023,4,15.53,0.0,2026-08-29T19:02:09
c2294116-1152-4a73-91fc-dedd61022b56,S016,SKU0180,5,19.26,0.0,2026-08-29T08:47:06
109efb40-8ceb-4c57-97e3-23cf6d651847,S009,SKU0065,4,9.3,0.0,2026-08-29T10:12:06
1f3cea1d-2271-47ca-b887-73ed4af715b7,S003,SKU0004,5,7.58,0.0,2026-08-29T12:59:08
54470290-4640-4b2a-9c02-28afb1d29457,S019,SKU0127,1,14.69,1.47,2026-08-29T08:50:16
35b86d0a-864f-46dd-a9ec-09d586eced99,S016,SKU0144,2,12.44,0.0,2026-08-29T03:47:06
0ee52f63-9caf-4df1-b584-5d71b221e1c5,S017,SKU0171,5,16.99,1.7,2026-08-29T22:05:11
fab6ad91-bacf-4cfc-9245-1cc41bfb3b3d,S004,SKU0148,4,2.28,0.0,2026-08-29T21:29:37
16718639-fcb8-4f9e-8769-0baaa104bdce,S019,SKU0173,1,3.67,0.0,2026-08-29T13:07:57
9ad2bb72-b04b-4584-b95c-ec2d7bd15655,S012,SKU0166,5,9.3,0.93,2026-08-29T01:27:05
b4f136fc-fc7c-4e71-89c6-7b51ef13864b,S002,SKU0103,4,17.27,3.45,2026-08-29T19:01:59
d90949aa-9bdd-4d7a-ad53-628b49851b79,S019,SKU0047,4,13.88,0.0,2026-08-29T07:51:56
933c8d00-8680-4a0b-8279-1490510564f9,S010,SKU0106,1,13.16,0.0,2026-08-29T03:35:50
ed56c714-5a96-41f5-9f8c-eda5feb9ea24,S012,SKU0091,1,14.99,0.0,2026-08-29T13:03:20
7f13de67-9008-4dc9-9d42-1bae2134e15b,S015,SKU0179,2,6.62,0.0,2026-08-29T11:48:54
7f6bf62c-a1c1-4b96-baab-d9f2850b7073,S018,SKU0198,3,15.72,0.0,2026-08-29T07:37:23
e237c877-2e0e-4673-8ed7-cd177e14c595,S006,SKU0128,5,13.49,1.35,2026-08-29T12:41:23
4a5d6cea-b565-464e-bb93-a53f9c02040d,S008,SKU0082,1,7.67,1.53,2026-08-29T19:35:47
1e42d2b8-0067-4b62-b18c-d979fab0a15d,S013,SKU0081,3,3.37,0.0,2026-08-29T23:16:54
cbf6aa23-a01e-41f5-b702-beba0623ffbf,S007,SKU0068,5,10.7,0.0,2026-08-29T13:56:00
3513a238-d91b-4a04-bcca-ba381e30614f,S006,SKU0044,4,7.99,0.8,2026-08-29T13:09:37
6a25542e-ffbd-4cdd-9d84-d303ccb03fc5,S010,SKU0130,3,1.79,0.0,2026-08-29T21:11:03
5982aa44-5573-48cf-8ba5-605069fe99a9,S006,SKU0102,5,6.98,1.4,2026-08-29T19:35:50
365bc763-a333-4ea8-8e58-de208f7763e0,S003,SKU0183,5,14.37,0.0,2026-08-29T03:23:57
b0a4f557-3381-401f-a3ff-8fd202e460aa,S005,SKU0184,5,18.42,1.84,2026-08-29T09:35:20
115db44f-ca4a-40bc-8121-81a34818b004,S013,SKU0027,3,11.36,1.14,2026-08-29T04:50:36
8ccc617e-81b6-4951-8cdf-697f4eca2e96,S008,SKU0114,3,12.85,0.0,2026-08-29T11:47:25
1d2467e2-0191-419d-845c-3fbb52ecac27,S001,SKU0127,1,6.05,0.0,2026-08-29T09:58:05
65637d1f-5763-4902-9552-0712af92ef22,S008,SKU0113,2,16.92,0.0,2026-08-29T08:55:58
f5c9f459-9db1-4d5e-91a4-d796b9720eec,S001,SKU0157,2,4.19,0.0,2026-08-29T08:52:19
31ab0158-2cf6-473b-9500-c14707743c94,S018,SKU0146,4,17.0,1.7,2026-08-29T20:15:18
ec1a86d3-5683-4783-9575-9337549c9eb9,S013,SKU0161,2,9.13,1.83,2026-08-29T21:08:59
7978dc84-ea89-4979-baa6-d6eaac273009,S012,SKU0068,5,17.94,1.79,2026-08-29T09:31:14
22c0c475-a549-46d0-891a-5875cc18dd0e,S018,SKU0092,4,8.35,0.0,2026-08-29T11:39:23
75eb0e8f-a090-460d-a7c7-655a7b434a72,S008,SKU0138,1,19.22,0.0,2026-08-29T11:42:40
e55b93ad-8976-4471-9d7f-57d1e45def26,S018,SKU0081,5,3.88,0.78,2026-08-29T17:19:15
d06d3943-c8b3-415e-b664-704355c9bf0f,S012,SKU0184,1,16.43,3.29,2026-08-29T08:17:41
0e5779ec-be1a-470f-ad83-a4c869f8d3e4,S009,SKU0148,5,16.69,0.0,2026-08-29T16:56:26
90a014ab-4ca1-4abd-8565-0e0bd5c97d5d,S019,SKU0112,1,10.01,1.0,2026-08-29T18:06:00
8e2017e1-50c4-4b4b-ad9e-5c1eb9974024,S018,SKU0115,1,19.13,0.0,2026-08-29T00:48:18
93d054e4-3550-407e-84ca-bb38892fca69,S005,SKU0017,5,13.53,0.0,2026-08-29T17:21:12
ea8b31f5-ccae-48fe-94eb-8e20af7c7d2b,S009,SKU0187,3,2.71,0.0,2026-08-29T20:44:38
10f35676-5a85-4cd8-8bb8-6be0e355e636,S005,SKU0102,1,14.7,1.47,2026-08-29T15:41:09
d73aae7b-47cc-4a66-a638-d8bef83893a2,S010,SKU0085,2,13.74,0.0,2026-08-29T19:36:08
600fc79c-fbce-4087-96d2-b14d07faf6f7,S005,SKU0197,2,12.04,2.41,2026-08-29T14:49:24
2a7cf9e9-d7a7-47b1-88c6-2063a06303ca,S001,SKU0157,5,19.63,3.93,2026-08-29T11:26:56
2ff8107a-63ba-4d86-9b0e-70ad922bda48,S004,SKU0199,1,14.67,0.0,2026-08-29T21:23:17
c847b130-dd56-430e-9de9-87a2985e7e89,S006,SKU0188,1,12.86,2.57,2026-08-29T15:03:45
db9a0eb7-b48c-431b-8eeb-87ffc064f074,S006,SKU0008,2,6.1,1.22,2026-08-29T06:31:46
4580dac2-0818-4965-b5b8-135150830841,S004,SKU0104,4,14.98,0.0,2026-08-29T03:14:39
e0864418-7f3e-459b-9638-613769f35b2d,S013,SKU0179,5,14.47,1.45,2026-08-29T14:50:21
d4575305-73b0-420d-9f20-19ea3cd61f5e,S004,SKU0080,4,4.06,0.0,2026-08-29T06:39:44
866cfb2b-3754-416f-8d79-132cf362d408,S016,SKU0024,3,4.78,0.48,2026-08-29T09:10:31
5fcc997d-1cbb-404b-accd-a2af4d64bb63,S012,SKU0166,2,6.32,0.0,2026-08-29T08:15:06
33bcb8a9-c71d-4564-8992-b886c8f216c1,S009,SKU0006,1,7.78,0.0,2026-08-29T19:04:24
8188de48-719b-4dd6-97b4-e75be9d18ec2,S012,SKU0025,5,2.63,0.53,2026-08-29T02:09:12
e7ab2ef7-7b8f-409a-8c8c-eba90662200c,S001,SKU0084,2,1.53,0.31,2026-08-29T00:27:28
5711d5fd-30b1-467b-a771-a42280038f26,S012,SKU0018,4,7.17,1.43,2026-08-29T20:30:41
dfb68a5f-bb81-41f0-bbc4-d138ec737598,S006,SKU0138,2,4.99,1.0,2026-08-29T18:08:20
53cc6b95-c689-4836-8f73-ab1c860c7b68,S020,SKU0096,2,19.55,0.0,2026-08-29T05:37:53
192703a7-df2e-47e7-84fc-bb8424aefbea,S017,SKU0039,5,4.77,0.48,2026-08-29T06:27:44
84222f58-f022-44af-bb76-4637d277ab64,S004,SKU0080,4,2.06,0.0,2026-08-29T19:34:22
3487246c-21f9-4072-be22-eba1ad3d581e,S017,SKU0043,3,3.49,0.0,2026-08-29T21:29:06
6338fb29-7599-4b0a-895b-81d6b97d7617,S020,SKU0087,1,10.71,2.14,2026-08-29T05:39:09
1da76d69-85b8-44d4-9d64-3387b6b38fbc,S015,SKU0030,4,18.68,3.74,2026-08-29T14:09:26
0b458c23-eead-490c-8f9c-78bf010d583f,S005,SKU0062,5,2.71,0.0,2026-08-29T13:18:52
df3334c6-9823-4b06-991e-a7e6afe2a940,S012,SKU0016,4,4.98,0.5,2026-08-29T01:30:51
e3a1af97-7785-4ddb-9552-7a3c164a9b18,S017,SKU0024,4,16.5,3.3,2026-08-29T03:35:47
c4246277-8544-44ab-9a64-f27d0bcfd0fc,S018,SKU0134,3,18.37,3.67,2026-08-29T20:56:17
05c14422-4ffe-4dfd-bedc-acb7a8b331a0,S011,SKU0035,4,15.5,0.0,2026-08-29T10:17:15
a38bbaa4-4fe8-48d8-822c-a6a893daf60d,S014,SKU0104,4,15.63,0.0,2026-08-29T22:48:15
33579b27-5225-474a-b5b8-726ce462ff64,S016,SKU0027,4,8.48,0.85,2026-08-29T00:52:03
88433a38-46d2-4109-895c-7ac8314aabdd,S010,SKU0128,3,11.88,2.38,2026-08-29T14:09:21
abcec90f-70ec-441b-85d5-601651b3ccf5,S002,SKU0049,3,15.76,0.0,2026-08-29T19:12:27
2851a8be-2639-4214-85cc-aa931e1e5d91,S018,SKU0045,1,7.18,1.44,2026-08-29T20:47:58
f5530567-03e7-4d21-9d4d-46d6460d113d,S002,SKU0078,3,15.18,3.04,2026-08-29T01:01:05
1a354475-8399-4ac5-8f43-a2509f795228,S014,SKU0190,4,4.98,1.0,2026-08-29T01:54:32
8ca33a54-59ae-4302-8ae3-297e34e24142,S012,SKU0175,5,11.19,0.0,2026-08-29T18:31:22
f17aa7a9-243d-416d-8563-abbe51883a26,S006,SKU0057,1,18.35,0.0,2026-08-29T16:38:50
92f71993-4884-4b5b-8dd3-214cb4508610,S007,SKU0147,3,2.85,0.0,2026-08-29T18:01:56
4fb67094-123c-4911-abd8-ad4d3eacdb28,S004,SKU0075,5,1.79,0.18,2026-08-29T07:30:04
8a6342ca-56b7-479e-a46a-0b429cfecbd8,S013,SKU0059,1,18.23,0.0,2026-08-29T06:26:47
076c108d-214c-47b1-8cfc-64207192e443,S005,SKU0037,3,18.48,1.85,2026-08-29T01:37:46
0ceaaf73-aced-4d55-a73e-2bc578822064,S019,SKU0182,5,6.05,0.0,2026-08-29T15:23:42
160beed4-0dc5-442e-a233-960a1b1e06c3,S001,SKU0107,3,5.29,0.0,2026-08-29T14:53:55
b465c027-2dd1-445b-a454-a82a6d2cdbf9,S009,SKU0154,4,8.48,0.0,2026-08-29T17:46:31
a124fdb2-97be-4f31-a42a-a836989b68c0,S015,SKU0033,1,13.09,1.31,2026-08-29T01:31:18
7222534d-b309-4e0d-b0ac-0677d60f8680,S006,SKU0126,2,2.8,0.0,2026-08-29T04:11:49
5513b74f-4ffc-4c54-9b0a-31ea9dc6d783,S009,SKU0175,1,4.89,0.0,2026-08-29T06:05:37
c226ab53-b680-473b-b2b9-c542d143e0a2,S019,SKU0067,4,6.77,0.0,2026-08-29T10:21:56
141b9098-8892-47fe-8f2e-45efabbe274a,S003,SKU0143,1,15.58,1.56,2026-08-29T07:21:33
c3b1927b-c178-4e77-ac3b-9258f943375e,S016,SKU0123,4,5.21,1.04,2026-08-29T01:17:58
17c95aaa-21bd-45eb-915a-a3c07737cfb5,S006,SKU0022,1,3.56,0.0,2026-08-29T14:07:44
b2d7692a-eb70-4da9-8d66-d79dd0170108,S015,SKU0190,1,5.97,1.19,2026-08-29T13:30:14
4f75d45a-74a1-4a0d-98e6-3a5577e0ee02,S007,SKU0197,2,9.68,0.0,2026-08-29T18:20:10
c438eae0-b5d0-4595-a4f8-9e23af39f2ce,S001,SKU0040,2,14.91,0.0,2026-08-29T20:42:33
f28bf846-3b50-4fda-b875-b1c777243aa3,S012,SKU0119,3,17.4,0.0,2026-08-29T06:23:26
e54ca6ca-dc70-4e22-a4ca-f1b8394a97fd,S013,SKU0040,2,18.18,0.0,2026-08-29T14:14:50
5d0b042d-e9b1-4c76-820f-beef9defeab9,S007,SKU0086,3,10.85,0.0,2026-08-29T06:41:52
ead1d758-b319-418d-aef0-3a1b645f273c,S008,SKU0155,4,1.97,0.2,2026-08-29T02:31:34
dc5cd673-c9ed-46a6-9490-5f79aa4946f4,S018,SKU0082,5,6.82,0.0,2026-08-29T05:13:10
7ccd3dc0-740a-4bed-9323-8affe1e538a1,S017,SKU0137,1,3.56,0.0,2026-08-29T14:55:29
1ce62a9f-79af-4348-90bb-c60d07bf63ee,S012,SKU0010,1,12.94,0.0,2026-08-29T11:42:40
d8842354-7613-4f44-ba88-f16259f8068e,S013,SKU0001,2,18.18,0.0,2026-08-29T00:12:53
593edc83-c497-40a8-8842-04d52bb9a661,S004,SKU0058,5,2.58,0.26,2026-08-29T20:38:31
8208fd42-209c-44a5-931e-1d4d9abc9859,S016,SKU0147,1,11.93,0.0,2026-08-29T00:43:14
b6da99cd-d14b-456c-a7db-09431a59c3eb,S015,SKU0192,4,6.73,1.35,2026-08-29T14:04:54
8e5fd65f-536c-42d0-9b63-205fcbf85149,S012,SKU0163,2,14.13,2.83,2026-08-29T09:06:13
4d579d00-cadc-410f-9228-130ba64272a2,S018,SKU0093,4,10.36,0.0,2026-08-29T16:32:15
972d5d57-669b-4896-b602-72ba8862036f,S009,SKU0042,2,4.17,0.0,2026-08-29T14:08:35
3e628981-9ef1-474f-bd13-452669d75427,S005,SKU0011,3,15.19,1.52,2026-08-29T10:55:02
7b7ce7cc-f950-47fa-a8b5-8db58c466308,S013,SKU0033,4,9.09,1.82,2026-08-29T08:15:51
354f184e-5739-4b03-90e9-4dce6241cba3,S014,SKU0118,3,5.35,0.54,2026-08-29T15:19:59
6e5fbf71-9749-42b0-b1ad-e82ad05cc78d,S012,SKU0087,4,9.71,0.97,2026-08-29T16:52:34
9134c0b7-6f73-473b-baee-bacdc8c8ccf9,S007,SKU0063,3,13.81,0.0,2026-08-29T19:17:39
b1b2b5f8-8b66-4d1f-979a-7954c98e3f5b,S020,SKU0094,2,14.68,2.94,2026-08-29T07:05:06
ab6b3f08-a9a0-44ef-ac4f-54163c749c16,S010,SKU0055,4,11.64,1.16,2026-08-29T13:38:47
b63fa809-ee4d-4dec-bd47-288513f0e33f,S015,SKU0077,4,4.11,0.0,2026-08-29T19:45:49
1d444351-7c93-4dc3-9635-212d92fe00e8,S011,SKU0142,5,9.12,0.0,2026-08-29T07:54:25
534bfa86-7681-4ad7-9898-6758979800c3,S006,SKU0114,2,13.7,2.74,2026-08-29T15:43:14
71f9b0e2-d270-4a52-98ff-d8ad8e1a3a51,S006,SKU0070,1,14.34,1.43,2026-08-29T20:39:29
67e2189b-f4b4-4704-8edb-6dc82d19bd52,S007,SKU0039,5,15.73,1.57,2026-08-29T20:56:15
af7d7f21-1bd6-403d-9927-839b11d1ce50,S016,SKU0081,4,7.36,0.0,2026-08-29T04:45:12
d1e2b878-c576-426d-98ae-0666d066ad21,S002,SKU0174,5,18.76,3.75,2026-08-29T19:19:05
a51e01ad-7e8a-4078-93d1-06cb61004ffe,S001,SKU0014,1,16.06,0.0,2026-08-29T00:46:53
37b567b4-172d-4bd0-8fbd-4c81a9008ecd,S007,SKU0191,3,17.27,0.0,2026-08-29T12:59:12
94ad345a-e323-4264-a390-0c1dd1291d13,S012,SKU0160,2,19.22,0.0,2026-08-29T02:24:13
cf51a203-a2d9-49ba-8146-ed52e73bc913,S011,SKU0181,3,12.29,1.23,2026-08-29T17:17:50
a92f85fe-258f-4afc-81cf-d878000c14a5,S006,SKU0039,2,6.86,0.0,2026-08-29T20:27:27
4a9ff50e-8800-41b6-b3f6-21a826330c43,S014,SKU0041,2,9.18,1.84,2026-08-29T22:30:40
7279101c-93f3-403d-9d96-232d63d5e750,S008,SKU0030,5,11.72,1.17,2026-08-29T10:14:21
e09ef2a3-ae77-4249-b4a6-3e7632173525,S005,SKU0098,2,18.32,0.0,2026-08-29T01:26:01
cb5a4d77-91fd-427f-8cbb-7460510c8c48,S019,SKU0177,4,8.52,0.0,2026-08-29T00:43:35
eb22ec1d-4df6-4f4f-adf7-92ffe9c7c13a,S006,SKU0115,3,18.72,3.74,2026-08-29T20:49:21
b7c12a4c-6f4a-454f-afca-07aef17e4a71,S011,SKU0022,1,19.45,3.89,2026-08-29T12:31:06
fd8398c3-5821-49f8-aa45-2afdfb8a61eb,S010,SKU0174,3,2.77,0.0,2026-08-29T22:43:13
9c8aa872-0214-4a68-952d-986c16db8a18,S011,SKU0075,4,18.46,0.0,2026-08-29T07:10:38
d8feb8de-6779-4b58-82ab-23a0fc862110,S020,SKU0152,1,8.06,0.81,2026-08-29T00:34:51
0ffa2366-4b4f-4faf-9a3d-c78020a77d78,S007,SKU0132,4,19.85,0.0,2026-08-29T09:12:03
f7c8435f-8c83-4c68-a6ac-e59a5e85643c,S011,SKU0043,3,19.67,0.0,2026-08-29T17:49:34
8f5e248e-b40f-440e-8037-447f0d99c071,S015,SKU0111,1,13.51,0.0,2026-08-29T09:34:46
1c153057-5bf7-44cf-ba8b-d601d21ce315,S011,SKU0142,3,2.25,0.23,2026-08-29T02:55:17
07fbb920-dd9d-4e4d-883e-dd69dc7abd16,S019,SKU0005,1,3.92,0.78,2026-08-29T00:23:19
9714fadc-b3c4-4030-ae84-e8323c38c3f0,S013,SKU0010,3,8.54,0.85,2026-08-29T13:50:09
b636cc4c-5170-4a8a-a00e-0b6064eec4c1,S017,SKU0109,3,14.39,0.0,2026-08-29T13:21:16
6f689d65-61ae-4f21-a7f1-c18b61fe800a,S009,SKU0142,4,14.58,0.0,2026-08-29T12:36:22
2c649adf-a998-48e1-b612-41be8b8ce7be,S015,SKU0172,2,10.54,0.0,2026-08-29T03:01:59
8e301bcc-302f-4247-a39a-046d79912c51,S004,SKU0006,1,16.4,0.0,2026-08-29T18:31:28
5c3bd3b5-ecaa-4afb-97e4-527a6274d240,S003,SKU0046,2,16.42,0.0,2026-08-29T08:50:45
49d93a08-277e-4fbc-aacf-f20fd707cb6d,S003,SKU0020,3,2.7,0.54,2026-08-29T08:37:36
2023fd4b-ab89-436b-9f6b-9b3fff594778,S003,SKU0040,1,14.88,0.0,2026-08-29T22:28:51
a5fcd671-125d-4206-82f8-65f8226001c6,S011,SKU0171,5,13.08,1.31,2026-08-29T22:58:26
e288109d-b8a9-4014-a4dc-ea0704056d2b,S007,SKU0191,1,12.83,0.0,2026-08-29T05:03:01
f997f697-6fcd-4f50-a86d-e2517c98756f,S014,SKU0176,1,4.93,0.0,2026-08-29T00:08:23
2320de16-15ac-40e4-a2c2-3308fd7ee75c,S011,SKU0161,2,5.39,0.0,2026-08-29T14:05:11
dc32f8a0-6a75-40e2-8e52-309da46a07c2,S020,SKU0181,5,5.06,0.0,2026-08-29T18:02:00
b2051cec-c9f7-469f-a4c1-d21074be4b20,S015,SKU0048,2,10.18,2.04,2026-08-29T02:13:50
9f8d367d-6cfa-42dd-ae28-dccd9abbe46b,S009,SKU0037,5,1.62,0.0,2026-08-29T07:11:55
6c936f69-8269-441a-b453-30442e07336d,S003,SKU0049,5,12.15,0.0,2026-08-29T04:30:54
627ca9f7-7336-4302-91f0-33748d532691,S013,SKU0163,2,17.2,0.0,2026-08-29T05:54:49
6cbdd931-2f90-4058-b9ca-28265af56a23,S010,SKU0056,5,6.99,0.7,2026-08-29T18:26:48
7f8736f1-93f3-4702-81e6-ee9a9ac55023,S017,SKU0002,4,6.14,0.0,2026-08-29T08:45:58
b64e26cf-3c9b-4542-bb1d-23a8d8c823b0,S002,SKU0017,3,6.71,0.0,2026-08-29T02:21:14
ed3353fc-692c-4aae-84ed-98e280714c8a,S014,SKU0021,4,7.87,0.0,2026-08-29T22:34:04
0890f506-5df1-4f6f-938b-d3f88bd18d4b,S019,SKU0198,4,1.72,0.0,2026-08-29T11:35:33
7bb775d4-9172-4023-89b1-85d6fa6d81ee,S019,SKU0068,3,14.41,2.88,2026-08-29T02:23:54
948c7eb4-1cf8-470b-9e5b-2ad8b4732eb6,S016,SKU0077,3,9.84,0.98,2026-08-29T13:29:14
147f0413-b0c4-4ddc-b634-71f87b45bd9c,S019,SKU0044,4,7.3,0.0,2026-08-29T08:18:19
86c2ad8f-bb36-47b0-baed-6f49245fd841,S015,SKU0084,1,14.28,1.43,2026-08-29T16:55:41
c02627d1-fbd1-40c0-9bfe-679afbcbd6ec,S005,SKU0037,4,10.08,1.01,2026-08-29T16:27:47
8456ce4f-7706-4136-8788-17ecc764032e,S011,SKU0098,4,9.26,0.0,2026-08-29T05:04:35
9c2d9672-e3d1-403c-85fa-b5ea14072edb,S006,SKU0039,2,8.89,0.0,2026-08-29T15:48:55
a1731ed8-78f2-461c-bec7-7a8f16a46b83,S001,SKU0101,5,19.0,0.0,2026-08-29T03:27:11
ab310bfe-f5dd-4f92-a9ea-a9ffbddf2416,S001,SKU0128,4,4.27,0.0,2026-08-29T07:12:00
8a08d40e-a239-4ad5-af1f-798c13fd2d26,S008,SKU0049,4,4.43,0.89,2026-08-29T10:06:34
9cf021b8-4fff-4b59-9462-8786cc502a89,S014,SKU0041,4,12.73,1.27,2026-08-29T15:45:35
88f7f097-57f2-445f-a751-5d4b0d829d52,S004,SKU0018,4,19.43,0.0,2026-08-29T12:51:56
743b9f71-7807-4947-82c2-b367c74d8df0,S005,SKU0061,3,14.56,2.91,2026-08-29T10:32:01
92ef63c1-781f-4d3f-a7f3-39dc833de3ad,S016,SKU0004,5,18.95,0.0,2026-08-29T15:09:31
5a589b67-6bc7-4635-94de-19cdbbdb4536,S010,SKU0176,3,13.18,0.0,2026-08-29T22:57:15
4b6c14e4-cc58-4b60-ba4e-8355f5e8a7e1,S005,SKU0136,5,9.44,0.0,2026-08-29T21:48:47
b1eedf64-090b-43ed-aae1-d0bc4a099088,S012,SKU0145,3,7.81,0.0,2026-08-29T04:39:54
4dd7962b-bfda-45c9-98fe-b4f3ec40d95a,S014,SKU0064,4,2.67,0.27,2026-08-29T13:28:17
42ac66dc-904f-4df7-88f7-2c2dba1ad160,S016,SKU0072,2,18.97,0.0,2026-08-29T11:22:44
94010dfe-7921-4c7c-a119-ceee0fb91307,S005,SKU0083,5,7.8,0.0,2026-08-29T07:04:37
a8049463-0d36-45e4-92a6-f3e62b48c6e6,S020,SKU0061,5,19.47,0.0,2026-08-29T21:35:04
bcc4f0db-cf13-4b3d-8ab0-5699fd888cbd,S011,SKU0131,2,10.54,1.05,2026-08-29T00:42:22
7c193e6f-496c-403a-86fd-01e69fd33d40,S011,SKU0021,1,8.61,0.0,2026-08-29T22:42:17
13ad3ead-816e-4f32-a077-5ce4151f62f9,S003,SKU0116,5,10.58,2.12,2026-08-29T09:41:06
408669bb-4721-494b-88a4-ae21d9f850e9,S012,SKU0200,4,15.88,0.0,2026-08-29T05:12:34
4674a0eb-47ed-46dd-9da4-ec0f21ee0f6c,S001,SKU0084,1,10.26,0.0,2026-08-29T23:02:57
bdce4d4d-03a2-4ee9-81c7-d9b3db9c9b7c,S005,SKU0070,3,16.76,1.68,2026-08-29T20:27:26
e8fe6095-2cb3-4e23-9a94-0c6c1c8e806b,S018,SKU0052,3,10.47,0.0,2026-08-29T22:01:08
a8be6c80-26b0-42c9-bd2c-f4eb977e3f2c,S004,SKU0076,2,19.22,3.84,2026-08-29T22:01:49
2ce6f908-cece-45d3-9ea9-09ef7257dcb6,S017,SKU0073,1,15.11,0.0,2026-08-29T19:03:36
3c775558-b365-4b7c-8853-bc5542e17302,S010,SKU0067,2,16.13,1.61,2026-08-29T00:23:50
8702f4ad-cca3-44c4-ae49-82cf7c239ebc,S014,SKU0021,2,4.17,0.0,2026-08-29T01:02:57
fbec1ed8-57c4-42c3-8878-9ef0dcacfa54,S013,SKU0143,3,10.1,0.0,2026-08-29T16:15:47
987593c3-2523-42f6-b7a3-f6a6159b558b,S009,SKU0117,2,12.49,0.0,2026-08-29T03:55:22
d66de2a1-2776-44d0-925c-7d37ef16d03b,S010,SKU0042,3,5.16,1.03,2026-08-29T16:30:19
69b6f3b7-fe5b-4fc9-80b4-f6d67ef6775b,S002,SKU0084,5,3.88,0.0,2026-08-29T04:30:41
a9217ddc-3cea-4f89-a217-3b7fc536d2ce,S013,SKU0141,5,10.33,0.0,2026-08-29T11:28:42
2ad3136f-a338-47fa-b9db-138870aff6eb,S006,SKU0084,1,13.13,0.0,2026-08-29T14:24:03
d7825ea3-bbff-46e9-93e7-e89335fab528,S010,SKU0083,5,16.97,0.0,2026-08-29T23:26:00
43af6c46-a46b-4932-8de8-4b635856e1fc,S002,SKU0186,5,15.5,0.0,2026-08-29T18:37:50
0d722918-1db1-4e86-91cc-c8d3c1676505,S005,SKU0027,2,10.69,0.0,2026-08-29T05:05:38
79ea5621-6614-43a7-b6c9-aeb22ae7dc19,S012,SKU0092,5,4.52,0.0,2026-08-29T03:20:40
f2c0a0cf-bf03-48c2-b9ec-958b4d266574,S016,SKU0103,3,3.0,0.0,2026-08-29T02:31:59
3bd13a43-8853-490b-ac26-4a0cc09f1c91,S013,SKU0178,5,2.65,0.27,2026-08-29T23:22:04
63dba8c8-b4a2-4699-aefa-823b613a9ff9,S015,SKU0041,2,11.64,0.0,2026-08-29T07:32:45
87cb0e2a-2528-4a1b-833b-66fc797eb3e4,S008,SKU0015,1,15.61,0.0,2026-08-29T08:16:45
49ee4969-0309-44c0-af4a-bfccdeca8598,S002,SKU0011,5,1.95,0.0,2026-08-29T17:25:43
61cb0527-72e5-4892-8c1c-7204ed5e749b,S017,SKU0082,2,15.53,0.0,2026-08-29T05:00:45
87beb021-f636-44f5-90d0-f83dadb1be7a,S017,SKU0196,3,8.67,0.87,2026-08-29T00:42:03
18ecde2b-0a80-4167-b4b3-f20eaed0fb57,S003,SKU0011,3,10.61,1.06,2026-08-29T20:01:33
5a947a40-a32e-4ab5-8802-d74aeaef2ec2,S019,SKU0126,2,12.41,0.0,2026-08-29T08:21:21
9c48c830-6e89-44f4-9820-10d1f4c873a7,S012,SKU0131,1,7.96,0.0,2026-08-29T21:10:29
45c87f41-dbbd-4290-a6ed-caddeb04cd29,S001,SKU0161,2,8.85,0.0,2026-08-29T19:31:24
cd649aff-445f-4de1-8534-17b555c06c8e,S017,SKU0100,5,6.71,1.34,2026-08-29T13:37:40
958c9cfd-a783-4a8f-815e-38051928aae5,S011,SKU0051,2,16.94,3.39,2026-08-29T09:19:50
acdfe0ff-c5ed-4982-b60b-36736422a73e,S010,SKU0116,3,18.11,1.81,2026-08-29T04:20:19
ac00f929-bbfb-476c-bde6-67f9bfc46c0e,S007,SKU0048,1,9.74,1.95,2026-08-29T14:46:14
851b9860-31e6-4645-853f-4f7e96b6a287,S007,SKU0195,1,2.27,0.0,2026-08-29T07:29:06
fe43541a-b0b6-448c-ad7e-eff756604762,S019,SKU0078,5,15.11,0.0,2026-08-29T07:48:14
02b53d3d-8c30-463f-9032-739c2e0f0484,S009,SKU0056,3,10.08,0.0,2026-08-29T20:38:17
11654cb3-d4e9-4a65-822b-7e76ac3cbe34,S006,SKU0086,5,1.94,0.0,2026-08-29T07:52:47
8677b81d-1902-493b-a947-9974030fe73e,S015,SKU0101,2,10.74,1.07,2026-08-29T11:55:07
59fcfaeb-7229-44a9-af7c-e6091a99aae0,S018,SKU0153,5,15.45,1.54,2026-08-29T17:28:57
407c4370-4886-474c-b9aa-06f5382bab11,S020,SKU0028,3,16.21,0.0,2026-08-29T02:49:40
9e90d107-0611-4bfe-88b6-f61d316da914,S001,SKU0071,1,17.27,3.45,2026-08-29T01:49:17
98197749-f041-44f7-8e8f-d00b178976de,S006,SKU0025,1,7.11,0.71,2026-08-29T20:41:03
3781d306-d5e0-4664-a4db-04c8a8174c85,S012,SKU0020,1,8.31,0.0,2026-08-29T15:24:25
1f2da344-a359-4667-9971-4b2bf3533e8a,S002,SKU0031,3,9.22,0.0,2026-08-29T10:49:49
161d6acf-1eb6-41f0-b532-1352b54468e4,S004,SKU0163,3,4.12,0.41,2026-08-29T07:27:05
603ecfef-2141-4a14-9acc-b00ddb3fb4a2,S001,SKU0029,1,17.79,1.78,2026-08-29T06:21:22
a5dd2836-e65f-49fa-838c-2eafa8097a77,S018,SKU0070,1,14.91,1.49,2026-08-29T21:06:32
2f4cfefb-f798-48a2-8d9e-84ec90e9e294,S003,SKU0188,3,1.92,0.38,2026-08-29T17:27:58
2f2bdc13-b216-4b5a-9c60-57fee5605cfb,S001,SKU0010,2,5.49,0.55,2026-08-29T13:44:29
a9151364-778a-469f-8b68-d94d40da9c7d,S006,SKU0004,4,9.5,0.95,2026-08-29T15:00:57
7414e3e1-a387-4e92-9362-0119efa9a0a3,S010,SKU0185,5,18.1,0.0,2026-08-29T10:13:28
c4f4b844-46c1-42a5-bec8-8839ec35c3de,S009,SKU0049,4,5.25,0.0,2026-08-29T00:53:19
aae6787e-e744-4a30-b135-6d676d4ec8a4,S002,SKU0145,2,14.26,0.0,2026-08-29T23:40:20
41e0cfaf-52ca-4ced-8526-8f0fc516e394,S002,SKU0074,4,11.84,1.18,2026-08-29T08:25:45
46fc4ff2-12f1-48bd-87de-01a929769b0f,S016,SKU0140,3,3.14,0.0,2026-08-29T16:36:42
637aa999-61ff-4d9a-8ff8-9e8ac6f06a71,S018,SKU0038,2,8.41,0.0,2026-08-29T20:03:43
421becca-0f60-40f3-bef7-24105528dc45,S006,SKU0149,3,15.1,0.0,2026-08-29T14:49:06
2d8cc973-43c1-436c-9013-b7a3f4a29332,S005,SKU0173,4,8.38,0.0,2026-08-29T10:38:51
fabb6609-7de1-4a85-91c4-194a70c98336,S014,SKU0023,4,14.0,1.4,2026-08-29T13:07:09
6483b0e7-9c3c-4e9d-b35f-0d14edb7d4e4,S012,SKU0166,5,6.18,0.0,2026-08-29T12:07:01
1bc2197e-7df7-4791-a53e-62ba2dae62c0,S002,SKU0088,4,9.84,1.97,2026-08-29T05:58:52
6e66a273-c4ca-40d7-8a66-de6724d4d5a3,S011,SKU0139,5,18.49,0.0,2026-08-29T21:48:04
1b332e43-a4b1-4f6a-9d2c-e51b37e82d71,S007,SKU0178,2,17.25,3.45,2026-08-29T05:04:47
424d9430-b724-49b7-b10b-7fa9e9a0c20d,S017,SKU0140,4,3.01,0.3,2026-08-29T04:04:24
12068ad6-12aa-4a4b-88ec-a4c81a71064d,S009,SKU0141,1,11.11,2.22,2026-08-29T00:08:49
c6f903cf-4027-4514-ba40-662f9243a301,S004,SKU0084,2,15.18,0.0,2026-08-29T17:48:37
7f695b97-e581-4601-84cd-c4e87225539d,S013,SKU0057,3,11.65,1.17,2026-08-29T19:02:46
0038dc84-a3ed-433a-a722-2ea2261b5048,S008,SKU0164,5,8.0,0.8,2026-08-29T03:52:29
63f6bf77-aa23-4ba2-89af-9883eed21f94,S017,SKU0028,4,4.38,0.0,2026-08-29T00:01:18
546fcba3-b336-4143-a6cf-bf5144352e6f,S008,SKU0194,4,4.17,0.0,2026-08-29T11:09:40
00f2baa4-931b-4fae-a42e-3a16e79503fb,S004,SKU0049,4,7.1,0.0,2026-08-29T19:43:56
c55fa445-f09e-4302-b525-a4d983f023fd,S007,SKU0048,1,1.8,0.0,2026-08-29T04:24:29
6766d37b-6fa1-49a5-ba67-58707d9d2b3b,S014,SKU0092,1,2.74,0.27,2026-08-29T04:19:51
cff14c0e-c7eb-4d43-ba4e-f72fd8139af7,S011,SKU0100,4,1.7,0.34,2026-08-29T10:55:49
39d11950-8a45-402e-91f2-0d9bc90ec689,S019,SKU0123,3,5.36,0.54,2026-08-29T22:32:47
b0736dd1-f443-464c-a269-9a4400d8c046,S016,SKU0082,5,12.48,1.25,2026-08-29T01:08:51
1f0733df-7b68-4323-87a2-ee6fd166eb08,S018,SKU0198,3,2.07,0.21,2026-08-29T13:58:19
fdd99681-ef5e-4ca5-8909-b0039136e530,S012,SKU0176,1,9.32,1.86,2026-08-29T22:34:55
4d862412-ae8c-497b-955c-4e185be2124f,S016,SKU0195,4,19.9,1.99,2026-08-29T01:24:28
ff3c6d4e-a1dc-4cab-8e21-3ce5668eb10e,S003,SKU0063,1,10.29,2.06,2026-08-29T03:21:05
5d87edd2-1735-436b-a5a6-ab3af5757b77,S020,SKU0121,1,9.91,0.0,2026-08-29T08:47:17
570e5af5-f5ff-4705-9a74-a05688dd44cc,S007,SKU0158,1,7.47,1.49,2026-08-29T16:25:39
c2ad0d97-75aa-4cb0-9757-ad381498d0dd,S001,SKU0130,4,3.26,0.0,2026-08-29T21:36:21
33ffb402-a5d5-4bf9-8a3a-bb3ac439dfcf,S009,SKU0179,4,2.78,0.0,2026-08-29T16:51:49
f7aeede8-0a11-4bac-8df2-1ad52d36db7e,S002,SKU0065,5,8.68,1.74,2026-08-29T23:48:02
4c82c445-30e5-4543-a925-de8562588ce9,S006,SKU0116,5,3.68,0.74,2026-08-29T17:52:49
1b552618-e57e-42d3-a3dd-e733b225574e,S020,SKU0085,3,17.29,0.0,2026-08-29T10:34:08
7c8b7f1e-5bf8-4967-b057-fcd4a1701e8e,S007,SKU0124,4,3.53,0.0,2026-08-29T02:47:49
701fb3ea-a1fe-4bc6-a29d-650a15b98c20,S006,SKU0198,4,6.11,0.61,2026-08-29T23:48:24
092385fe-23d3-4d22-b080-bed6bc3e34af,S011,SKU0175,4,2.31,0.0,2026-08-29T08:08:04
ff12fe28-b840-4136-867e-4b72316e8645,S004,SKU0026,5,17.14,0.0,2026-08-29T16:11:23
638644e0-7d3e-4830-bd0d-5c8f97cb4585,S001,SKU0113,2,4.08,0.82,2026-08-29T20:29:23
a4b65cfa-8a61-4e64-8af0-f442102048e6,S017,SKU0178,4,8.28,0.83,2026-08-29T00:44:51
f7073712-88b0-4b77-bfeb-4cf34ec77371,S016,SKU0009,3,13.24,0.0,2026-08-29T15:14:29
f7716700-7305-4d23-8fd0-b040d5916d49,S003,SKU0023,3,9.57,0.96,2026-08-29T02:26:13
56db638a-097b-4119-8433-fd20feeef3e1,S013,SKU0130,3,17.74,0.0,2026-08-29T17:16:50
b8943df8-c9ab-4a91-9674-b9e20e5995aa,S001,SKU0042,2,18.27,0.0,2026-08-29T04:24:21
36308a60-1e41-42bb-a7cf-5ce00af5e4a9,S018,SKU0096,1,12.05,0.0,2026-08-29T16:14:31
85eb2b3f-aad5-4fb8-a762-b59cce9e5929,S006,SKU0150,5,6.37,0.0,2026-08-29T23:53:37
dec56dc3-ad96-4213-b0a9-b97f7557c28c,S007,SKU0038,4,3.64,0.0,2026-08-29T08:27:21
bdb58d06-2621-432d-895c-167fdfcf338c,S012,SKU0016,3,3.96,0.4,2026-08-29T00:24:27
1270c935-ecc0-4aa6-bba4-f2ba94500024,S009,SKU0150,5,16.08,0.0,2026-08-29T19:05:55
7d283421-243f-45fe-bc47-16ad0970d09d,S008,SKU0123,5,1.66,0.0,2026-08-29T11:38:01
e83cdff9-78a1-4988-84e1-502aa76180c7,S016,SKU0055,2,4.99,0.5,2026-08-29T17:24:48
3e20718a-0bb9-48f6-9e4d-a214eb034c4e,S018,SKU0019,1,4.69,0.94,2026-08-29T23:03:40
03ad702e-216a-4bcf-a616-dde4b388300a,S003,SKU0123,2,13.84,2.77,2026-08-29T05:17:38
e797f3ae-0cca-4c05-a1f6-19ed2c1882c9,S006,SKU0064,5,19.81,0.0,2026-08-29T20:36:47
18e824e9-cb2f-4bc3-921b-f7334eada8d3,S009,SKU0105,4,17.04,0.0,2026-08-29T08:12:16
d5d9a385-2bb2-4cbc-9c79-4cdb74c88361,S013,SKU0008,1,15.42,0.0,2026-08-29T11:40:06
d145bd7f-d15b-4a37-905f-86aa974e8f83,S015,SKU0156,2,13.93,0.0,2026-08-29T14:13:39
98507072-7f44-4bca-9d3a-e1311b388581,S020,SKU0131,2,15.35,0.0,2026-08-29T17:27:11
1027fbf7-3877-40f0-9d99-d4c5cc96bf43,S020,SKU0134,4,13.45,0.0,2026-08-29T08:47:12
565c1e3f-6d1c-41d6-b3e0-4a38cdf0aaba,S020,SKU0008,3,10.7,0.0,2026-08-29T15:45:20
bce8e033-fb70-4bf3-95fd-46d7cfbfd796,S002,SKU0095,4,2.73,0.0,2026-08-29T05:17:59
1eece891-5301-4fb9-a6ea-0949adab7b01,S011,SKU0078,3,8.78,0.88,2026-08-29T23:40:18
8bbf1b30-9372-42e6-af20-6a9df9d18507,S017,SKU0125,5,12.7,0.0,2026-08-29T17:06:32
f6f61488-d620-45f0-9253-b6f72328051e,S020,SKU0154,4,15.51,3.1,2026-08-29T20:23:44
0bab8f53-c3a4-404f-b696-5c84cb08b605,S016,SKU0088,5,4.04,0.0,2026-08-29T03:18:45
102f4f5c-55e3-4295-ac67-10bd97d46f61,S009,SKU0070,5,11.06,0.0,2026-08-29T09:09:36
c1eecd7a-2428-485a-861d-e0171ee92d3b,S011,SKU0062,3,12.5,0.0,2026-08-29T11:23:52
5eb38ef5-b240-40ca-ab05-61676a478ddf,S011,SKU0133,5,5.04,0.0,2026-08-29T06:59:05
3e5f7e23-704c-49e2-aa3d-d7698dac210d,S007,SKU0197,4,6.65,1.33,2026-08-29T15:25:54
22249813-0a6b-4e3d-94fd-0594ecf91245,S007,SKU0176,5,17.98,0.0,2026-08-29T10:44:28
a1d78199-d8ed-4649-8a82-673019977e2e,S007,SKU0119,3,14.68,2.94,2026-08-29T11:41:32
28628b4e-c714-4549-a04a-1fe29cc8f772,S008,SKU0053,5,11.12,0.0,2026-08-29T10:36:42
14aa3ca3-7ca9-468f-a12f-3b2104005940,S016,SKU0096,5,16.11,0.0,2026-08-29T06:39:56
ed174fdd-2dee-403e-81d9-6e9601a02047,S015,SKU0138,2,8.75,0.0,2026-08-29T20:41:13
97feb937-a6d9-47a1-b4ec-fe8d16d1f5ca,S009,SKU0032,3,4.21,0.84,2026-08-29T02:37:23
b189727f-6a8d-4a70-88a2-a172e30cdee2,S003,SKU0049,4,16.54,1.65,2026-08-29T00:07:08
79dbf407-c5c6-4b7d-8ad0-4982ceb28a32,S019,SKU0071,3,18.66,1.87,2026-08-29T20:02:54
24a167fd-34c6-4a9b-a07c-0594b13e655f,S002,SKU0110,5,12.0,0.0,2026-08-29T09:40:25
734eab10-85e9-454f-855c-f668a3cb9e18,S013,SKU0081,4,12.51,1.25,2026-08-29T15:55:01
2caf3d2f-f026-4418-bd3f-bbec697ae294,S002,SKU0011,1,4.08,0.0,2026-08-29T13:09:20
98a547b2-09a1-4b34-b111-84e79c4c37b3,S009,SKU0033,1,6.63,1.33,2026-08-29T19:29:12
9caf4bfe-7ff8-42c6-b79a-566b2e1482be,S002,SKU0170,1,18.63,1.86,2026-08-29T07:27:35
d3946dc7-a08f-41c6-9688-8e84f346bbe7,S020,SKU0185,5,2.61,0.0,2026-08-29T12:17:30
6b358d15-590c-4e67-8d1b-6d80c8575c8a,S008,SKU0159,3,6.76,0.0,2026-08-29T08:23:30
31208bde-3c52-468a-8ec6-1be5012b809e,S012,SKU0061,5,12.06,0.0,2026-08-29T20:07:12
fa0f01a4-87bb-4f6d-bc92-0c731e14fe04,S008,SKU0044,2,1.92,0.38,2026-08-29T11:31:52
dcdbf14e-5ca5-4057-9e71-9a56187ebca4,S006,SKU0024,4,5.26,1.05,2026-08-29T00:38:05
81ee30e4-8a2b-466e-bc9d-c0d0c2d94cc9,S004,SKU0025,5,15.2,0.0,2026-08-29T17:42:14
a05ff5e6-c534-4e41-b6d6-dc3938227b0d,S015,SKU0157,2,17.14,0.0,2026-08-29T08:48:42
0d95ee72-46c3-4497-b546-9cb1a8c9aa31,S004,SKU0001,2,18.0,0.0,2026-08-29T10:10:30
26331cc6-cbee-43e3-9cd8-89e231979167,S020,SKU0099,2,13.92,1.39,2026-08-29T21:06:14
e9570a2a-f7f4-4477-9802-13baaf6c2278,S014,SKU0183,4,5.45,0.0,2026-08-29T02:59:07
28e60130-2d23-4ed1-bf5d-21f279731ea8,S013,SKU0006,4,9.69,0.97,2026-08-29T22:23:36
0dd4c0e6-0b09-4fcc-ac34-4cf0ab8e77a1,S014,SKU0135,5,15.65,0.0,2026-08-29T17:53:44
35a7ac9b-48f9-4d0d-9d3b-c1d3a5159982,S020,SKU0100,3,7.46,0.75,2026-08-29T18:28:46
9de7df7b-5594-452b-805a-8e7e6f46a41f,S003,SKU0154,4,12.72,0.0,2026-08-29T05:15:41
74017bb3-c227-4738-a3dc-419dce1e8d1f,S007,SKU0081,4,4.62,0.46,2026-08-29T07:32:29
0d6dcb42-bd8b-4603-9abb-574e0b16dac4,S008,SKU0098,3,8.99,0.0,2026-08-29T10:34:59
2875ad5d-2d06-4862-8990-779cecc3b699,S008,SKU0166,5,17.74,0.0,2026-08-29T20:30:34
83d0bae7-7c2c-4bcf-8770-d18fc9160147,S019,SKU0089,1,9.87,0.0,2026-08-29T14:09:29
3c3c9c08-e523-48a9-9223-d9061db67101,S015,SKU0109,3,8.55,0.86,2026-08-29T15:53:05
946b4482-97bb-4fbf-b1df-c82cb8addf54,S009,SKU0094,1,9.59,0.0,2026-08-29T08:19:17
bf4113cb-32e1-4f17-ab47-ed615372ebed,S019,SKU0166,3,10.35,0.0,2026-08-29T07:58:42
3ae56c8d-5360-46e7-a5fb-c1c0ad463549,S013,SKU0094,5,12.58,0.0,2026-08-29T01:19:17
3a4fece7-537d-46c6-9c31-aaf3c76aec88,S003,SKU0158,1,15.57,0.0,2026-08-29T05:46:48
699fdb02-bcdd-4b48-bcb3-c9fa191abb3d,S009,SKU0116,5,2.43,0.0,2026-08-29T19:07:26
e43081aa-6022-43ff-b330-4e33deb0de7d,S006,SKU0059,2,6.92,0.69,2026-08-29T10:08:25
95c89b2d-7892-4145-92d2-d7e6387d5add,S008,SKU0024,4,7.26,1.45,2026-08-29T02:25:52
6f94da50-e3f7-43a7-8de9-2f1b7c0224e5,S018,SKU0121,5,2.46,0.0,2026-08-29T10:29:40
9c03d65c-ed8a-428c-b756-999b251adf0e,S007,SKU0155,4,18.06,0.0,2026-08-29T00:37:32
5f9cb7e0-6328-443e-ad95-63ed747a4829,S006,SKU0137,1,2.75,0.0,2026-08-29T09:47:44
31b42308-b846-4413-b52e-761322eb69b1,S006,SKU0040,1,15.91,3.18,2026-08-29T13:25:56
450ab36d-f9be-47f3-9bcc-90fca1cc22d8,S011,SKU0044,5,18.74,0.0,2026-08-29T00:19:06
083759f8-2090-435e-95fc-f99133c417d5,S017,SKU0015,3,11.0,0.0,2026-08-29T18:14:15
47d5ac92-0f45-45da-9194-1591b134b58f,S005,SKU0034,4,4.0,0.0,2026-08-29T17:04:41
772d416d-da05-42fc-9c71-a82122f1c32b,S009,SKU0119,2,17.44,0.0,2026-08-29T20:53:37
c2a59d7b-2bd3-4971-ab10-b78675656daf,S006,SKU0164,2,9.92,0.0,2026-08-29T09:02:14
4b8fb475-e2eb-42d2-b848-52b657f498e0,S005,SKU0001,5,15.46,0.0,2026-08-29T13:44:29
cb68a34e-ca1f-4ff2-a823-442c9a87e357,S018,SKU0139,3,10.02,1.0,2026-08-29T14:22:55
e7d3f770-9c8d-4ade-b3e8-16b5a353ea98,S017,SKU0091,4,17.94,1.79,2026-08-29T23:34:09
8d8164b0-f85a-4287-93ff-c45f2b80e44a,S017,SKU0105,5,12.18,1.22,2026-08-29T09:09:15
6964eb16-1623-4e87-bacd-c514dae18b28,S002,SKU0053,2,10.81,1.08,2026-08-29T04:35:46
dcb913b4-7d3d-46ca-8592-a38fdb62a1f7,S004,SKU0155,1,12.6,0.0,2026-08-29T10:51:57
7936931e-9771-480b-b768-c85bfee3dbaa,S001,SKU0081,4,8.58,0.0,2026-08-29T13:36:11
03b68657-4777-4e21-b677-a166d644e9ae,S014,SKU0199,4,5.18,0.0,2026-08-29T07:50:55
df629d0c-bc76-47a0-ad98-a416bae27198,S010,SKU0102,2,9.82,1.96,2026-08-29T05:05:29
6f2aec8a-53c9-4acb-bf71-e1ae3f24ba6a,S009,SKU0125,2,4.13,0.0,2026-08-29T15:59:04
ed6f4ee3-e44e-4cd1-b8ef-a3bc9457f388,S007,SKU0119,4,10.13,1.01,2026-08-29T13:31:42
e9ebd446-2622-40d6-b23d-9820977e5877,S005,SKU0164,2,9.19,0.0,2026-08-29T08:56:00
6af31899-014c-43a1-a5f3-d46692de0df8,S015,SKU0099,1,6.97,0.0,2026-08-29T12:45:47
fdc419b2-0a41-4919-8b52-46f3faed5777,S017,SKU0142,4,2.95,0.0,2026-08-29T12:55:00
81145252-c4c3-4368-bbc5-1a50787cb0d3,S012,SKU0085,4,2.25,0.23,2026-08-29T02:28:00
64f22a7c-87f7-47fa-acfa-855f089b5b49,S001,SKU0026,2,7.24,1.45,2026-08-29T06:02:30
b257e257-cc4a-402c-8f49-94e07ab16533,S002,SKU0007,2,15.27,3.05,2026-08-29T09:48:58
7ecb002e-73d3-428c-9916-79d3d24025ea,S001,SKU0115,5,5.55,1.11,2026-08-29T13:31:02
c0c9c3ed-8ef9-4060-9545-7c643d922952,S012,SKU0160,4,7.68,1.54,2026-08-29T16:45:31
68181f5b-bb56-488b-b172-ec53032e2730,S019,SKU0032,3,6.77,0.0,2026-08-29T18:49:23
5bc07988-21f9-49e9-b7cf-45f6f32ede3c,S002,SKU0171,4,15.53,1.55,2026-08-29T18:42:47
ffbb4bcc-a5cb-4f6f-bd33-31644bb8ebe2,S003,SKU0040,5,14.98,3.0,2026-08-29T18:25:15
ab45eaf0-7ad3-4e2a-8413-ffc7173a0c96,S009,SKU0037,4,7.61,0.76,2026-08-29T23:07:37
75938f5a-b40b-4353-a96b-e9034e09c596,S020,SKU0099,2,15.6,0.0,2026-08-29T03:23:34
956abfdf-bf4e-4e46-9204-79cedba0c89e,S010,SKU0004,3,8.8,0.0,2026-08-29T01:36:08
76b90472-7470-424c-b9f6-b641063ff61e,S014,SKU0039,2,5.1,1.02,2026-08-29T07:03:03
b400a5e1-dfcb-421b-a37c-db55c596fab7,S001,SKU0017,4,11.62,0.0,2026-08-29T07:40:05
df1e04cb-ca34-4e3c-af58-9a8167c5b29b,S003,SKU0057,2,17.39,0.0,2026-08-29T17:34:23
b432ece9-76dc-46b5-a076-aed65ed3e00e,S004,SKU0021,4,18.43,0.0,2026-08-29T17:58:01
a0970ff4-dc42-4980-8059-5e29a226a75b,S012,SKU0121,4,16.52,0.0,2026-08-29T22:27:24
b0d508a9-e4b8-4e89-a287-729e12194d94,S011,SKU0135,3,12.18,2.44,2026-08-29T12:02:12
4bed523c-085f-44d1-87ea-651b5539562b,S009,SKU0153,2,13.85,2.77,2026-08-29T18:56:03
b2b3bb39-4510-4aad-80bd-44c06d07ee0b,S016,SKU0070,2,5.68,0.0,2026-08-29T15:47:48
93423b4f-8add-46f9-9ccc-e19ff2335074,S013,SKU0014,3,18.89,0.0,2026-08-29T18:09:48
af4637b3-c9a6-4c37-b507-8c5dcb62f5b6,S005,SKU0143,5,7.06,0.0,2026-08-29T03:52:38
55f01600-e17f-448d-9ed6-270514b9bb4d,S015,SKU0040,2,17.12,0.0,2026-08-29T09:03:22
83c5c510-0e08-4343-aea7-7ea8bc5ad195,S014,SKU0191,1,14.4,2.88,2026-08-29T13:12:58
5d2e7b90-acb6-4e81-a8f6-0796f200a32c,S003,SKU0063,4,9.26,0.0,2026-08-29T10:53:21
620956a8-1c68-4db0-8d33-3496e3528539,S002,SKU0112,2,13.03,0.0,2026-08-29T11:25:50
0a76bd91-9e7f-47a7-b721-5daa5d975cdc,S016,SKU0008,4,16.58,0.0,2026-08-29T15:04:53
a5eea4a2-2cde-431f-9dce-8d9b5d96120d,S008,SKU0125,3,18.85,0.0,2026-08-29T11:12:51
8f8dd995-1127-4cb2-b472-99b68f0ce422,S007,SKU0104,4,18.66,1.87,2026-08-29T21:25:25
236e9007-3468-4b6e-8609-0b78b5971e43,S020,SKU0043,4,17.21,0.0,2026-08-29T08:51:21
8a257159-3d17-4879-95bd-f39efb334e61,S013,SKU0022,3,4.45,0.0,2026-08-29T21:36:24
bcc4f087-7a7e-4c31-a627-61671d121daf,S018,SKU0110,1,3.02,0.0,2026-08-29T05:27:46
df02774d-9482-442f-8095-3c13f06bffa4,S001,SKU0121,4,18.09,0.0,2026-08-29T01:52:11
c0cffa73-35b5-4ec5-b3ed-8f33f587d26d,S012,SKU0171,2,2.1,0.0,2026-08-29T13:21:12
5209eaab-39b6-410e-82c9-6b28beb96a4a,S011,SKU0026,5,3.12,0.0,2026-08-29T11:16:41
80e9b300-4471-4067-a5de-f08e5a4b4fdb,S020,SKU0001,1,19.93,0.0,2026-08-29T01:26:19
0df1172a-46f2-4f38-ac45-1540ae2356f3,S004,SKU0069,2,16.11,1.61,2026-08-29T17:51:12
73d12f3e-5860-44f4-9f70-b9511038f676,S020,SKU0073,5,6.89,1.38,2026-08-29T02:36:35
d45e087f-86d4-4ba8-805f-08927c795dd9,S006,SKU0165,2,2.7,0.54,2026-08-29T09:27:56
882ae449-b5b7-4c24-b85c-a87b1f69e2b1,S010,SKU0009,5,3.28,0.66,2026-08-29T08:08:52
e6426f0b-8869-472a-934c-0a09ada59cb2,S015,SKU0092,4,17.26,0.0,2026-08-29T17:12:32
5e3ece60-9ef6-499f-b3b4-daf34ad1d634,S008,SKU0080,5,7.17,0.72,2026-08-29T15:13:04
b177116d-f203-4633-ac5d-d02dccc67ffd,S005,SKU0010,3,5.4,0.54,2026-08-29T05:24:53
e214d458-f0dd-4de0-ba63-bde0cf0d3f06,S004,SKU0115,1,2.59,0.0,2026-08-29T05:22:36
e24c724b-e453-44c2-b037-f0b710ccf85f,S011,SKU0177,2,4.26,0.0,2026-08-29T10:17:04
6403c4bc-1486-4c2d-9659-ddcc75373d14,S014,SKU0032,3,12.22,1.22,2026-08-29T15:51:00
f5504c52-49d2-4ac0-adc6-9c90e5dfc7af,S016,SKU0168,5,14.99,0.0,2026-08-29T07:38:15
2a2e1e6a-1bff-46f4-93b2-d1abf4e580aa,S012,SKU0017,1,8.24,0.82,2026-08-29T06:58:18
25e050f6-b273-493c-9cad-a48a46a42ee1,S006,SKU0128,1,2.08,0.0,2026-08-29T14:11:00
344a21b7-dfff-4cea-a687-0a987f0f6662,S015,SKU0035,4,13.68,1.37,2026-08-29T11:46:52
05cf079e-a095-4c4d-b3bd-2348854bc8fa,S011,SKU0193,3,15.29,1.53,2026-08-29T23:58:18
aeb1fcd3-f836-4a87-aaa2-25714b0d2716,S006,SKU0065,5,17.56,0.0,2026-08-29T00:16:15
7951d52b-21cc-4ba7-ae85-4c728a9b7b20,S002,SKU0036,4,3.22,0.0,2026-08-29T05:23:40
bcda835f-71a0-4ff8-ab8d-a34058c158e2,S007,SKU0185,2,10.99,1.1,2026-08-29T10:06:59
3066478c-4aa0-4842-857f-dd20a50a0a29,S012,SKU0183,2,9.23,0.0,2026-08-29T22:59:36
cd4f2875-df2d-4f20-85a4-3113101d759e,S001,SKU0027,3,16.3,0.0,2026-08-29T12:16:34
8505d91d-f28b-4fb9-95bf-1edb3b79da1e,S007,SKU0038,4,15.77,3.15,2026-08-29T07:20:38
9425fc3a-6964-4112-95fc-0f2ba50939f1,S017,SKU0101,3,14.09,2.82,2026-08-29T09:57:21
c96d525e-a563-4cf4-a7df-eb9257c13f7e,S007,SKU0112,5,19.88,3.98,2026-08-29T22:17:25
aa757eeb-97e6-42d6-bc74-38955388d128,S010,SKU0138,1,9.92,1.98,2026-08-29T19:55:12
8c68720e-d787-463d-87b8-f95cb265a6c2,S014,SKU0151,4,2.32,0.0,2026-08-29T00:39:08
913767ab-4dd8-4715-b53f-f3e271fc5136,S020,SKU0147,1,10.28,1.03,2026-08-29T16:52:37
4e7674e9-ca12-4a49-a5f5-cdc821c7c0f6,S015,SKU0068,2,18.58,3.72,2026-08-29T08:06:55
3a0e618f-428f-4941-8a0d-72ce2bf6f6c4,S019,SKU0066,3,17.99,0.0,2026-08-29T08:21:17
49c3f48b-f881-4f18-9f34-fd6c7bf75b57,S002,SKU0057,4,6.41,1.28,2026-08-29T08:20:44
25f98046-0c1d-480e-9873-9636c50e5194,S002,SKU0020,4,5.92,0.0,2026-08-29T15:39:22
f4ca6e70-74b7-49ec-88cd-42c05a66219e,S001,SKU0129,3,11.4,2.28,2026-08-29T15:10:24
29298691-ec93-443d-9e5e-8cfe2a96c526,S019,SKU0055,3,15.72,0.0,2026-08-29T18:04:55
2ea9ef6c-4905-4b93-890a-83b4b639529e,S008,SKU0100,5,13.73,0.0,2026-08-29T04:13:07
b546c5c0-d6de-40c5-ace4-599df92408c3,S007,SKU0004,5,14.93,0.0,2026-08-29T19:50:42
cb618d75-aa96-4dfb-a79b-265ab15f3994,S001,SKU0026,4,2.97,0.0,2026-08-29T17:28:16
1dee4b6d-3ce7-4d1e-a947-fd26274ac7a7,S010,SKU0172,2,18.73,0.0,2026-08-29T06:09:14
931414e8-510e-441f-be67-e8e90a88e6ca,S006,SKU0093,3,9.19,0.92,2026-08-29T07:25:50
5ea2d56b-42aa-4bc7-b0de-13fc2060917a,S018,SKU0178,1,15.65,0.0,2026-08-29T11:16:05
b506c24d-8fff-49f7-b485-0fcd2f3b2b18,S004,SKU0001,5,13.32,0.0,2026-08-29T05:39:50
fa5fafdb-5123-49fa-aa61-b32f08e1624e,S004,SKU0196,2,2.72,0.0,2026-08-29T06:30:58
72cc3fc5-5f77-4a7a-a5df-ac0758065bae,S015,SKU0131,4,7.74,1.55,2026-08-29T19:27:50
889cd33d-299f-4f30-b9b8-1e658a34b26b,S003,SKU0092,1,10.4,2.08,2026-08-29T10:07:57
06617f95-eba1-4fa8-9f19-f85b4d330569,S018,SKU0065,1,8.03,0.8,2026-08-29T06:53:31
c4bd9b59-7fd9-496f-ae5a-88566791659c,S003,SKU0042,1,18.35,3.67,2026-08-29T03:08:47
ed850a6d-7542-4851-b2a2-4da42537e0d6,S007,SKU0123,2,7.83,1.57,2026-08-29T19:28:18
f85bc2d3-0119-4e6d-a7f3-1b7851f9cd77,S004,SKU0132,3,2.05,0.2,2026-08-29T15:44:35
81e58eee-f9c0-4d4d-8bd0-3267bd0e01ce,S016,SKU0199,4,5.43,0.0,2026-08-29T22:36:45
4ba99d78-b498-45d0-a5b1-c79954cecee7,S016,SKU0143,5,15.33,0.0,2026-08-29T08:15:20
f83811c5-4a32-4d2a-a55e-c749795235ad,S002,SKU0010,4,8.66,0.0,2026-08-29T07:14:58
fe7b178d-fb0e-4c28-8110-bcfef1aa9ba0,S001,SKU0171,4,4.98,1.0,2026-08-29T12:56:25
ccb1063d-25a7-4338-aab9-278d92dfcf99,S011,SKU0119,3,13.5,1.35,2026-08-29T00:16:14
ec1b55dd-e829-46cf-ba81-d86090b3032d,S017,SKU0144,1,3.98,0.0,2026-08-29T21:39:01
1cc0b764-b06b-4fca-96b4-05d7712dd406,S018,SKU0142,1,12.47,1.25,2026-08-29T17:59:54
0a42be3f-e671-4582-ba9e-8394bb4ccb14,S011,SKU0063,3,3.72,0.0,2026-08-29T23:13:54
1deb979d-8d0b-46d7-ad91-f45623b13ebd,S002,SKU0028,3,11.44,1.14,2026-08-29T10:41:03
9e15ebcc-66d1-47f6-8659-010a4ede79b6,S013,SKU0040,1,18.87,0.0,2026-08-29T09:24:13
5b7e24ca-722b-4439-b869-d3c9d743b5a8,S017,SKU0094,3,7.79,0.78,2026-08-29T02:42:31
9bafcc20-0e16-4f3f-938c-c0ca17acd7e9,S001,SKU0007,1,10.72,0.0,2026-08-29T14:48:49
86c45e42-955b-4346-b1f5-5560a42d10f5,S017,SKU0155,3,7.56,0.0,2026-08-29T05:00:12
c4605896-ef87-4f0d-8802-2f8e38de6b6e,S004,SKU0068,5,17.25,0.0,2026-08-29T04:07:40
15661feb-05c5-4f8d-b21a-6c3f47263c24,S019,SKU0055,3,7.39,0.0,2026-08-29T06:38:56
ad5406bc-7209-4a7b-9975-a56289d56357,S009,SKU0080,5,16.31,0.0,2026-08-29T01:47:12
f9d09e26-165e-45b5-b526-d3b0abeb35d1,S019,SKU0177,5,15.46,0.0,2026-08-29T19:59:10
7d8f2350-31c7-4a44-a4f8-f226830481c2,S010,SKU0026,5,7.0,1.4,2026-08-29T23:57:12
82f552c8-9ae6-4149-9a69-78cf51589375,S014,SKU0024,4,15.42,0.0,2026-08-29T11:21:20
aab133ba-e88f-4ab5-8e59-22e9f182cdf7,S003,SKU0025,3,6.48,0.0,2026-08-29T04:59:02
b74966cb-25df-48fa-a5c6-5c7b5c6ebf5a,S016,SKU0093,5,1.57,0.16,2026-08-29T01:32:53
62d846d0-5ea0-41cd-ad79-d8bfda92e740,S019,SKU0144,4,11.53,0.0,2026-08-29T05:46:55
584cb0f7-48de-48be-831e-ef965f71dcc4,S019,SKU0180,2,3.02,0.0,2026-08-29T06:44:25
72114575-fa3e-4d03-8ede-ae5f59f2674c,S007,SKU0187,1,13.17,0.0,2026-08-29T17:07:25
3737cc38-166c-4d33-8f9f-dc15dfd23d15,S014,SKU0002,2,4.63,0.93,2026-08-29T08:41:12
bdd4c1f2-71b8-4ce0-a347-2e25ba5498fd,S016,SKU0141,5,17.69,3.54,2026-08-29T06:49:42
7147f758-cdbe-4548-aa65-66e8fe1ad905,S013,SKU0050,2,2.6,0.0,2026-08-29T22:19:40
ba5e4066-ce40-424a-a9ee-29f449e3eb48,S019,SKU0106,5,6.92,0.0,2026-08-29T14:43:41
ba85e403-6c80-444b-a5d1-36e2f8698e93,S004,SKU0181,5,6.82,0.0,2026-08-29T22:26:30
d5e4157d-23ba-4528-aa08-9aa0e57c5c02,S001,SKU0030,4,6.22,1.24,2026-08-29T18:07:11
24c58b47-1609-44d1-9912-509096516ec2,S019,SKU0048,4,12.43,0.0,2026-08-29T04:40:02
fd06a179-7980-4efa-8da0-8e483531518a,S002,SKU0060,5,3.72,0.0,2026-08-29T04:49:20
55dddf38-fc94-44ae-867a-211ade162c17,S005,SKU0056,2,15.28,0.0,2026-08-29T14:22:16
9736bb4f-f5c8-4e3c-aee3-1d4710ecf6ae,S007,SKU0184,3,19.25,3.85,2026-08-29T00:06:09
01b1c626-16a4-4bfa-a032-9ee6c190b0cf,S004,SKU0088,1,16.85,0.0,2026-08-29T15:02:59
45f8e14d-ea16-4e6e-a388-ca3268d26992,S004,SKU0095,2,9.77,0.0,2026-08-29T23:35:29
764d7e7c-8e49-40f9-acc5-c9de6a1d9731,S009,SKU0114,3,19.58,1.96,2026-08-29T18:53:28
ea350f17-c157-4761-9162-f6dbb5d2bf7f,S013,SKU0091,2,17.37,0.0,2026-08-29T07:31:43
d5108bc0-2f9e-4ddb-b302-8b32230da680,S016,SKU0071,2,17.59,0.0,2026-08-29T17:50:13
7d9704fe-8dca-4908-8a1a-421961bba5fb,S015,SKU0041,4,2.41,0.0,2026-08-29T15:46:32
4d4f6814-d385-4240-92a2-f8390acfc6ac,S017,SKU0075,1,15.96,0.0,2026-08-29T16:42:08
7e7d5e88-4dcd-4534-95d0-3545d5a76023,S010,SKU0072,2,9.15,0.0,2026-08-29T05:07:21
397a284f-76a4-479b-bd67-34588f2d0b17,S017,SKU0017,2,9.38,0.0,2026-08-29T17:13:47
276e1d67-00a0-486e-8a8d-5d5a06defca8,S008,SKU0116,5,9.91,0.0,2026-08-29T23:27:23
a3fb6d0b-f4be-48b4-8cd7-e6f7433ecd2c,S013,SKU0070,2,14.24,0.0,2026-08-29T17:21:39
1fca0f16-78f8-455f-a2f5-a68bd590f435,S001,SKU0200,2,10.39,1.04,2026-08-29T04:51:36
49a5fd0d-e487-4ab3-aa79-4de7a7604977,S018,SKU0131,2,13.44,1.34,2026-08-29T07:58:08
e8239943-7dec-4605-adeb-57f96acac954,S009,SKU0177,2,3.53,0.0,2026-08-29T19:00:23
07480379-3ea7-4419-a510-af65b0167db8,S013,SKU0006,1,6.53,1.31,2026-08-29T11:17:40
7e388a19-46f7-420a-83c4-95061e8e06ed,S010,SKU0065,1,11.99,0.0,2026-08-29T08:46:57
9950f11a-1114-40da-b87a-e6defe8c9aab,S019,SKU0136,2,15.52,3.1,2026-08-29T22:20:25
7b011fdd-94c0-49e0-9c9c-4570bedd62a7,S005,SKU0006,2,13.11,2.62,2026-08-29T00:07:21
42067d80-de4b-4b12-afa2-2f9290c97f00,S019,SKU0088,3,15.72,3.14,2026-08-29T15:16:54
f9690579-79dd-4dd4-af97-fbd2a0c45942,S010,SKU0185,1,10.4,0.0,2026-08-29T03:56:56
5f8a2e3c-1e9d-495b-917a-d9bdb1ba0bea,S007,SKU0161,4,6.15,0.0,2026-08-29T21:20:33
047dd583-9344-4b2f-bba3-16688334e524,S019,SKU0092,4,13.89,2.78,2026-08-29T20:34:43
94e74f26-29b0-4b37-8271-0779d864465a,S008,SKU0084,1,8.53,1.71,2026-08-29T07:08:45
7606fa34-51d6-4f11-a569-3e130efa8993,S008,SKU0137,1,17.37,0.0,2026-08-29T17:09:45
5b7d9d2d-22af-4503-b17a-ff6de0d96670,S001,SKU0177,3,10.62,1.06,2026-08-29T20:28:39
5c75352c-45cd-496b-8d8a-16f329ce9bfa,S014,SKU0012,1,3.41,0.0,2026-08-29T08:25:17
