store_id,sku,units_on_hand,units_in_transit,snapshot_date
S001,SKU0001,104,59,2026-08-29
S001,SKU0002,211,68,2026-08-29
S001,SKU0003,378,9,2026-08-29
S001,SKU0004,52,87,2026-08-29
S001,SKU0005,499,70,2026-08-29
S001,SKU0006,225,91,2026-08-29
S001,SKU0007,69,28,2026-08-29
S001,SKU0008,377,27,2026-08-29
S001,SKU0009,111,47,2026-08-29
S001,SKU0010,49,4,2026-08-29
S001,SKU0011,131,1,2026-08-29
S001,SKU0012,470,75,2026-08-29
S001,SKU0013,209,15,2026-08-29
S001,SKU0014,143,82,2026-08-29
S001,SKU0015,301,57,2026-08-29
S001,SKU0016,457,26,2026-08-29
S001,SKU0017,47,43,2026-08-29
S001,SKU0018,472,30,2026-08-29
S001,SKU0019,313,15,2026-08-29
S001,SKU0020,47,32,2026-08-29
S001,SKU0021,405,76,2026-08-29
S001,SKU0022,274,95,2026-08-29
S001,SKU0023,322,97,2026-08-29
S001,SKU0024,123,5,2026-08-29
S001,SKU0025,243,88,2026-08-29
S001,SKU0026,141,69,2026-08-29
S001,SKU0027,85,84,2026-08-29
S001,SKU0028,387,89,2026-08-29
S001,SKU0029,373,0,2026-08-29
S001,SKU0030,474,62,2026-08-29
S001,SKU0031,418,27,2026-08-29
S001,SKU0032,407,52,2026-08-29
S001,SKU0033,454,42,2026-08-29
S001,SKU0034,51,11,2026-08-29
S001,SKU0035,257,74,2026-08-29
S001,SKU0036,117,73,2026-08-29
S001,SKU0037,142,0,2026-08-29
S001,SKU0038,218,89,2026-08-29
S001,SKU0039,178,45,2026-08-29
S001,SKU0040,385,57,2026-08-29
S001,SKU0041,284,89,2026-08-29
S001,SKU0042,84,3,2026-08-29
S001,SKU0043,378,12,2026-08-29
S001,SKU0044,321,73,2026-08-29
S001,SKU0045,10,85,2026-08-29
S001,SKU0046,140,24,2026-08-29
S001,SKU0047,88,20,2026-08-29
S001,SKU0048,119,94,2026-08-29
S001,SKU0049,23,93,2026-08-29
S001,SKU0050,91,25,2026-08-29
S001,SKU0051,423,26,2026-08-29
S001,SKU0052,101,16,2026-08-29
S001,SKU0053,151,58,2026-08-29
S001,SKU0054,31,84,2026-08-29
S001,SKU0055,230,28,2026-08-29
S001,SKU0056,316,17,2026-08-29
S001,SKU0057,16,15,2026-08-29
S001,SKU0058,371,92,2026-08-29
S001,SKU0059,104,46,2026-08-29
S001,SKU0060,321,96,2026-08-29
S001,SKU0061,450,97,2026-08-29
S001,SKU0062,153,87,2026-08-29
S001,SKU0063,221,19,2026-08-29
S001,SKU0064,352,8,2026-08-29
S001,SKU0065,426,20,2026-08-29
S001,SKU0066,242,48,2026-08-29
S001,SKU0067,3,21,2026-08-29
S001,SKU0068,191,4,2026-08-29
S001,SKU0069,272,22,2026-08-29
S001,SKU0070,350,53,2026-08-29
S001,SKU0071,55,10,2026-08-29
S001,SKU0072,391,20,2026-08-29
S001,SKU0073,108,9,2026-08-29
S001,SKU0074,78,53,2026-08-29
S001,SKU0075,55,55,2026-08-29
S001,SKU0076,117,89,2026-08-29
S001,SKU0077,416,21,2026-08-29
S001,SKU0078,136,91,2026-08-29
S001,SKU0079,266,91,2026-08-29
S001,SKU0080,284,86,2026-08-29
S001,SKU0081,271,75,2026-08-29
S001,SKU0082,460,74,2026-08-29
S001,SKU0083,168,57,2026-08-29
S001,SKU0084,80,76,2026-08-29
S001,SKU0085,272,84,2026-08-29
S001,SKU0086,290,27,2026-08-29
S001,SKU0087,488,57,2026-08-29
S001,SKU0088,217,22,2026-08-29
S001,SKU0089,312,56,2026-08-29
S001,SKU0090,142,40,2026-08-29
S001,SKU0091,133,77,2026-08-29
S001,SKU0092,109,93,2026-08-29
S001,SKU0093,408,98,2026-08-29
S001,SKU0094,427,2,2026-08-29
S001,SKU0095,100,51,2026-08-29
S001,SKU0096,151,48,2026-08-29
S001,SKU0097,395,68,2026-08-29
S001,SKU0098,238,11,2026-08-29
S001,SKU0099,447,74,2026-08-29
S001,SKU0100,59,88,2026-08-29
S001,SKU0101,64,6,2026-08-29
S001,SKU0102,117,94,2026-08-29
S001,SKU0103,358,68,2026-08-29
S001,SKU0104,486,14,2026-08-29
S001,SKU0105,286,61,2026-08-29
S001,SKU0106,202,83,2026-08-29
S001,SKU0107,297,91,2026-08-29
S001,SKU0108,377,17,2026-08-29
S001,SKU0109,27,66,2026-08-29
S001,SKU0110,92,68,2026-08-29
S001,SKU0111,448,29,2026-08-29
S001,SKU0112,409,16,2026-08-29
S001,SKU0113,123,6,2026-08-29
S001,SKU0114,260,77,2026-08-29
S001,SKU0115,278,9,2026-08-29
S001,SKU0116,123,68,2026-08-29
S001,SKU0117,282,10,2026-08-29
S001,SKU0118,173,67,2026-08-29
S001,SKU0119,275,11,2026-08-29
S001,SKU0120,132,33,2026-08-29
S001,SKU0121,170,70,2026-08-29
S001,SKU0122,69,22,2026-08-29
S001,SKU0123,22,54,2026-08-29
S001,SKU0124,251,26,2026-08-29
S001,SKU0125,71,28,2026-08-29
S001,SKU0126,357,81,2026-08-29
S001,SKU0127,45,66,2026-08-29
S001,SKU0128,75,79,2026-08-29
S001,SKU0129,226,9,2026-08-29
S001,SKU0130,216,92,2026-08-29
S001,SKU0131,324,69,2026-08-29
S001,SKU0132,41,94,2026-08-29
S001,SKU0133,389,41,2026-08-29
S001,SKU0134,235,21,2026-08-29
S001,SKU0135,348,35,2026-08-29
S001,SKU0136,433,43,2026-08-29
S001,SKU0137,15,4,2026-08-29
S001,SKU0138,391,1,2026-08-29
S001,SKU0139,399,3,2026-08-29
S001,SKU0140,396,85,2026-08-29
S001,SKU0141,353,3,2026-08-29
S001,SKU0142,441,92,2026-08-29
S001,SKU0143,15,10,2026-08-29
S001,SKU0144,165,21,2026-08-29
S001,SKU0145,387,95,2026-08-29
S001,SKU0146,413,81,2026-08-29
S001,SKU0147,299,10,2026-08-29
S001,SKU0148,42,88,2026-08-29
S001,SKU0149,97,61,2026-08-29
S001,SKU0150,487,12,2026-08-29
S001,SKU0151,224,100,2026-08-29
S001,SKU0152,457,68,2026-08-29
S001,SKU0153,331,47,2026-08-29
S001,SKU0154,29,100,2026-08-29
S001,SKU0155,322,95,2026-08-29
S001,SKU0156,495,77,2026-08-29
S001,SKU0157,13,92,2026-08-29
S001,SKU0158,76,45,2026-08-29
S001,SKU0159,160,48,2026-08-29
S001,SKU0160,344,14,2026-08-29
S001,SKU0161,406,64,2026-08-29
S001,SKU0162,330,37,2026-08-29
S001,SKU0163,385,37,2026-08-29
S001,SKU0164,133,20,2026-08-29
S001,SKU0165,43,69,2026-08-29
S001,SKU0166,416,18,2026-08-29
S001,SKU0167,307,85,2026-08-29
S001,SKU0168,295,69,2026-08-29
S001,SKU0169,244,36,2026-08-29
S001,SKU0170,251,66,2026-08-29
S001,SKU0171,466,98,2026-08-29
S001,SKU0172,39,19,2026-08-29
S001,SKU0173,89,97,2026-08-29
S001,SKU0174,147,64,2026-08-29
S001,SKU0175,318,100,2026-08-29
S001,SKU0176,21,40,2026-08-29
S001,SKU0177,194,60,2026-08-29
S001,SKU0178,20,64,2026-08-29
S001,SKU0179,222,59,2026-08-29
S001,SKU0180,13,5,2026-08-29
S001,SKU0181,306,6,2026-08-29
S001,SKU0182,1,84,2026-08-29
S001,SKU0183,133,31,2026-08-29
S001,SKU0184,193,44,2026-08-29
S001,SKU0185,325,43,2026-08-29
S001,SKU0186,45,46,2026-08-29
S001,SKU0187,370,66,2026-08-29
S001,SKU0188,140,67,2026-08-29
S001,SKU0189,76,51,2026-08-29
S001,SKU0190,193,72,2026-08-29
S001,SKU0191,62,30,2026-08-29
S001,SKU0192,211,19,2026-08-29
S001,SKU0193,408,34,2026-08-29
S001,SKU0194,261,29,2026-08-29
S001,SKU0195,164,47,2026-08-29
S001,SKU0196,338,6,2026-08-29
S001,SKU0197,187,39,2026-08-29
S001,SKU0198,420,21,2026-08-29
S001,SKU0199,401,73,2026-08-29
S001,SKU0200,192,93,2026-08-29
S002,SKU0001,21,70,2026-08-29
S002,SKU0002,365,5,2026-08-29
S002,SKU0003,320,60,2026-08-29
S002,SKU0004,27,52,2026-08-29
S002,SKU0005,106,30,2026-08-29
S002,SKU0006,210,77,2026-08-29
S002,SKU0007,438,78,2026-08-29
S002,SKU0008,285,58,2026-08-29
S002,SKU0009,316,45,2026-08-29
S002,SKU0010,402,2,2026-08-29
S002,SKU0011,395,79,2026-08-29
S002,SKU0012,398,81,2026-08-29
S002,SKU0013,487,67,2026-08-29
S002,SKU0014,94,16,2026-08-29
S002,SKU0015,33,7,2026-08-29
S002,SKU0016,137,6,2026-08-29
S002,SKU0017,475,15,2026-08-29
S002,SKU0018,443,50,2026-08-29
S002,SKU0019,129,67,2026-08-29
S002,SKU0020,63,71,2026-08-29
S002,SKU0021,468,67,2026-08-29
S002,SKU0022,378,0,2026-08-29
S002,SKU0023,133,80,2026-08-29
S002,SKU0024,375,33,2026-08-29
S002,SKU0025,492,82,2026-08-29
S002,SKU0026,90,70,2026-08-29
S002,SKU0027,485,60,2026-08-29
S002,SKU0028,255,31,2026-08-29
S002,SKU0029,264,24,2026-08-29
S002,SKU0030,193,91,2026-08-29
S002,SKU0031,391,24,2026-08-29
S002,SKU0032,270,82,2026-08-29
S002,SKU0033,32,51,2026-08-29
S002,SKU0034,137,31,2026-08-29
S002,SKU0035,79,86,2026-08-29
S002,SKU0036,33,18,2026-08-29
S002,SKU0037,356,51,2026-08-29
S002,SKU0038,316,86,2026-08-29
S002,SKU0039,151,92,2026-08-29
S002,SKU0040,87,66,2026-08-29
S002,SKU0041,292,82,2026-08-29
S002,SKU0042,342,85,2026-08-29
S002,SKU0043,374,39,2026-08-29
S002,SKU0044,208,38,2026-08-29
S002,SKU0045,81,2,2026-08-29
S002,SKU0046,124,53,2026-08-29
S002,SKU0047,387,91,2026-08-29
S002,SKU0048,66,47,2026-08-29
S002,SKU0049,369,92,2026-08-29
S002,SKU0050,432,67,2026-08-29
S002,SKU0051,220,27,2026-08-29
S002,SKU0052,53,39,2026-08-29
S002,SKU0053,491,99,2026-08-29
S002,SKU0054,128,10,2026-08-29
S002,SKU0055,236,5,2026-08-29
S002,SKU0056,420,49,2026-08-29
S002,SKU0057,149,80,2026-08-29
S002,SKU0058,199,20,2026-08-29
S002,SKU0059,181,96,2026-08-29
S002,SKU0060,191,96,2026-08-29
S002,SKU0061,148,5,2026-08-29
S002,SKU0062,95,51,2026-08-29
S002,SKU0063,403,29,2026-08-29
S002,SKU0064,369,86,2026-08-29
S002,SKU0065,188,43,2026-08-29
S002,SKU0066,278,87,2026-08-29
S002,SKU0067,95,37,2026-08-29
S002,SKU0068,98,93,2026-08-29
S002,SKU0069,11,85,2026-08-29
S002,SKU0070,43,60,2026-08-29
S002,SKU0071,193,39,2026-08-29
S002,SKU0072,210,35,2026-08-29
S002,SKU0073,441,37,2026-08-29
S002,SKU0074,262,73,2026-08-29
S002,SKU0075,491,67,2026-08-29
S002,SKU0076,258,2,2026-08-29
S002,SKU0077,395,28,2026-08-29
S002,SKU0078,374,13,2026-08-29
S002,SKU0079,188,30,2026-08-29
S002,SKU0080,284,89,2026-08-29
S002,SKU0081,256,66,2026-08-29
S002,SKU0082,91,35,2026-08-29
S002,SKU0083,169,92,2026-08-29
S002,SKU0084,497,17,2026-08-29
S002,SKU0085,238,78,2026-08-29
S002,SKU0086,425,89,2026-08-29
S002,SKU0087,31,86,2026-08-29
S002,SKU0088,352,43,2026-08-29
S002,SKU0089,19,37,2026-08-29
S002,SKU0090,351,81,2026-08-29
S002,SKU0091,29,37,2026-08-29
S002,SKU0092,122,26,2026-08-29
S002,SKU0093,469,27,2026-08-29
S002,SKU0094,106,97,2026-08-29
S002,SKU0095,421,45,2026-08-29
S002,SKU0096,99,67,2026-08-29
S002,SKU0097,131,75,2026-08-29
S002,SKU0098,161,90,2026-08-29
S002,SKU0099,62,50,2026-08-29
S002,SKU0100,372,28,2026-08-29
S002,SKU0101,413,18,2026-08-29
S002,SKU0102,412,13,2026-08-29
S002,SKU0103,46,12,2026-08-29
S002,SKU0104,364,76,2026-08-29
S002,SKU0105,232,67,2026-08-29
S002,SKU0106,238,92,2026-08-29
S002,SKU0107,449,100,2026-08-29
S002,SKU0108,63,69,2026-08-29
S002,SKU0109,24,77,2026-08-29
S002,SKU0110,499,25,2026-08-29
S002,SKU0111,123,75,2026-08-29
S002,SKU0112,46,80,2026-08-29
S002,SKU0113,347,25,2026-08-29
S002,SKU0114,252,27,2026-08-29
S002,SKU0115,68,51,2026-08-29
S002,SKU0116,329,41,2026-08-29
S002,SKU0117,115,5,2026-08-29
S002,SKU0118,451,52,2026-08-29
S002,SKU0119,437,4,2026-08-29
S002,SKU0120,370,9,2026-08-29
S002,SKU0121,489,10,2026-08-29
S002,SKU0122,470,96,2026-08-29
S002,SKU0123,313,97,2026-08-29
S002,SKU0124,258,63,2026-08-29
S002,SKU0125,388,41,2026-08-29
S002,SKU0126,199,12,2026-08-29
S002,SKU0127,236,64,2026-08-29
S002,SKU0128,439,52,2026-08-29
S002,SKU0129,398,70,2026-08-29
S002,SKU0130,368,67,2026-08-29
S002,SKU0131,456,1,2026-08-29
S002,SKU0132,5,23,2026-08-29
S002,SKU0133,106,3,2026-08-29
S002,SKU0134,415,3,2026-08-29
S002,SKU0135,300,13,2026-08-29
S002,SKU0136,171,99,2026-08-29
S002,SKU0137,212,14,2026-08-29
S002,SKU0138,281,16,2026-08-29
S002,SKU0139,428,76,2026-08-29
S002,SKU0140,268,1,2026-08-29
S002,SKU0141,125,88,2026-08-29
S002,SKU0142,193,42,2026-08-29
S002,SKU0143,241,81,2026-08-29
S002,SKU0144,359,63,2026-08-29
S002,SKU0145,135,93,2026-08-29
S002,SKU0146,145,76,2026-08-29
S002,SKU0147,61,92,2026-08-29
S002,SKU0148,464,53,2026-08-29
S002,SKU0149,469,0,2026-08-29
S002,SKU0150,451,79,2026-08-29
S002,SKU0151,348,27,2026-08-29
S002,SKU0152,200,47,2026-08-29
S002,SKU0153,312,44,2026-08-29
S002,SKU0154,68,7,2026-08-29
S002,SKU0155,39,39,2026-08-29
S002,SKU0156,309,9,2026-08-29
S002,SKU0157,413,15,2026-08-29
S002,SKU0158,445,67,2026-08-29
S002,SKU0159,327,98,2026-08-29
S002,SKU0160,294,36,2026-08-29
S002,SKU0161,55,69,2026-08-29
S002,SKU0162,149,28,2026-08-29
S002,SKU0163,118,50,2026-08-29
S002,SKU0164,271,61,2026-08-29
S002,SKU0165,175,3,2026-08-29
S002,SKU0166,300,17,2026-08-29
S002,SKU0167,387,52,2026-08-29
S002,SKU0168,99,21,2026-08-29
S002,SKU0169,417,92,2026-08-29
S002,SKU0170,80,27,2026-08-29
S002,SKU0171,310,77,2026-08-29
S002,SKU0172,258,18,2026-08-29
S002,SKU0173,37,30,2026-08-29
S002,SKU0174,231,35,2026-08-29
S002,SKU0175,171,43,2026-08-29
S002,SKU0176,214,9,2026-08-29
S002,SKU0177,47,32,2026-08-29
S002,SKU0178,478,4,2026-08-29
S002,SKU0179,356,95,2026-08-29
S002,SKU0180,438,93,2026-08-29
S002,SKU0181,150,16,2026-08-29
S002,SKU0182,266,68,2026-08-29
S002,SKU0183,208,95,2026-08-29
S002,SKU0184,21,46,2026-08-29
S002,SKU0185,322,2,2026-08-29
S002,SKU0186,398,43,2026-08-29
S002,SKU0187,121,63,2026-08-29
S002,SKU0188,479,50,2026-08-29
S002,SKU0189,219,55,2026-08-29
S002,SKU0190,494,95,2026-08-29
S002,SKU0191,23,66,2026-08-29
S002,SKU0192,355,12,2026-08-29
S002,SKU0193,59,95,2026-08-29
S002,SKU0194,65,54,2026-08-29
S002,SKU0195,399,2,2026-08-29
S002,SKU0196,480,5,2026-08-29
S002,SKU0197,483,24,2026-08-29
S002,SKU0198,447,7,2026-08-29
S002,SKU0199,266,26,2026-08-29
S002,SKU0200,184,49,2026-08-29
S003,SKU0001,203,77,2026-08-29
S003,SKU0002,45,97,2026-08-29
S003,SKU0003,13,49,2026-08-29
S003,SKU0004,78,87,2026-08-29
S003,SKU0005,233,9,2026-08-29
S003,SKU0006,164,95,2026-08-29
S003,SKU0007,108,12,2026-08-29
S003,SKU0008,487,22,2026-08-29
S003,SKU0009,393,27,2026-08-29
S003,SKU0010,130,43,2026-08-29
S003,SKU0011,182,6,2026-08-29
S003,SKU0012,418,55,2026-08-29
S003,SKU0013,260,70,2026-08-29
S003,SKU0014,93,55,2026-08-29
S003,SKU0015,292,13,2026-08-29
S003,SKU0016,248,80,2026-08-29
S003,SKU0017,433,62,2026-08-29
S003,SKU0018,217,97,2026-08-29
S003,SKU0019,287,82,2026-08-29
S003,SKU0020,462,18,2026-08-29
S003,SKU0021,318,26,2026-08-29
S003,SKU0022,268,33,2026-08-29
S003,SKU0023,148,95,2026-08-29
S003,SKU0024,493,5,2026-08-29
S003,SKU0025,59,30,2026-08-29
S003,SKU0026,155,70,2026-08-29
S003,SKU0027,2,67,2026-08-29
S003,SKU0028,229,99,2026-08-29
S003,SKU0029,99,43,2026-08-29
S003,SKU0030,152,30,2026-08-29
S003,SKU0031,244,85,2026-08-29
S003,SKU0032,467,70,2026-08-29
S003,SKU0033,377,67,2026-08-29
S003,SKU0034,69,52,2026-08-29
S003,SKU0035,23,27,2026-08-29
S003,SKU0036,119,82,2026-08-29
S003,SKU0037,191,78,2026-08-29
S003,SKU0038,370,15,2026-08-29
S003,SKU0039,27,13,2026-08-29
S003,SKU0040,341,47,2026-08-29
S003,SKU0041,231,88,2026-08-29
S003,SKU0042,355,2,2026-08-29
S003,SKU0043,310,6,2026-08-29
S003,SKU0044,259,47,2026-08-29
S003,SKU0045,289,74,2026-08-29
S003,SKU0046,362,8,2026-08-29
S003,SKU0047,411,37,2026-08-29
S003,SKU0048,146,73,2026-08-29
S003,SKU0049,93,2,2026-08-29
S003,SKU0050,365,57,2026-08-29
S003,SKU0051,130,74,2026-08-29
S003,SKU0052,413,21,2026-08-29
S003,SKU0053,206,96,2026-08-29
S003,SKU0054,306,90,2026-08-29
S003,SKU0055,293,79,2026-08-29
S003,SKU0056,482,80,2026-08-29
S003,SKU0057,215,98,2026-08-29
S003,SKU0058,319,73,2026-08-29
S003,SKU0059,413,48,2026-08-29
S003,SKU0060,445,99,2026-08-29
S003,SKU0061,336,37,2026-08-29
S003,SKU0062,425,70,2026-08-29
S003,SKU0063,328,77,2026-08-29
S003,SKU0064,388,76,2026-08-29
S003,SKU0065,381,93,2026-08-29
S003,SKU0066,346,86,2026-08-29
S003,SKU0067,389,58,2026-08-29
S003,SKU0068,45,66,2026-08-29
S003,SKU0069,151,18,2026-08-29
S003,SKU0070,274,100,2026-08-29
S003,SKU0071,187,74,2026-08-29
S003,SKU0072,196,81,2026-08-29
S003,SKU0073,487,72,2026-08-29
S003,SKU0074,127,18,2026-08-29
S003,SKU0075,169,72,2026-08-29
S003,SKU0076,52,37,2026-08-29
S003,SKU0077,10,98,2026-08-29
S003,SKU0078,256,39,2026-08-29
S003,SKU0079,291,79,2026-08-29
S003,SKU0080,405,24,2026-08-29
S003,SKU0081,488,22,2026-08-29
S003,SKU0082,455,24,2026-08-29
S003,SKU0083,55,23,2026-08-29
S003,SKU0084,429,99,2026-08-29
S003,SKU0085,413,28,2026-08-29
S003,SKU0086,150,99,2026-08-29
S003,SKU0087,72,99,2026-08-29
S003,SKU0088,496,55,2026-08-29
S003,SKU0089,206,72,2026-08-29
S003,SKU0090,286,7,2026-08-29
S003,SKU0091,208,79,2026-08-29
S003,SKU0092,358,2,2026-08-29
S003,SKU0093,285,60,2026-08-29
S003,SKU0094,79,50,2026-08-29
S003,SKU0095,327,15,2026-08-29
S003,SKU0096,234,97,2026-08-29
S003,SKU0097,213,3,2026-08-29
S003,SKU0098,328,56,2026-08-29
S003,SKU0099,89,95,2026-08-29
S003,SKU0100,110,39,2026-08-29
S003,SKU0101,287,92,2026-08-29
S003,SKU0102,116,66,2026-08-29
S003,SKU0103,310,28,2026-08-29
S003,SKU0104,166,85,2026-08-29
S003,SKU0105,339,77,2026-08-29
S003,SKU0106,464,46,2026-08-29
S003,SKU0107,332,31,2026-08-29
S003,SKU0108,460,66,2026-08-29
S003,SKU0109,70,84,2026-08-29
S003,SKU0110,459,71,2026-08-29
S003,SKU0111,387,2,2026-08-29
S003,SKU0112,428,36,2026-08-29
S003,SKU0113,423,0,2026-08-29
S003,SKU0114,459,44,2026-08-29
S003,SKU0115,491,52,2026-08-29
S003,SKU0116,454,84,2026-08-29
S003,SKU0117,60,18,2026-08-29
S003,SKU0118,461,88,2026-08-29
S003,SKU0119,289,78,2026-08-29
S003,SKU0120,222,43,2026-08-29
S003,SKU0121,15,70,2026-08-29
S003,SKU0122,411,100,2026-08-29
S003,SKU0123,75,51,2026-08-29
S003,SKU0124,302,97,2026-08-29
S003,SKU0125,183,69,2026-08-29
S003,SKU0126,346,18,2026-08-29
S003,SKU0127,222,84,2026-08-29
S003,SKU0128,136,11,2026-08-29
S003,SKU0129,401,70,2026-08-29
S003,SKU0130,195,73,2026-08-29
S003,SKU0131,193,44,2026-08-29
S003,SKU0132,208,80,2026-08-29
S003,SKU0133,37,27,2026-08-29
S003,SKU0134,7,71,2026-08-29
S003,SKU0135,246,54,2026-08-29
S003,SKU0136,50,86,2026-08-29
S003,SKU0137,425,87,2026-08-29
S003,SKU0138,451,18,2026-08-29
S003,SKU0139,392,24,2026-08-29
S003,SKU0140,413,67,2026-08-29
S003,SKU0141,160,73,2026-08-29
S003,SKU0142,172,96,2026-08-29
S003,SKU0143,61,32,2026-08-29
S003,SKU0144,431,24,2026-08-29
S003,SKU0145,397,34,2026-08-29
S003,SKU0146,204,69,2026-08-29
S003,SKU0147,76,30,2026-08-29
S003,SKU0148,300,98,2026-08-29
S003,SKU0149,159,65,2026-08-29
S003,SKU0150,139,80,2026-08-29
S003,SKU0151,460,5,2026-08-29
S003,SKU0152,437,3,2026-08-29
S003,SKU0153,426,21,2026-08-29
S003,SKU0154,244,96,2026-08-29
S003,SKU0155,114,0,2026-08-29
S003,SKU0156,3,85,2026-08-29
S003,SKU0157,436,65,2026-08-29
S003,SKU0158,222,76,2026-08-29
S003,SKU0159,200,49,2026-08-29
S003,SKU0160,32,7,2026-08-29
S003,SKU0161,59,97,2026-08-29
S003,SKU0162,198,64,2026-08-29
S003,SKU0163,103,9,2026-08-29
S003,SKU0164,41,85,2026-08-29
S003,SKU0165,98,78,2026-08-29
S003,SKU0166,171,3,2026-08-29
S003,SKU0167,24,8,2026-08-29
S003,SKU0168,192,67,2026-08-29
S003,SKU0169,28,78,2026-08-29
S003,SKU0170,331,35,2026-08-29
S003,SKU0171,41,37,2026-08-29
S003,SKU0172,322,77,2026-08-29
S003,SKU0173,37,94,2026-08-29
S003,SKU0174,164,6,2026-08-29
S003,SKU0175,232,52,2026-08-29
S003,SKU0176,396,22,2026-08-29
S003,SKU0177,441,80,2026-08-29
S003,SKU0178,267,25,2026-08-29
S003,SKU0179,446,74,2026-08-29
S003,SKU0180,486,56,2026-08-29
S003,SKU0181,328,52,2026-08-29
S003,SKU0182,321,18,2026-08-29
S003,SKU0183,25,93,2026-08-29
S003,SKU0184,188,28,2026-08-29
S003,SKU0185,326,35,2026-08-29
S003,SKU0186,138,2,2026-08-29
S003,SKU0187,458,63,2026-08-29
S003,SKU0188,225,56,2026-08-29
S003,SKU0189,306,36,2026-08-29
S003,SKU0190,200,20,2026-08-29
S003,SKU0191,29,91,2026-08-29
S003,SKU0192,482,57,2026-08-29
S003,SKU0193,453,17,2026-08-29
S003,SKU0194,371,51,2026-08-29
S003,SKU0195,390,52,2026-08-29
S003,SKU0196,343,16,2026-08-29
S003,SKU0197,305,17,2026-08-29
S003,SKU0198,176,2,2026-08-29
S003,SKU0199,284,11,2026-08-29
S003,SKU0200,381,62,2026-08-29
S004,SKU0001,371,80,2026-08-29
S004,SKU0002,422,60,2026-08-29
S004,SKU0003,472,49,2026-08-29
S004,SKU0004,472,6,2026-08-29
S004,SKU0005,82,72,2026-08-29
S004,SKU0006,358,77,2026-08-29
S004,SKU0007,34,98,2026-08-29
S004,SKU0008,398,33,2026-08-29
S004,SKU0009,11,50,2026-08-29
S004,SKU0010,479,67,2026-08-29
S004,SKU0011,345,68,2026-08-29
S004,SKU0012,134,8,2026-08-29
S004,SKU0013,496,24,2026-08-29
S004,SKU0014,101,25,2026-08-29
S004,SKU0015,232,29,2026-08-29
S004,SKU0016,45,16,2026-08-29
S004,SKU0017,488,40,2026-08-29
S004,SKU0018,183,91,2026-08-29
S004,SKU0019,476,21,2026-08-29
S004,SKU0020,103,44,2026-08-29
S004,SKU0021,468,51,2026-08-29
S004,SKU0022,55,59,2026-08-29
S004,SKU0023,278,10,2026-08-29
S004,SKU0024,237,1,2026-08-29
S004,SKU0025,104,21,2026-08-29
S004,SKU0026,347,13,2026-08-29
S004,SKU0027,40,77,2026-08-29
S004,SKU0028,83,0,2026-08-29
S004,SKU0029,194,14,2026-08-29
S004,SKU0030,112,96,2026-08-29
S004,SKU0031,216,30,2026-08-29
S004,SKU0032,422,65,2026-08-29
S004,SKU0033,342,40,2026-08-29
S004,SKU0034,67,59,2026-08-29
S004,SKU0035,253,69,2026-08-29
S004,SKU0036,293,44,2026-08-29
S004,SKU0037,192,15,2026-08-29
S004,SKU0038,97,27,2026-08-29
S004,SKU0039,229,9,2026-08-29
S004,SKU0040,456,85,2026-08-29
S004,SKU0041,279,37,2026-08-29
S004,SKU0042,157,33,2026-08-29
S004,SKU0043,303,6,2026-08-29
S004,SKU0044,371,21,2026-08-29
S004,SKU0045,442,74,2026-08-29
S004,SKU0046,165,6,2026-08-29
S004,SKU0047,72,50,2026-08-29
S004,SKU0048,150,65,2026-08-29
S004,SKU0049,22,12,2026-08-29
S004,SKU0050,220,35,2026-08-29
S004,SKU0051,145,6,2026-08-29
S004,SKU0052,121,57,2026-08-29
S004,SKU0053,104,87,2026-08-29
S004,SKU0054,128,13,2026-08-29
S004,SKU0055,203,60,2026-08-29
S004,SKU0056,273,13,2026-08-29
S004,SKU0057,474,18,2026-08-29
S004,SKU0058,463,59,2026-08-29
S004,SKU0059,379,63,2026-08-29
S004,SKU0060,341,65,2026-08-29
S004,SKU0061,87,23,2026-08-29
S004,SKU0062,38,1,2026-08-29
S004,SKU0063,426,20,2026-08-29
S004,SKU0064,327,11,2026-08-29
S004,SKU0065,449,62,2026-08-29
S004,SKU0066,457,75,2026-08-29
S004,SKU0067,274,23,2026-08-29
S004,SKU0068,52,80,2026-08-29
S004,SKU0069,99,33,2026-08-29
S004,SKU0070,265,53,2026-08-29
S004,SKU0071,87,73,2026-08-29
S004,SKU0072,279,43,2026-08-29
S004,SKU0073,376,62,2026-08-29
S004,SKU0074,401,93,2026-08-29
S004,SKU0075,351,77,2026-08-29
S004,SKU0076,224,29,2026-08-29
S004,SKU0077,388,54,2026-08-29
S004,SKU0078,443,29,2026-08-29
S004,SKU0079,447,69,2026-08-29
S004,SKU0080,124,14,2026-08-29
S004,SKU0081,434,65,2026-08-29
S004,SKU0082,90,69,2026-08-29
S004,SKU0083,348,40,2026-08-29
S004,SKU0084,209,3,2026-08-29
S004,SKU0085,173,29,2026-08-29
S004,SKU0086,293,96,2026-08-29
S004,SKU0087,230,94,2026-08-29
S004,SKU0088,11,63,2026-08-29
S004,SKU0089,402,89,2026-08-29
S004,SKU0090,301,69,2026-08-29
S004,SKU0091,368,81,2026-08-29
S004,SKU0092,219,51,2026-08-29
S004,SKU0093,348,15,2026-08-29
S004,SKU0094,232,61,2026-08-29
S004,SKU0095,358,7,2026-08-29
S004,SKU0096,206,63,2026-08-29
S004,SKU0097,120,51,2026-08-29
S004,SKU0098,265,99,2026-08-29
S004,SKU0099,413,18,2026-08-29
S004,SKU0100,440,1,2026-08-29
S004,SKU0101,186,97,2026-08-29
S004,SKU0102,1,48,2026-08-29
S004,SKU0103,276,18,2026-08-29
S004,SKU0104,43,84,2026-08-29
S004,SKU0105,430,21,2026-08-29
S004,SKU0106,92,28,2026-08-29
S004,SKU0107,322,44,2026-08-29
S004,SKU0108,167,86,2026-08-29
S004,SKU0109,81,11,2026-08-29
S004,SKU0110,201,86,2026-08-29
S004,SKU0111,447,84,2026-08-29
S004,SKU0112,187,1,2026-08-29
S004,SKU0113,397,42,2026-08-29
S004,SKU0114,276,57,2026-08-29
S004,SKU0115,479,13,2026-08-29
S004,SKU0116,351,33,2026-08-29
S004,SKU0117,207,72,2026-08-29
S004,SKU0118,76,93,2026-08-29
S004,SKU0119,37,66,2026-08-29
S004,SKU0120,333,98,2026-08-29
S004,SKU0121,479,22,2026-08-29
S004,SKU0122,37,73,2026-08-29
S004,SKU0123,71,41,2026-08-29
S004,SKU0124,290,50,2026-08-29
S004,SKU0125,496,58,2026-08-29
S004,SKU0126,386,76,2026-08-29
S004,SKU0127,488,5,2026-08-29
S004,SKU0128,285,75,2026-08-29
S004,SKU0129,273,98,2026-08-29
S004,SKU0130,349,34,2026-08-29
S004,SKU0131,120,55,2026-08-29
S004,SKU0132,319,77,2026-08-29
S004,SKU0133,277,36,2026-08-29
S004,SKU0134,401,69,2026-08-29
S004,SKU0135,444,2,2026-08-29
S004,SKU0136,487,20,2026-08-29
S004,SKU0137,64,4,2026-08-29
S004,SKU0138,435,42,2026-08-29
S004,SKU0139,408,4,2026-08-29
S004,SKU0140,487,77,2026-08-29
S004,SKU0141,354,93,2026-08-29
S004,SKU0142,117,84,2026-08-29
S004,SKU0143,430,69,2026-08-29
S004,SKU0144,221,92,2026-08-29
S004,SKU0145,306,91,2026-08-29
S004,SKU0146,354,32,2026-08-29
S004,SKU0147,259,37,2026-08-29
S004,SKU0148,331,16,2026-08-29
S004,SKU0149,152,77,2026-08-29
S004,SKU0150,172,94,2026-08-29
S004,SKU0151,312,65,2026-08-29
S004,SKU0152,283,80,2026-08-29
S004,SKU0153,33,82,2026-08-29
S004,SKU0154,43,36,2026-08-29
S004,SKU0155,177,57,2026-08-29
S004,SKU0156,320,69,2026-08-29
S004,SKU0157,259,58,2026-08-29
S004,SKU0158,492,96,2026-08-29
S004,SKU0159,467,4,2026-08-29
S004,SKU0160,355,83,2026-08-29
S004,SKU0161,225,11,2026-08-29
S004,SKU0162,182,22,2026-08-29
S004,SKU0163,120,69,2026-08-29
S004,SKU0164,205,57,2026-08-29
S004,SKU0165,199,61,2026-08-29
S004,SKU0166,100,69,2026-08-29
S004,SKU0167,393,84,2026-08-29
S004,SKU0168,95,3,2026-08-29
S004,SKU0169,478,78,2026-08-29
S004,SKU0170,231,35,2026-08-29
S004,SKU0171,194,99,2026-08-29
S004,SKU0172,39,78,2026-08-29
S004,SKU0173,32,92,2026-08-29
S004,SKU0174,321,84,2026-08-29
S004,SKU0175,498,59,2026-08-29
S004,SKU0176,253,78,2026-08-29
S004,SKU0177,272,63,2026-08-29
S004,SKU0178,196,69,2026-08-29
S004,SKU0179,76,79,2026-08-29
S004,SKU0180,294,55,2026-08-29
S004,SKU0181,258,63,2026-08-29
S004,SKU0182,367,19,2026-08-29
S004,SKU0183,428,16,2026-08-29
S004,SKU0184,163,66,2026-08-29
S004,SKU0185,295,25,2026-08-29
S004,SKU0186,252,95,2026-08-29
S004,SKU0187,19,82,2026-08-29
S004,SKU0188,272,40,2026-08-29
S004,SKU0189,348,67,2026-08-29
S004,SKU0190,0,51,2026-08-29
S004,SKU0191,329,23,2026-08-29
S004,SKU0192,349,80,2026-08-29
S004,SKU0193,405,30,2026-08-29
S004,SKU0194,188,6,2026-08-29
S004,SKU0195,356,34,2026-08-29
S004,SKU0196,452,3,2026-08-29
S004,SKU0197,339,46,2026-08-29
S004,SKU0198,386,49,2026-08-29
S004,SKU0199,195,93,2026-08-29
S004,SKU0200,317,42,2026-08-29
S005,SKU0001,351,58,2026-08-29
S005,SKU0002,291,4,2026-08-29
S005,SKU0003,15,86,2026-08-29
S005,SKU0004,63,21,2026-08-29
S005,SKU0005,143,69,2026-08-29
S005,SKU0006,90,99,2026-08-29
S005,SKU0007,382,43,2026-08-29
S005,SKU0008,436,47,2026-08-29
S005,SKU0009,137,32,2026-08-29
S005,SKU0010,93,67,2026-08-29
S005,SKU0011,201,58,2026-08-29
S005,SKU0012,303,50,2026-08-29
S005,SKU0013,100,17,2026-08-29
S005,SKU0014,180,78,2026-08-29
S005,SKU0015,150,23,2026-08-29
S005,SKU0016,326,31,2026-08-29
S005,SKU0017,324,17,2026-08-29
S005,SKU0018,349,68,2026-08-29
S005,SKU0019,378,73,2026-08-29
S005,SKU0020,433,34,2026-08-29
S005,SKU0021,404,50,2026-08-29
S005,SKU0022,425,28,2026-08-29
S005,SKU0023,443,24,2026-08-29
S005,SKU0024,279,73,2026-08-29
S005,SKU0025,478,13,2026-08-29
S005,SKU0026,174,51,2026-08-29
S005,SKU0027,84,33,2026-08-29
S005,SKU0028,40,87,2026-08-29
S005,SKU0029,348,41,2026-08-29
S005,SKU0030,95,68,2026-08-29
S005,SKU0031,389,43,2026-08-29
S005,SKU0032,369,61,2026-08-29
S005,SKU0033,91,43,2026-08-29
S005,SKU0034,199,21,2026-08-29
S005,SKU0035,495,73,2026-08-29
S005,SKU0036,87,51,2026-08-29
S005,SKU0037,484,75,2026-08-29
S005,SKU0038,113,88,2026-08-29
S005,SKU0039,113,43,2026-08-29
S005,SKU0040,271,77,2026-08-29
S005,SKU0041,400,87,2026-08-29
S005,SKU0042,189,13,2026-08-29
S005,SKU0043,114,64,2026-08-29
S005,SKU0044,54,71,2026-08-29
S005,SKU0045,363,50,2026-08-29
S005,SKU0046,189,46,2026-08-29
S005,SKU0047,13,82,2026-08-29
S005,SKU0048,250,66,2026-08-29
S005,SKU0049,134,49,2026-08-29
S005,SKU0050,486,71,2026-08-29
S005,SKU0051,166,2,2026-08-29
S005,SKU0052,312,41,2026-08-29
S005,SKU0053,387,62,2026-08-29
S005,SKU0054,395,87,2026-08-29
S005,SKU0055,147,33,2026-08-29
S005,SKU0056,114,0,2026-08-29
S005,SKU0057,99,39,2026-08-29
S005,SKU0058,321,79,2026-08-29
S005,SKU0059,61,86,2026-08-29
S005,SKU0060,457,65,2026-08-29
S005,SKU0061,422,73,2026-08-29
S005,SKU0062,38,14,2026-08-29
S005,SKU0063,467,61,2026-08-29
S005,SKU0064,306,61,2026-08-29
S005,SKU0065,84,6,2026-08-29
S005,SKU0066,101,66,2026-08-29
S005,SKU0067,426,90,2026-08-29
S005,SKU0068,170,74,2026-08-29
S005,SKU0069,120,34,2026-08-29
S005,SKU0070,406,4,2026-08-29
S005,SKU0071,44,46,2026-08-29
S005,SKU0072,107,50,2026-08-29
S005,SKU0073,157,11,2026-08-29
S005,SKU0074,166,37,2026-08-29
S005,SKU0075,232,13,2026-08-29
S005,SKU0076,167,41,2026-08-29
S005,SKU0077,103,13,2026-08-29
S005,SKU0078,110,93,2026-08-29
S005,SKU0079,88,46,2026-08-29
S005,SKU0080,317,27,2026-08-29
S005,SKU0081,418,53,2026-08-29
S005,SKU0082,243,93,2026-08-29
S005,SKU0083,433,67,2026-08-29
S005,SKU0084,49,30,2026-08-29
S005,SKU0085,408,54,2026-08-29
S005,SKU0086,229,40,2026-08-29
S005,SKU0087,23,2,2026-08-29
S005,SKU0088,491,79,2026-08-29
S005,SKU0089,136,19,2026-08-29
S005,SKU0090,356,82,2026-08-29
S005,SKU0091,410,13,2026-08-29
S005,SKU0092,145,98,2026-08-29
S005,SKU0093,405,11,2026-08-29
S005,SKU0094,18,99,2026-08-29
S005,SKU0095,181,22,2026-08-29
S005,SKU0096,233,49,2026-08-29
S005,SKU0097,315,67,2026-08-29
S005,SKU0098,485,15,2026-08-29
S005,SKU0099,356,75,2026-08-29
S005,SKU0100,268,60,2026-08-29
S005,SKU0101,287,7,2026-08-29
S005,SKU0102,309,93,2026-08-29
S005,SKU0103,427,16,2026-08-29
S005,SKU0104,387,61,2026-08-29
S005,SKU0105,3,34,2026-08-29
S005,SKU0106,184,16,2026-08-29
S005,SKU0107,120,65,2026-08-29
S005,SKU0108,269,71,2026-08-29
S005,SKU0109,438,98,2026-08-29
S005,SKU0110,178,51,2026-08-29
S005,SKU0111,83,17,2026-08-29
S005,SKU0112,478,42,2026-08-29
S005,SKU0113,285,99,2026-08-29
S005,SKU0114,219,53,2026-08-29
S005,SKU0115,29,41,2026-08-29
S005,SKU0116,442,98,2026-08-29
S005,SKU0117,298,64,2026-08-29
S005,SKU0118,212,96,2026-08-29
S005,SKU0119,230,68,2026-08-29
S005,SKU0120,226,35,2026-08-29
S005,SKU0121,152,21,2026-08-29
S005,SKU0122,70,63,2026-08-29
S005,SKU0123,361,43,2026-08-29
S005,SKU0124,261,43,2026-08-29
S005,SKU0125,379,85,2026-08-29
S005,SKU0126,143,69,2026-08-29
S005,SKU0127,323,43,2026-08-29
S005,SKU0128,375,75,2026-08-29
S005,SKU0129,216,46,2026-08-29
S005,SKU0130,407,40,2026-08-29
S005,SKU0131,403,91,2026-08-29
S005,SKU0132,430,78,2026-08-29
S005,SKU0133,147,22,2026-08-29
S005,SKU0134,257,16,2026-08-29
S005,SKU0135,155,78,2026-08-29
S005,SKU0136,466,15,2026-08-29
S005,SKU0137,495,10,2026-08-29
S005,SKU0138,415,88,2026-08-29
S005,SKU0139,219,42,2026-08-29
S005,SKU0140,13,17,2026-08-29
S005,SKU0141,477,0,2026-08-29
S005,SKU0142,451,5,2026-08-29
S005,SKU0143,21,19,2026-08-29
S005,SKU0144,410,39,2026-08-29
S005,SKU0145,190,81,2026-08-29
S005,SKU0146,117,75,2026-08-29
S005,SKU0147,331,29,2026-08-29
S005,SKU0148,37,30,2026-08-29
S005,SKU0149,67,82,2026-08-29
S005,SKU0150,449,14,2026-08-29
S005,SKU0151,409,41,2026-08-29
S005,SKU0152,444,40,2026-08-29
S005,SKU0153,35,26,2026-08-29
S005,SKU0154,2,41,2026-08-29
S005,SKU0155,174,61,2026-08-29
S005,SKU0156,17,66,2026-08-29
S005,SKU0157,104,81,2026-08-29
S005,SKU0158,324,54,2026-08-29
S005,SKU0159,284,94,2026-08-29
S005,SKU0160,93,87,2026-08-29
S005,SKU0161,51,36,2026-08-29
S005,SKU0162,155,36,2026-08-29
S005,SKU0163,435,66,2026-08-29
S005,SKU0164,268,78,2026-08-29
S005,SKU0165,196,49,2026-08-29
S005,SKU0166,300,79,2026-08-29
S005,SKU0167,366,62,2026-08-29
S005,SKU0168,73,63,2026-08-29
S005,SKU0169,493,88,2026-08-29
S005,SKU0170,479,28,2026-08-29
S005,SKU0171,216,57,2026-08-29
S005,SKU0172,460,81,2026-08-29
S005,SKU0173,403,56,2026-08-29
S005,SKU0174,368,37,2026-08-29
S005,SKU0175,329,52,2026-08-29
S005,SKU0176,76,95,2026-08-29
S005,SKU0177,3,16,2026-08-29
S005,SKU0178,187,65,2026-08-29
S005,SKU0179,378,90,2026-08-29
S005,SKU0180,85,47,2026-08-29
S005,SKU0181,147,26,2026-08-29
S005,SKU0182,486,8,2026-08-29
S005,SKU0183,269,27,2026-08-29
S005,SKU0184,412,22,2026-08-29
S005,SKU0185,362,69,2026-08-29
S005,SKU0186,413,13,2026-08-29
S005,SKU0187,377,17,2026-08-29
S005,SKU0188,97,8,2026-08-29
S005,SKU0189,64,25,2026-08-29
S005,SKU0190,310,18,2026-08-29
S005,SKU0191,449,82,2026-08-29
S005,SKU0192,3,80,2026-08-29
S005,SKU0193,156,79,2026-08-29
S005,SKU0194,47,7,2026-08-29
S005,SKU0195,193,94,2026-08-29
S005,SKU0196,4,11,2026-08-29
S005,SKU0197,266,31,2026-08-29
S005,SKU0198,212,33,2026-08-29
S005,SKU0199,250,20,2026-08-29
S005,SKU0200,104,91,2026-08-29
S006,SKU0001,283,59,2026-08-29
S006,SKU0002,176,3,2026-08-29
S006,SKU0003,272,21,2026-08-29
S006,SKU0004,392,60,2026-08-29
S006,SKU0005,206,66,2026-08-29
S006,SKU0006,361,11,2026-08-29
S006,SKU0007,340,58,2026-08-29
S006,SKU0008,90,100,2026-08-29
S006,SKU0009,92,44,2026-08-29
S006,SKU0010,245,59,2026-08-29
S006,SKU0011,164,33,2026-08-29
S006,SKU0012,382,46,2026-08-29
S006,SKU0013,287,80,2026-08-29
S006,SKU0014,136,61,2026-08-29
S006,SKU0015,69,48,2026-08-29
S006,SKU0016,79,73,2026-08-29
S006,SKU0017,482,4,2026-08-29
S006,SKU0018,166,18,2026-08-29
S006,SKU0019,316,11,2026-08-29
S006,SKU0020,261,99,2026-08-29
S006,SKU0021,437,85,2026-08-29
S006,SKU0022,379,58,2026-08-29
S006,SKU0023,195,84,2026-08-29
S006,SKU0024,283,30,2026-08-29
S006,SKU0025,373,13,2026-08-29
S006,SKU0026,200,6,2026-08-29
S006,SKU0027,281,23,2026-08-29
S006,SKU0028,367,56,2026-08-29
S006,SKU0029,491,15,2026-08-29
S006,SKU0030,330,60,2026-08-29
S006,SKU0031,89,8,2026-08-29
S006,SKU0032,234,87,2026-08-29
S006,SKU0033,110,25,2026-08-29
S006,SKU0034,226,100,2026-08-29
S006,SKU0035,367,93,2026-08-29
S006,SKU0036,111,72,2026-08-29
S006,SKU0037,335,74,2026-08-29
S006,SKU0038,494,23,2026-08-29
S006,SKU0039,489,3,2026-08-29
S006,SKU0040,166,23,2026-08-29
S006,SKU0041,88,19,2026-08-29
S006,SKU0042,295,72,2026-08-29
S006,SKU0043,465,78,2026-08-29
S006,SKU0044,109,94,2026-08-29
S006,SKU0045,210,21,2026-08-29
S006,SKU0046,489,12,2026-08-29
S006,SKU0047,375,54,2026-08-29
S006,SKU0048,409,41,2026-08-29
S006,SKU0049,336,74,2026-08-29
S006,SKU0050,38,81,2026-08-29
S006,SKU0051,155,30,2026-08-29
S006,SKU0052,283,70,2026-08-29
S006,SKU0053,73,30,2026-08-29
S006,SKU0054,459,21,2026-08-29
S006,SKU0055,166,83,2026-08-29
S006,SKU0056,186,89,2026-08-29
S006,SKU0057,493,31,2026-08-29
S006,SKU0058,404,73,2026-08-29
S006,SKU0059,438,69,2026-08-29
S006,SKU0060,104,40,2026-08-29
S006,SKU0061,284,39,2026-08-29
S006,SKU0062,136,53,2026-08-29
S006,SKU0063,62,62,2026-08-29
S006,SKU0064,371,82,2026-08-29
S006,SKU0065,237,94,2026-08-29
S006,SKU0066,380,63,2026-08-29
S006,SKU0067,112,20,2026-08-29
S006,SKU0068,413,50,2026-08-29
S006,SKU0069,148,31,2026-08-29
S006,SKU0070,482,2,2026-08-29
S006,SKU0071,292,42,2026-08-29
S006,SKU0072,133,32,2026-08-29
S006,SKU0073,295,99,2026-08-29
S006,SKU0074,255,78,2026-08-29
S006,SKU0075,366,92,2026-08-29
S006,SKU0076,59,23,2026-08-29
S006,SKU0077,457,57,2026-08-29
S006,SKU0078,309,74,2026-08-29
S006,SKU0079,224,0,2026-08-29
S006,SKU0080,95,73,2026-08-29
S006,SKU0081,89,56,2026-08-29
S006,SKU0082,35,20,2026-08-29
S006,SKU0083,28,42,2026-08-29
S006,SKU0084,126,85,2026-08-29
S006,SKU0085,461,76,2026-08-29
S006,SKU0086,239,97,2026-08-29
S006,SKU0087,269,63,2026-08-29
S006,SKU0088,368,14,2026-08-29
S006,SKU0089,109,62,2026-08-29
S006,SKU0090,362,41,2026-08-29
S006,SKU0091,70,74,2026-08-29
S006,SKU0092,487,71,2026-08-29
S006,SKU0093,484,66,2026-08-29
S006,SKU0094,124,16,2026-08-29
S006,SKU0095,76,3,2026-08-29
S006,SKU0096,415,86,2026-08-29
S006,SKU0097,385,12,2026-08-29
S006,SKU0098,68,46,2026-08-29
S006,SKU0099,203,93,2026-08-29
S006,SKU0100,404,92,2026-08-29
S006,SKU0101,441,6,2026-08-29
S006,SKU0102,280,24,2026-08-29
S006,SKU0103,88,4,2026-08-29
S006,SKU0104,452,5,2026-08-29
S006,SKU0105,135,97,2026-08-29
S006,SKU0106,283,62,2026-08-29
S006,SKU0107,310,87,2026-08-29
S006,SKU0108,453,59,2026-08-29
S006,SKU0109,265,64,2026-08-29
S006,SKU0110,259,72,2026-08-29
S006,SKU0111,224,44,2026-08-29
S006,SKU0112,350,26,2026-08-29
S006,SKU0113,354,94,2026-08-29
S006,SKU0114,369,90,2026-08-29
S006,SKU0115,449,47,2026-08-29
S006,SKU0116,341,65,2026-08-29
S006,SKU0117,182,23,2026-08-29
S006,SKU0118,121,81,2026-08-29
S006,SKU0119,273,50,2026-08-29
S006,SKU0120,473,7,2026-08-29
S006,SKU0121,408,96,2026-08-29
S006,SKU0122,404,98,2026-08-29
S006,SKU0123,20,25,2026-08-29
S006,SKU0124,8,35,2026-08-29
S006,SKU0125,500,38,2026-08-29
S006,SKU0126,120,49,2026-08-29
S006,SKU0127,330,10,2026-08-29
S006,SKU0128,417,73,2026-08-29
S006,SKU0129,437,73,2026-08-29
S006,SKU0130,164,14,2026-08-29
S006,SKU0131,235,8,2026-08-29
S006,SKU0132,177,20,2026-08-29
S006,SKU0133,488,26,2026-08-29
S006,SKU0134,446,93,2026-08-29
S006,SKU0135,292,11,2026-08-29
S006,SKU0136,11,99,2026-08-29
S006,SKU0137,76,82,2026-08-29
S006,SKU0138,295,21,2026-08-29
S006,SKU0139,398,93,2026-08-29
S006,SKU0140,482,75,2026-08-29
S006,SKU0141,383,44,2026-08-29
S006,SKU0142,339,3,2026-08-29
S006,SKU0143,47,38,2026-08-29
S006,SKU0144,101,61,2026-08-29
S006,SKU0145,141,83,2026-08-29
S006,SKU0146,444,94,2026-08-29
S006,SKU0147,261,24,2026-08-29
S006,SKU0148,29,78,2026-08-29
S006,SKU0149,421,25,2026-08-29
S006,SKU0150,466,0,2026-08-29
S006,SKU0151,295,53,2026-08-29
S006,SKU0152,240,10,2026-08-29
S006,SKU0153,107,87,2026-08-29
S006,SKU0154,303,63,2026-08-29
S006,SKU0155,47,77,2026-08-29
S006,SKU0156,495,14,2026-08-29
S006,SKU0157,74,50,2026-08-29
S006,SKU0158,24,81,2026-08-29
S006,SKU0159,77,93,2026-08-29
S006,SKU0160,77,14,2026-08-29
S006,SKU0161,106,20,2026-08-29
S006,SKU0162,60,87,2026-08-29
S006,SKU0163,473,89,2026-08-29
S006,SKU0164,491,58,2026-08-29
S006,SKU0165,209,59,2026-08-29
S006,SKU0166,385,84,2026-08-29
S006,SKU0167,71,6,2026-08-29
S006,SKU0168,58,77,2026-08-29
S006,SKU0169,394,95,2026-08-29
S006,SKU0170,344,11,2026-08-29
S006,SKU0171,59,14,2026-08-29
S006,SKU0172,195,51,2026-08-29
S006,SKU0173,53,16,2026-08-29
S006,SKU0174,467,23,2026-08-29
S006,SKU0175,21,15,2026-08-29
S006,SKU0176,316,92,2026-08-29
S006,SKU0177,16,57,2026-08-29
S006,SKU0178,69,92,2026-08-29
S006,SKU0179,175,84,2026-08-29
S006,SKU0180,380,67,2026-08-29
S006,SKU0181,389,56,2026-08-29
S006,SKU0182,477,31,2026-08-29
S006,SKU0183,101,79,2026-08-29
S006,SKU0184,382,93,2026-08-29
S006,SKU0185,109,4,2026-08-29
S006,SKU0186,150,73,2026-08-29
S006,SKU0187,98,55,2026-08-29
S006,SKU0188,194,43,2026-08-29
S006,SKU0189,106,68,2026-08-29
S006,SKU0190,6,84,2026-08-29
S006,SKU0191,91,58,2026-08-29
S006,SKU0192,333,85,2026-08-29
S006,SKU0193,415,38,2026-08-29
S006,SKU0194,397,66,2026-08-29
S006,SKU0195,53,19,2026-08-29
S006,SKU0196,391,100,2026-08-29
S006,SKU0197,144,22,2026-08-29
S006,SKU0198,51,11,2026-08-29
S006,SKU0199,145,2,2026-08-29
S006,SKU0200,404,71,2026-08-29
S007,SKU0001,349,50,2026-08-29
S007,SKU0002,320,67,2026-08-29
S007,SKU0003,71,43,2026-08-29
S007,SKU0004,440,1,2026-08-29
S007,SKU0005,295,85,2026-08-29
S007,SKU0006,167,17,2026-08-29
S007,SKU0007,76,76,2026-08-29
S007,SKU0008,146,48,2026-08-29
S007,SKU0009,65,2,2026-08-29
S007,SKU0010,430,75,2026-08-29
S007,SKU0011,99,89,2026-08-29
S007,SKU0012,433,46,2026-08-29
S007,SKU0013,495,44,2026-08-29
S007,SKU0014,369,48,2026-08-29
S007,SKU0015,429,8,2026-08-29
S007,SKU0016,414,94,2026-08-29
S007,SKU0017,376,83,2026-08-29
S007,SKU0018,0,27,2026-08-29
S007,SKU0019,366,85,2026-08-29
S007,SKU0020,291,76,2026-08-29
S007,SKU0021,176,16,2026-08-29
S007,SKU0022,398,88,2026-08-29
S007,SKU0023,298,63,2026-08-29
S007,SKU0024,421,2,2026-08-29
S007,SKU0025,397,12,2026-08-29
S007,SKU0026,117,58,2026-08-29
S007,SKU0027,60,18,2026-08-29
S007,SKU0028,141,24,2026-08-29
S007,SKU0029,217,45,2026-08-29
S007,SKU0030,281,41,2026-08-29
S007,SKU0031,276,46,2026-08-29
S007,SKU0032,198,39,2026-08-29
S007,SKU0033,390,16,2026-08-29
S007,SKU0034,108,3,2026-08-29
S007,SKU0035,132,9,2026-08-29
S007,SKU0036,454,95,2026-08-29
S007,SKU0037,398,19,2026-08-29
S007,SKU0038,13,18,2026-08-29
S007,SKU0039,246,6,2026-08-29
S007,SKU0040,216,15,2026-08-29
S007,SKU0041,185,78,2026-08-29
S007,SKU0042,82,61,2026-08-29
S007,SKU0043,118,71,2026-08-29
S007,SKU0044,253,35,2026-08-29
S007,SKU0045,30,21,2026-08-29
S007,SKU0046,306,79,2026-08-29
S007,SKU0047,31,56,2026-08-29
S007,SKU0048,368,92,2026-08-29
S007,SKU0049,493,10,2026-08-29
S007,SKU0050,220,54,2026-08-29
S007,SKU0051,441,75,2026-08-29
S007,SKU0052,11,52,2026-08-29
S007,SKU0053,116,16,2026-08-29
S007,SKU0054,64,36,2026-08-29
S007,SKU0055,271,83,2026-08-29
S007,SKU0056,483,13,2026-08-29
S007,SKU0057,175,40,2026-08-29
S007,SKU0058,133,20,2026-08-29
S007,SKU0059,423,87,2026-08-29
S007,SKU0060,323,82,2026-08-29
S007,SKU0061,3,28,2026-08-29
S007,SKU0062,359,90,2026-08-29
S007,SKU0063,443,36,2026-08-29
S007,SKU0064,16,31,2026-08-29
S007,SKU0065,30,15,2026-08-29
S007,SKU0066,8,78,2026-08-29
S007,SKU0067,185,51,2026-08-29
S007,SKU0068,489,63,2026-08-29
S007,SKU0069,288,98,2026-08-29
S007,SKU0070,327,57,2026-08-29
S007,SKU0071,188,54,2026-08-29
S007,SKU0072,457,100,2026-08-29
S007,SKU0073,157,79,2026-08-29
S007,SKU0074,33,47,2026-08-29
S007,SKU0075,226,75,2026-08-29
S007,SKU0076,346,99,2026-08-29
S007,SKU0077,178,47,2026-08-29
S007,SKU0078,145,54,2026-08-29
S007,SKU0079,431,22,2026-08-29
S007,SKU0080,484,31,2026-08-29
S007,SKU0081,128,61,2026-08-29
S007,SKU0082,430,13,2026-08-29
S007,SKU0083,70,32,2026-08-29
S007,SKU0084,236,55,2026-08-29
S007,SKU0085,1,14,2026-08-29
S007,SKU0086,22,71,2026-08-29
S007,SKU0087,30,98,2026-08-29
S007,SKU0088,60,100,2026-08-29
S007,SKU0089,263,15,2026-08-29
S007,SKU0090,19,26,2026-08-29
S007,SKU0091,13,94,2026-08-29
S007,SKU0092,405,52,2026-08-29
S007,SKU0093,283,29,2026-08-29
S007,SKU0094,51,57,2026-08-29
S007,SKU0095,204,35,2026-08-29
S007,SKU0096,390,11,2026-08-29
S007,SKU0097,250,20,2026-08-29
S007,SKU0098,216,66,2026-08-29
S007,SKU0099,21,69,2026-08-29
S007,SKU0100,6,66,2026-08-29
S007,SKU0101,49,93,2026-08-29
S007,SKU0102,343,46,2026-08-29
S007,SKU0103,229,13,2026-08-29
S007,SKU0104,75,75,2026-08-29
S007,SKU0105,15,92,2026-08-29
S007,SKU0106,55,43,2026-08-29
S007,SKU0107,360,7,2026-08-29
S007,SKU0108,237,10,2026-08-29
S007,SKU0109,100,65,2026-08-29
S007,SKU0110,21,52,2026-08-29
S007,SKU0111,231,13,2026-08-29
S007,SKU0112,126,6,2026-08-29
S007,SKU0113,236,91,2026-08-29
S007,SKU0114,117,42,2026-08-29
S007,SKU0115,40,6,2026-08-29
S007,SKU0116,416,36,2026-08-29
S007,SKU0117,184,67,2026-08-29
S007,SKU0118,488,35,2026-08-29
S007,SKU0119,251,38,2026-08-29
S007,SKU0120,102,51,2026-08-29
S007,SKU0121,89,14,2026-08-29
S007,SKU0122,360,25,2026-08-29
S007,SKU0123,12,2,2026-08-29
S007,SKU0124,289,55,2026-08-29
S007,SKU0125,93,44,2026-08-29
S007,SKU0126,272,67,2026-08-29
S007,SKU0127,346,45,2026-08-29
S007,SKU0128,228,54,2026-08-29
S007,SKU0129,360,54,2026-08-29
S007,SKU0130,305,32,2026-08-29
S007,SKU0131,254,3,2026-08-29
S007,SKU0132,104,15,2026-08-29
S007,SKU0133,287,0,2026-08-29
S007,SKU0134,170,25,2026-08-29
S007,SKU0135,343,99,2026-08-29
S007,SKU0136,102,77,2026-08-29
S007,SKU0137,206,20,2026-08-29
S007,SKU0138,421,56,2026-08-29
S007,SKU0139,472,32,2026-08-29
S007,SKU0140,429,55,2026-08-29
S007,SKU0141,455,50,2026-08-29
S007,SKU0142,223,19,2026-08-29
S007,SKU0143,40,45,2026-08-29
S007,SKU0144,299,8,2026-08-29
S007,SKU0145,268,30,2026-08-29
S007,SKU0146,425,17,2026-08-29
S007,SKU0147,358,60,2026-08-29
S007,SKU0148,9,4,2026-08-29
S007,SKU0149,29,34,2026-08-29
S007,SKU0150,206,53,2026-08-29
S007,SKU0151,217,12,2026-08-29
S007,SKU0152,159,42,2026-08-29
S007,SKU0153,320,75,2026-08-29
S007,SKU0154,12,96,2026-08-29
S007,SKU0155,34,14,2026-08-29
S007,SKU0156,25,57,2026-08-29
S007,SKU0157,301,62,2026-08-29
S007,SKU0158,341,59,2026-08-29
S007,SKU0159,63,32,2026-08-29
S007,SKU0160,19,2,2026-08-29
S007,SKU0161,383,83,2026-08-29
S007,SKU0162,134,74,2026-08-29
S007,SKU0163,120,69,2026-08-29
S007,SKU0164,393,70,2026-08-29
S007,SKU0165,34,91,2026-08-29
S007,SKU0166,288,96,2026-08-29
S007,SKU0167,358,90,2026-08-29
S007,SKU0168,323,89,2026-08-29
S007,SKU0169,138,73,2026-08-29
S007,SKU0170,1,40,2026-08-29
S007,SKU0171,127,85,2026-08-29
S007,SKU0172,362,8,2026-08-29
S007,SKU0173,162,100,2026-08-29
S007,SKU0174,88,5,2026-08-29
S007,SKU0175,130,78,2026-08-29
S007,SKU0176,311,64,2026-08-29
S007,SKU0177,19,75,2026-08-29
S007,SKU0178,152,82,2026-08-29
S007,SKU0179,425,76,2026-08-29
S007,SKU0180,420,63,2026-08-29
S007,SKU0181,475,50,2026-08-29
S007,SKU0182,401,77,2026-08-29
S007,SKU0183,270,63,2026-08-29
S007,SKU0184,327,28,2026-08-29
S007,SKU0185,331,8,2026-08-29
S007,SKU0186,101,59,2026-08-29
S007,SKU0187,302,56,2026-08-29
S007,SKU0188,350,15,2026-08-29
S007,SKU0189,416,53,2026-08-29
S007,SKU0190,195,77,2026-08-29
S007,SKU0191,284,95,2026-08-29
S007,SKU0192,149,13,2026-08-29
S007,SKU0193,210,48,2026-08-29
S007,SKU0194,489,12,2026-08-29
S007,SKU0195,76,27,2026-08-29
S007,SKU0196,248,36,2026-08-29
S007,SKU0197,487,6,2026-08-29
S007,SKU0198,248,61,2026-08-29
S007,SKU0199,292,34,2026-08-29
S007,SKU0200,127,29,2026-08-29
S008,SKU0001,425,22,2026-08-29
S008,SKU0002,390,41,2026-08-29
S008,SKU0003,223,23,2026-08-29
S008,SKU0004,107,94,2026-08-29
S008,SKU0005,352,65,2026-08-29
S008,SKU0006,342,75,2026-08-29
S008,SKU0007,304,37,2026-08-29
S008,SKU0008,298,72,2026-08-29
S008,SKU0009,466,14,2026-08-29
S008,SKU0010,312,57,2026-08-29
S008,SKU0011,413,1,2026-08-29
S008,SKU0012,34,91,2026-08-29
S008,SKU0013,421,33,2026-08-29
S008,SKU0014,84,55,2026-08-29
S008,SKU0015,434,84,2026-08-29
S008,SKU0016,71,3,2026-08-29
S008,SKU0017,109,59,2026-08-29
S008,SKU0018,26,65,2026-08-29
S008,SKU0019,235,69,2026-08-29
S008,SKU0020,432,21,2026-08-29
S008,SKU0021,54,11,2026-08-29
S008,SKU0022,210,7,2026-08-29
S008,SKU0023,430,20,2026-08-29
S008,SKU0024,338,85,2026-08-29
S008,SKU0025,337,3,2026-08-29
S008,SKU0026,322,84,2026-08-29
S008,SKU0027,321,33,2026-08-29
S008,SKU0028,48,69,2026-08-29
S008,SKU0029,483,10,2026-08-29
S008,SKU0030,120,47,2026-08-29
S008,SKU0031,350,89,2026-08-29
S008,SKU0032,384,78,2026-08-29
S008,SKU0033,292,65,2026-08-29
S008,SKU0034,304,64,2026-08-29
S008,SKU0035,453,99,2026-08-29
S008,SKU0036,299,57,2026-08-29
S008,SKU0037,461,18,2026-08-29
S008,SKU0038,459,14,2026-08-29
S008,SKU0039,42,56,2026-08-29
S008,SKU0040,492,2,2026-08-29
S008,SKU0041,374,68,2026-08-29
S008,SKU0042,257,80,2026-08-29
S008,SKU0043,300,37,2026-08-29
S008,SKU0044,475,84,2026-08-29
S008,SKU0045,260,3,2026-08-29
S008,SKU0046,417,9,2026-08-29
S008,SKU0047,496,69,2026-08-29
S008,SKU0048,475,51,2026-08-29
S008,SKU0049,457,33,2026-08-29
S008,SKU0050,155,68,2026-08-29
S008,SKU0051,70,20,2026-08-29
S008,SKU0052,388,15,2026-08-29
S008,SKU0053,231,45,2026-08-29
S008,SKU0054,267,65,2026-08-29
S008,SKU0055,377,29,2026-08-29
S008,SKU0056,292,56,2026-08-29
S008,SKU0057,497,64,2026-08-29
S008,SKU0058,191,56,2026-08-29
S008,SKU0059,477,1,2026-08-29
S008,SKU0060,276,22,2026-08-29
S008,SKU0061,31,3,2026-08-29
S008,SKU0062,132,69,2026-08-29
S008,SKU0063,23,53,2026-08-29
S008,SKU0064,242,40,2026-08-29
S008,SKU0065,242,85,2026-08-29
S008,SKU0066,47,23,2026-08-29
S008,SKU0067,431,24,2026-08-29
S008,SKU0068,194,72,2026-08-29
S008,SKU0069,43,38,2026-08-29
S008,SKU0070,304,51,2026-08-29
S008,SKU0071,46,97,2026-08-29
S008,SKU0072,331,85,2026-08-29
S008,SKU0073,43,20,2026-08-29
S008,SKU0074,261,63,2026-08-29
S008,SKU0075,345,75,2026-08-29
S008,SKU0076,138,21,2026-08-29
S008,SKU0077,307,85,2026-08-29
S008,SKU0078,216,71,2026-08-29
S008,SKU0079,462,64,2026-08-29
S008,SKU0080,77,59,2026-08-29
S008,SKU0081,371,96,2026-08-29
S008,SKU0082,200,74,2026-08-29
S008,SKU0083,482,85,2026-08-29
S008,SKU0084,476,61,2026-08-29
S008,SKU0085,340,81,2026-08-29
S008,SKU0086,25,34,2026-08-29
S008,SKU0087,22,75,2026-08-29
S008,SKU0088,181,29,2026-08-29
S008,SKU0089,365,15,2026-08-29
S008,SKU0090,132,11,2026-08-29
S008,SKU0091,404,74,2026-08-29
S008,SKU0092,216,14,2026-08-29
S008,SKU0093,181,54,2026-08-29
S008,SKU0094,22,63,2026-08-29
S008,SKU0095,460,70,2026-08-29
S008,SKU0096,328,31,2026-08-29
S008,SKU0097,90,62,2026-08-29
S008,SKU0098,145,86,2026-08-29
S008,SKU0099,457,88,2026-08-29
S008,SKU0100,283,71,2026-08-29
S008,SKU0101,114,42,2026-08-29
S008,SKU0102,370,48,2026-08-29
S008,SKU0103,181,13,2026-08-29
S008,SKU0104,398,58,2026-08-29
S008,SKU0105,297,84,2026-08-29
S008,SKU0106,343,82,2026-08-29
S008,SKU0107,203,23,2026-08-29
S008,SKU0108,149,81,2026-08-29
S008,SKU0109,23,77,2026-08-29
S008,SKU0110,474,53,2026-08-29
S008,SKU0111,359,81,2026-08-29
S008,SKU0112,144,78,2026-08-29
S008,SKU0113,192,49,2026-08-29
S008,SKU0114,279,31,2026-08-29
S008,SKU0115,368,33,2026-08-29
S008,SKU0116,479,78,2026-08-29
S008,SKU0117,219,3,2026-08-29
S008,SKU0118,136,57,2026-08-29
S008,SKU0119,261,39,2026-08-29
S008,SKU0120,77,8,2026-08-29
S008,SKU0121,227,1,2026-08-29
S008,SKU0122,78,71,2026-08-29
S008,SKU0123,173,13,2026-08-29
S008,SKU0124,197,18,2026-08-29
S008,SKU0125,81,45,2026-08-29
S008,SKU0126,296,97,2026-08-29
S008,SKU0127,124,80,2026-08-29
S008,SKU0128,208,35,2026-08-29
S008,SKU0129,277,69,2026-08-29
S008,SKU0130,64,0,2026-08-29
S008,SKU0131,257,73,2026-08-29
S008,SKU0132,491,99,2026-08-29
S008,SKU0133,113,34,2026-08-29
S008,SKU0134,273,51,2026-08-29
S008,SKU0135,272,89,2026-08-29
S008,SKU0136,256,29,2026-08-29
S008,SKU0137,314,5,2026-08-29
S008,SKU0138,450,55,2026-08-29
S008,SKU0139,70,33,2026-08-29
S008,SKU0140,202,61,2026-08-29
S008,SKU0141,77,96,2026-08-29
S008,SKU0142,269,56,2026-08-29
S008,SKU0143,308,73,2026-08-29
S008,SKU0144,34,54,2026-08-29
S008,SKU0145,11,79,2026-08-29
S008,SKU0146,426,8,2026-08-29
S008,SKU0147,45,38,2026-08-29
S008,SKU0148,37,27,2026-08-29
S008,SKU0149,424,14,2026-08-29
S008,SKU0150,300,96,2026-08-29
S008,SKU0151,371,31,2026-08-29
S008,SKU0152,183,84,2026-08-29
S008,SKU0153,386,76,2026-08-29
S008,SKU0154,327,20,2026-08-29
S008,SKU0155,420,26,2026-08-29
S008,SKU0156,365,52,2026-08-29
S008,SKU0157,55,29,2026-08-29
S008,SKU0158,109,60,2026-08-29
S008,SKU0159,368,52,2026-08-29
S008,SKU0160,457,0,2026-08-29
S008,SKU0161,174,23,2026-08-29
S008,SKU0162,127,5,2026-08-29
S008,SKU0163,470,32,2026-08-29
S008,SKU0164,164,71,2026-08-29
S008,SKU0165,261,12,2026-08-29
S008,SKU0166,205,42,2026-08-29
S008,SKU0167,399,89,2026-08-29
S008,SKU0168,11,21,2026-08-29
S008,SKU0169,184,35,2026-08-29
S008,SKU0170,384,38,2026-08-29
S008,SKU0171,253,18,2026-08-29
S008,SKU0172,134,15,2026-08-29
S008,SKU0173,315,12,2026-08-29
S008,SKU0174,219,40,2026-08-29
S008,SKU0175,332,4,2026-08-29
S008,SKU0176,446,24,2026-08-29
S008,SKU0177,356,37,2026-08-29
S008,SKU0178,140,3,2026-08-29
S008,SKU0179,403,72,2026-08-29
S008,SKU0180,213,51,2026-08-29
S008,SKU0181,432,8,2026-08-29
S008,SKU0182,240,96,2026-08-29
S008,SKU0183,379,61,2026-08-29
S008,SKU0184,459,95,2026-08-29
S008,SKU0185,33,98,2026-08-29
S008,SKU0186,264,16,2026-08-29
S008,SKU0187,358,33,2026-08-29
S008,SKU0188,304,68,2026-08-29
S008,SKU0189,293,96,2026-08-29
S008,SKU0190,279,80,2026-08-29
S008,SKU0191,21,69,2026-08-29
S008,SKU0192,277,93,2026-08-29
S008,SKU0193,1,51,2026-08-29
S008,SKU0194,236,70,2026-08-29
S008,SKU0195,74,12,2026-08-29
S008,SKU0196,139,10,2026-08-29
S008,SKU0197,226,34,2026-08-29
S008,SKU0198,211,66,2026-08-29
S008,SKU0199,434,13,2026-08-29
S008,SKU0200,403,28,2026-08-29
S009,SKU0001,429,41,2026-08-29
S009,SKU0002,318,23,2026-08-29
S009,SKU0003,470,50,2026-08-29
S009,SKU0004,320,48,2026-08-29
S009,SKU0005,484,33,2026-08-29
S009,SKU0006,279,54,2026-08-29
S009,SKU0007,315,84,2026-08-29
S009,SKU0008,275,79,2026-08-29
S009,SKU0009,412,31,2026-08-29
S009,SKU0010,357,74,2026-08-29
S009,SKU0011,202,89,2026-08-29
S009,SKU0012,316,70,2026-08-29
S009,SKU0013,225,39,2026-08-29
S009,SKU0014,476,64,2026-08-29
S009,SKU0015,195,72,2026-08-29
S009,SKU0016,159,88,2026-08-29
S009,SKU0017,456,11,2026-08-29
S009,SKU0018,167,43,2026-08-29
S009,SKU0019,301,33,2026-08-29
S009,SKU0020,160,84,2026-08-29
S009,SKU0021,25,14,2026-08-29
S009,SKU0022,63,78,2026-08-29
S009,SKU0023,69,92,2026-08-29
S009,SKU0024,306,86,2026-08-29
S009,SKU0025,92,7,2026-08-29
S009,SKU0026,432,87,2026-08-29
S009,SKU0027,399,61,2026-08-29
S009,SKU0028,184,31,2026-08-29
S009,SKU0029,356,48,2026-08-29
S009,SKU0030,455,88,2026-08-29
S009,SKU0031,22,44,2026-08-29
S009,SKU0032,58,9,2026-08-29
S009,SKU0033,242,10,2026-08-29
S009,SKU0034,216,87,2026-08-29
S009,SKU0035,372,7,2026-08-29
S009,SKU0036,116,76,2026-08-29
S009,SKU0037,275,96,2026-08-29
S009,SKU0038,394,71,2026-08-29
S009,SKU0039,413,50,2026-08-29
S009,SKU0040,106,53,2026-08-29
S009,SKU0041,160,31,2026-08-29
S009,SKU0042,210,90,2026-08-29
S009,SKU0043,331,16,2026-08-29
S009,SKU0044,51,65,2026-08-29
S009,SKU0045,296,33,2026-08-29
S009,SKU0046,167,47,2026-08-29
S009,SKU0047,306,7,2026-08-29
S009,SKU0048,194,62,2026-08-29
S009,SKU0049,3,6,2026-08-29
S009,SKU0050,12,76,2026-08-29
S009,SKU0051,335,83,2026-08-29
S009,SKU0052,293,38,2026-08-29
S009,SKU0053,413,17,2026-08-29
S009,SKU0054,152,67,2026-08-29
S009,SKU0055,497,74,2026-08-29
S009,SKU0056,128,22,2026-08-29
S009,SKU0057,24,37,2026-08-29
S009,SKU0058,471,48,2026-08-29
S009,SKU0059,192,87,2026-08-29
S009,SKU0060,442,35,2026-08-29
S009,SKU0061,402,94,2026-08-29
S009,SKU0062,441,71,2026-08-29
S009,SKU0063,314,55,2026-08-29
S009,SKU0064,220,63,2026-08-29
S009,SKU0065,210,6,2026-08-29
S009,SKU0066,167,55,2026-08-29
S009,SKU0067,134,20,2026-08-29
S009,SKU0068,7,39,2026-08-29
S009,SKU0069,161,54,2026-08-29
S009,SKU0070,442,46,2026-08-29
S009,SKU0071,250,96,2026-08-29
S009,SKU0072,226,43,2026-08-29
S009,SKU0073,275,3,2026-08-29
S009,SKU0074,292,57,2026-08-29
S009,SKU0075,400,39,2026-08-29
S009,SKU0076,393,40,2026-08-29
S009,SKU0077,493,28,2026-08-29
S009,SKU0078,98,100,2026-08-29
S009,SKU0079,259,77,2026-08-29
S009,SKU0080,14,54,2026-08-29
S009,SKU0081,66,31,2026-08-29
S009,SKU0082,438,100,2026-08-29
S009,SKU0083,189,33,2026-08-29
S009,SKU0084,409,51,2026-08-29
S009,SKU0085,448,48,2026-08-29
S009,SKU0086,401,16,2026-08-29
S009,SKU0087,437,81,2026-08-29
S009,SKU0088,94,98,2026-08-29
S009,SKU0089,214,43,2026-08-29
S009,SKU0090,358,37,2026-08-29
S009,SKU0091,27,13,2026-08-29
S009,SKU0092,203,80,2026-08-29
S009,SKU0093,171,77,2026-08-29
S009,SKU0094,311,44,2026-08-29
S009,SKU0095,117,6,2026-08-29
S009,SKU0096,4,88,2026-08-29
S009,SKU0097,477,86,2026-08-29
S009,SKU0098,217,20,2026-08-29
S009,SKU0099,438,23,2026-08-29
S009,SKU0100,60,22,2026-08-29
S009,SKU0101,77,37,2026-08-29
S009,SKU0102,92,97,2026-08-29
S009,SKU0103,408,57,2026-08-29
S009,SKU0104,219,61,2026-08-29
S009,SKU0105,355,84,2026-08-29
S009,SKU0106,242,39,2026-08-29
S009,SKU0107,205,17,2026-08-29
S009,SKU0108,391,40,2026-08-29
S009,SKU0109,313,8,2026-08-29
S009,SKU0110,199,3,2026-08-29
S009,SKU0111,53,10,2026-08-29
S009,SKU0112,90,35,2026-08-29
S009,SKU0113,363,12,2026-08-29
S009,SKU0114,47,47,2026-08-29
S009,SKU0115,466,64,2026-08-29
S009,SKU0116,417,32,2026-08-29
S009,SKU0117,273,66,2026-08-29
S009,SKU0118,327,49,2026-08-29
S009,SKU0119,30,0,2026-08-29
S009,SKU0120,389,68,2026-08-29
S009,SKU0121,7,13,2026-08-29
S009,SKU0122,242,75,2026-08-29
S009,SKU0123,264,50,2026-08-29
S009,SKU0124,246,91,2026-08-29
S009,SKU0125,253,71,2026-08-29
S009,SKU0126,65,25,2026-08-29
S009,SKU0127,447,10,2026-08-29
S009,SKU0128,88,73,2026-08-29
S009,SKU0129,304,45,2026-08-29
S009,SKU0130,227,100,2026-08-29
S009,SKU0131,459,1,2026-08-29
S009,SKU0132,476,34,2026-08-29
S009,SKU0133,228,17,2026-08-29
S009,SKU0134,367,52,2026-08-29
S009,SKU0135,405,33,2026-08-29
S009,SKU0136,436,21,2026-08-29
S009,SKU0137,326,54,2026-08-29
S009,SKU0138,38,18,2026-08-29
S009,SKU0139,373,14,2026-08-29
S009,SKU0140,470,21,2026-08-29
S009,SKU0141,27,26,2026-08-29
S009,SKU0142,270,32,2026-08-29
S009,SKU0143,117,94,2026-08-29
S009,SKU0144,388,61,2026-08-29
S009,SKU0145,175,29,2026-08-29
S009,SKU0146,220,44,2026-08-29
S009,SKU0147,356,75,2026-08-29
S009,SKU0148,373,49,2026-08-29
S009,SKU0149,443,96,2026-08-29
S009,SKU0150,272,6,2026-08-29
S009,SKU0151,236,70,2026-08-29
S009,SKU0152,179,81,2026-08-29
S009,SKU0153,86,47,2026-08-29
S009,SKU0154,135,65,2026-08-29
S009,SKU0155,89,39,2026-08-29
S009,SKU0156,65,15,2026-08-29
S009,SKU0157,343,71,2026-08-29
S009,SKU0158,355,96,2026-08-29
S009,SKU0159,119,64,2026-08-29
S009,SKU0160,166,32,2026-08-29
S009,SKU0161,185,96,2026-08-29
S009,SKU0162,486,34,2026-08-29
S009,SKU0163,24,4,2026-08-29
S009,SKU0164,346,54,2026-08-29
S009,SKU0165,130,39,2026-08-29
S009,SKU0166,334,47,2026-08-29
S009,SKU0167,146,83,2026-08-29
S009,SKU0168,239,43,2026-08-29
S009,SKU0169,378,18,2026-08-29
S009,SKU0170,445,25,2026-08-29
S009,SKU0171,432,9,2026-08-29
S009,SKU0172,57,17,2026-08-29
S009,SKU0173,483,24,2026-08-29
S009,SKU0174,78,91,2026-08-29
S009,SKU0175,229,36,2026-08-29
S009,SKU0176,394,68,2026-08-29
S009,SKU0177,314,97,2026-08-29
S009,SKU0178,377,93,2026-08-29
S009,SKU0179,500,62,2026-08-29
S009,SKU0180,349,79,2026-08-29
S009,SKU0181,375,10,2026-08-29
S009,SKU0182,230,56,2026-08-29
S009,SKU0183,461,99,2026-08-29
S009,SKU0184,203,97,2026-08-29
S009,SKU0185,105,31,2026-08-29
S009,SKU0186,340,37,2026-08-29
S009,SKU0187,330,82,2026-08-29
S009,SKU0188,347,95,2026-08-29
S009,SKU0189,85,62,2026-08-29
S009,SKU0190,86,3,2026-08-29
S009,SKU0191,98,71,2026-08-29
S009,SKU0192,275,48,2026-08-29
S009,SKU0193,350,21,2026-08-29
S009,SKU0194,419,9,2026-08-29
S009,SKU0195,459,60,2026-08-29
S009,SKU0196,181,91,2026-08-29
S009,SKU0197,6,83,2026-08-29
S009,SKU0198,277,7,2026-08-29
S009,SKU0199,410,8,2026-08-29
S009,SKU0200,310,100,2026-08-29
S010,SKU0001,198,31,2026-08-29
S010,SKU0002,423,5,2026-08-29
S010,SKU0003,130,42,2026-08-29
S010,SKU0004,365,81,2026-08-29
S010,SKU0005,99,4,2026-08-29
S010,SKU0006,197,77,2026-08-29
S010,SKU0007,405,29,2026-08-29
S010,SKU0008,166,92,2026-08-29
S010,SKU0009,279,64,2026-08-29
S010,SKU0010,424,18,2026-08-29
S010,SKU0011,136,79,2026-08-29
S010,SKU0012,457,29,2026-08-29
S010,SKU0013,169,29,2026-08-29
S010,SKU0014,451,39,2026-08-29
S010,SKU0015,6,4,2026-08-29
S010,SKU0016,439,89,2026-08-29
S010,SKU0017,403,81,2026-08-29
S010,SKU0018,379,13,2026-08-29
S010,SKU0019,263,8,2026-08-29
S010,SKU0020,366,50,2026-08-29
S010,SKU0021,225,60,2026-08-29
S010,SKU0022,258,36,2026-08-29
S010,SKU0023,263,8,2026-08-29
S010,SKU0024,431,54,2026-08-29
S010,SKU0025,176,22,2026-08-29
S010,SKU0026,142,32,2026-08-29
S010,SKU0027,130,85,2026-08-29
S010,SKU0028,489,46,2026-08-29
S010,SKU0029,133,33,2026-08-29
S010,SKU0030,218,6,2026-08-29
S010,SKU0031,422,68,2026-08-29
S010,SKU0032,107,68,2026-08-29
S010,SKU0033,450,46,2026-08-29
S010,SKU0034,352,8,2026-08-29
S010,SKU0035,243,77,2026-08-29
S010,SKU0036,317,27,2026-08-29
S010,SKU0037,230,90,2026-08-29
S010,SKU0038,401,70,2026-08-29
S010,SKU0039,54,1,2026-08-29
S010,SKU0040,328,87,2026-08-29
S010,SKU0041,333,96,2026-08-29
S010,SKU0042,466,92,2026-08-29
S010,SKU0043,342,41,2026-08-29
S010,SKU0044,123,82,2026-08-29
S010,SKU0045,305,15,2026-08-29
S010,SKU0046,75,68,2026-08-29
S010,SKU0047,233,64,2026-08-29
S010,SKU0048,262,84,2026-08-29
S010,SKU0049,130,68,2026-08-29
S010,SKU0050,376,49,2026-08-29
S010,SKU0051,411,79,2026-08-29
S010,SKU0052,290,74,2026-08-29
S010,SKU0053,217,75,2026-08-29
S010,SKU0054,270,65,2026-08-29
S010,SKU0055,397,19,2026-08-29
S010,SKU0056,453,97,2026-08-29
S010,SKU0057,353,76,2026-08-29
S010,SKU0058,31,39,2026-08-29
S010,SKU0059,161,61,2026-08-29
S010,SKU0060,296,89,2026-08-29
S010,SKU0061,68,61,2026-08-29
S010,SKU0062,53,35,2026-08-29
S010,SKU0063,429,57,2026-08-29
S010,SKU0064,348,17,2026-08-29
S010,SKU0065,129,48,2026-08-29
S010,SKU0066,119,4,2026-08-29
S010,SKU0067,414,11,2026-08-29
S010,SKU0068,441,93,2026-08-29
S010,SKU0069,306,69,2026-08-29
S010,SKU0070,382,48,2026-08-29
S010,SKU0071,363,32,2026-08-29
S010,SKU0072,89,34,2026-08-29
S010,SKU0073,67,26,2026-08-29
S010,SKU0074,425,71,2026-08-29
S010,SKU0075,332,28,2026-08-29
S010,SKU0076,303,57,2026-08-29
S010,SKU0077,83,66,2026-08-29
S010,SKU0078,120,30,2026-08-29
S010,SKU0079,290,13,2026-08-29
S010,SKU0080,77,14,2026-08-29
S010,SKU0081,330,84,2026-08-29
S010,SKU0082,281,63,2026-08-29
S010,SKU0083,15,50,2026-08-29
S010,SKU0084,471,20,2026-08-29
S010,SKU0085,483,72,2026-08-29
S010,SKU0086,107,22,2026-08-29
S010,SKU0087,264,65,2026-08-29
S010,SKU0088,473,6,2026-08-29
S010,SKU0089,364,73,2026-08-29
S010,SKU0090,285,27,2026-08-29
S010,SKU0091,85,18,2026-08-29
S010,SKU0092,62,5,2026-08-29
S010,SKU0093,417,14,2026-08-29
S010,SKU0094,7,23,2026-08-29
S010,SKU0095,117,22,2026-08-29
S010,SKU0096,455,0,2026-08-29
S010,SKU0097,8,8,2026-08-29
S010,SKU0098,354,66,2026-08-29
S010,SKU0099,197,59,2026-08-29
S010,SKU0100,222,48,2026-08-29
S010,SKU0101,58,5,2026-08-29
S010,SKU0102,465,3,2026-08-29
S010,SKU0103,260,80,2026-08-29
S010,SKU0104,305,85,2026-08-29
S010,SKU0105,444,71,2026-08-29
S010,SKU0106,470,86,2026-08-29
S010,SKU0107,246,91,2026-08-29
S010,SKU0108,197,15,2026-08-29
S010,SKU0109,5,70,2026-08-29
S010,SKU0110,42,37,2026-08-29
S010,SKU0111,96,47,2026-08-29
S010,SKU0112,196,11,2026-08-29
S010,SKU0113,147,7,2026-08-29
S010,SKU0114,469,92,2026-08-29
S010,SKU0115,120,70,2026-08-29
S010,SKU0116,148,40,2026-08-29
S010,SKU0117,332,31,2026-08-29
S010,SKU0118,328,10,2026-08-29
S010,SKU0119,301,65,2026-08-29
S010,SKU0120,386,6,2026-08-29
S010,SKU0121,402,61,2026-08-29
S010,SKU0122,141,53,2026-08-29
S010,SKU0123,400,96,2026-08-29
S010,SKU0124,392,70,2026-08-29
S010,SKU0125,328,17,2026-08-29
S010,SKU0126,99,40,2026-08-29
S010,SKU0127,158,52,2026-08-29
S010,SKU0128,443,75,2026-08-29
S010,SKU0129,161,86,2026-08-29
S010,SKU0130,404,12,2026-08-29
S010,SKU0131,17,0,2026-08-29
S010,SKU0132,101,93,2026-08-29
S010,SKU0133,395,2,2026-08-29
S010,SKU0134,234,96,2026-08-29
S010,SKU0135,206,23,2026-08-29
S010,SKU0136,1,47,2026-08-29
S010,SKU0137,418,35,2026-08-29
S010,SKU0138,483,42,2026-08-29
S010,SKU0139,487,95,2026-08-29
S010,SKU0140,301,48,2026-08-29
S010,SKU0141,224,9,2026-08-29
S010,SKU0142,169,2,2026-08-29
S010,SKU0143,462,88,2026-08-29
S010,SKU0144,23,55,2026-08-29
S010,SKU0145,221,85,2026-08-29
S010,SKU0146,199,54,2026-08-29
S010,SKU0147,137,11,2026-08-29
S010,SKU0148,37,1,2026-08-29
S010,SKU0149,463,82,2026-08-29
S010,SKU0150,201,47,2026-08-29
S010,SKU0151,153,11,2026-08-29
S010,SKU0152,362,11,2026-08-29
S010,SKU0153,360,28,2026-08-29
S010,SKU0154,144,0,2026-08-29
S010,SKU0155,413,57,2026-08-29
S010,SKU0156,277,41,2026-08-29
S010,SKU0157,51,51,2026-08-29
S010,SKU0158,314,75,2026-08-29
S010,SKU0159,137,98,2026-08-29
S010,SKU0160,316,60,2026-08-29
S010,SKU0161,21,66,2026-08-29
S010,SKU0162,314,1,2026-08-29
S010,SKU0163,188,98,2026-08-29
S010,SKU0164,287,97,2026-08-29
S010,SKU0165,99,55,2026-08-29
S010,SKU0166,214,70,2026-08-29
S010,SKU0167,103,37,2026-08-29
S010,SKU0168,283,18,2026-08-29
S010,SKU0169,193,68,2026-08-29
S010,SKU0170,371,72,2026-08-29
S010,SKU0171,289,79,2026-08-29
S010,SKU0172,207,20,2026-08-29
S010,SKU0173,198,77,2026-08-29
S010,SKU0174,235,100,2026-08-29
S010,SKU0175,7,67,2026-08-29
S010,SKU0176,119,69,2026-08-29
S010,SKU0177,221,71,2026-08-29
S010,SKU0178,284,66,2026-08-29
S010,SKU0179,459,81,2026-08-29
S010,SKU0180,289,15,2026-08-29
S010,SKU0181,241,67,2026-08-29
S010,SKU0182,349,84,2026-08-29
S010,SKU0183,328,62,2026-08-29
S010,SKU0184,400,78,2026-08-29
S010,SKU0185,37,46,2026-08-29
S010,SKU0186,15,47,2026-08-29
S010,SKU0187,411,75,2026-08-29
S010,SKU0188,219,23,2026-08-29
S010,SKU0189,185,58,2026-08-29
S010,SKU0190,432,9,2026-08-29
S010,SKU0191,291,58,2026-08-29
S010,SKU0192,459,48,2026-08-29
S010,SKU0193,11,88,2026-08-29
S010,SKU0194,304,30,2026-08-29
S010,SKU0195,64,2,2026-08-29
S010,SKU0196,482,11,2026-08-29
S010,SKU0197,67,55,2026-08-29
S010,SKU0198,451,89,2026-08-29
S010,SKU0199,391,45,2026-08-29
S010,SKU0200,232,80,2026-08-29
S011,SKU0001,267,73,2026-08-29
S011,SKU0002,286,23,2026-08-29
S011,SKU0003,194,1,2026-08-29
S011,SKU0004,154,10,2026-08-29
S011,SKU0005,283,0,2026-08-29
S011,SKU0006,389,73,2026-08-29
S011,SKU0007,188,17,2026-08-29
S011,SKU0008,481,9,2026-08-29
S011,SKU0009,401,59,2026-08-29
S011,SKU0010,184,42,2026-08-29
S011,SKU0011,261,40,2026-08-29
S011,SKU0012,497,15,2026-08-29
S011,SKU0013,235,62,2026-08-29
S011,SKU0014,233,37,2026-08-29
S011,SKU0015,361,11,2026-08-29
S011,SKU0016,343,95,2026-08-29
S011,SKU0017,70,62,2026-08-29
S011,SKU0018,151,49,2026-08-29
S011,SKU0019,308,23,2026-08-29
S011,SKU0020,401,9,2026-08-29
S011,SKU0021,49,69,2026-08-29
S011,SKU0022,344,82,2026-08-29
S011,SKU0023,282,18,2026-08-29
S011,SKU0024,143,11,2026-08-29
S011,SKU0025,311,91,2026-08-29
S011,SKU0026,303,51,2026-08-29
S011,SKU0027,481,17,2026-08-29
S011,SKU0028,223,34,2026-08-29
S011,SKU0029,90,20,2026-08-29
S011,SKU0030,72,77,2026-08-29
S011,SKU0031,482,61,2026-08-29
S011,SKU0032,171,65,2026-08-29
S011,SKU0033,300,9,2026-08-29
S011,SKU0034,230,6,2026-08-29
S011,SKU0035,415,90,2026-08-29
S011,SKU0036,451,33,2026-08-29
S011,SKU0037,369,93,2026-08-29
S011,SKU0038,187,34,2026-08-29
S011,SKU0039,469,16,2026-08-29
S011,SKU0040,53,70,2026-08-29
S011,SKU0041,177,87,2026-08-29
S011,SKU0042,150,47,2026-08-29
S011,SKU0043,248,5,2026-08-29
S011,SKU0044,163,55,2026-08-29
S011,SKU0045,399,64,2026-08-29
S011,SKU0046,64,0,2026-08-29
S011,SKU0047,432,73,2026-08-29
S011,SKU0048,72,16,2026-08-29
S011,SKU0049,432,46,2026-08-29
S011,SKU0050,254,0,2026-08-29
S011,SKU0051,363,73,2026-08-29
S011,SKU0052,9,93,2026-08-29
S011,SKU0053,25,8,2026-08-29
S011,SKU0054,323,51,2026-08-29
S011,SKU0055,112,90,2026-08-29
S011,SKU0056,460,43,2026-08-29
S011,SKU0057,209,35,2026-08-29
S011,SKU0058,486,6,2026-08-29
S011,SKU0059,235,21,2026-08-29
S011,SKU0060,108,17,2026-08-29
S011,SKU0061,142,60,2026-08-29
S011,SKU0062,90,64,2026-08-29
S011,SKU0063,83,71,2026-08-29
S011,SKU0064,312,41,2026-08-29
S011,SKU0065,454,92,2026-08-29
S011,SKU0066,453,100,2026-08-29
S011,SKU0067,143,0,2026-08-29
S011,SKU0068,29,11,2026-08-29
S011,SKU0069,248,66,2026-08-29
S011,SKU0070,333,66,2026-08-29
S011,SKU0071,93,20,2026-08-29
S011,SKU0072,352,33,2026-08-29
S011,SKU0073,367,57,2026-08-29
S011,SKU0074,123,11,2026-08-29
S011,SKU0075,69,53,2026-08-29
S011,SKU0076,37,49,2026-08-29
S011,SKU0077,482,69,2026-08-29
S011,SKU0078,473,98,2026-08-29
S011,SKU0079,191,0,2026-08-29
S011,SKU0080,246,8,2026-08-29
S011,SKU0081,30,100,2026-08-29
S011,SKU0082,179,71,2026-08-29
S011,SKU0083,328,89,2026-08-29
S011,SKU0084,385,7,2026-08-29
S011,SKU0085,46,14,2026-08-29
S011,SKU0086,294,47,2026-08-29
S011,SKU0087,499,0,2026-08-29
S011,SKU0088,312,22,2026-08-29
S011,SKU0089,432,59,2026-08-29
S011,SKU0090,453,13,2026-08-29
S011,SKU0091,417,84,2026-08-29
S011,SKU0092,44,40,2026-08-29
S011,SKU0093,95,54,2026-08-29
S011,SKU0094,41,95,2026-08-29
S011,SKU0095,450,5,2026-08-29
S011,SKU0096,380,46,2026-08-29
S011,SKU0097,116,56,2026-08-29
S011,SKU0098,27,72,2026-08-29
S011,SKU0099,69,25,2026-08-29
S011,SKU0100,22,4,2026-08-29
S011,SKU0101,236,9,2026-08-29
S011,SKU0102,414,55,2026-08-29
S011,SKU0103,303,40,2026-08-29
S011,SKU0104,348,1,2026-08-29
S011,SKU0105,2,61,2026-08-29
S011,SKU0106,131,89,2026-08-29
S011,SKU0107,424,83,2026-08-29
S011,SKU0108,44,64,2026-08-29
S011,SKU0109,293,100,2026-08-29
S011,SKU0110,159,71,2026-08-29
S011,SKU0111,364,41,2026-08-29
S011,SKU0112,357,37,2026-08-29
S011,SKU0113,116,82,2026-08-29
S011,SKU0114,72,72,2026-08-29
S011,SKU0115,267,59,2026-08-29
S011,SKU0116,211,75,2026-08-29
S011,SKU0117,284,73,2026-08-29
S011,SKU0118,109,52,2026-08-29
S011,SKU0119,176,16,2026-08-29
S011,SKU0120,304,32,2026-08-29
S011,SKU0121,142,60,2026-08-29
S011,SKU0122,392,14,2026-08-29
S011,SKU0123,211,93,2026-08-29
S011,SKU0124,45,79,2026-08-29
S011,SKU0125,406,92,2026-08-29
S011,SKU0126,263,18,2026-08-29
S011,SKU0127,500,60,2026-08-29
S011,SKU0128,103,39,2026-08-29
S011,SKU0129,415,68,2026-08-29
S011,SKU0130,42,27,2026-08-29
S011,SKU0131,461,98,2026-08-29
S011,SKU0132,371,99,2026-08-29
S011,SKU0133,36,4,2026-08-29
S011,SKU0134,132,42,2026-08-29
S011,SKU0135,23,19,2026-08-29
S011,SKU0136,180,99,2026-08-29
S011,SKU0137,287,84,2026-08-29
S011,SKU0138,312,51,2026-08-29
S011,SKU0139,113,87,2026-08-29
S011,SKU0140,93,8,2026-08-29
S011,SKU0141,239,37,2026-08-29
S011,SKU0142,109,100,2026-08-29
S011,SKU0143,404,93,2026-08-29
S011,SKU0144,184,56,2026-08-29
S011,SKU0145,131,67,2026-08-29
S011,SKU0146,391,30,2026-08-29
S011,SKU0147,172,19,2026-08-29
S011,SKU0148,215,67,2026-08-29
S011,SKU0149,30,51,2026-08-29
S011,SKU0150,441,34,2026-08-29
S011,SKU0151,279,55,2026-08-29
S011,SKU0152,19,95,2026-08-29
S011,SKU0153,219,57,2026-08-29
S011,SKU0154,99,75,2026-08-29
S011,SKU0155,280,28,2026-08-29
S011,SKU0156,367,32,2026-08-29
S011,SKU0157,456,38,2026-08-29
S011,SKU0158,476,69,2026-08-29
S011,SKU0159,257,24,2026-08-29
S011,SKU0160,280,38,2026-08-29
S011,SKU0161,495,22,2026-08-29
S011,SKU0162,162,29,2026-08-29
S011,SKU0163,195,80,2026-08-29
S011,SKU0164,496,38,2026-08-29
S011,SKU0165,207,17,2026-08-29
S011,SKU0166,276,6,2026-08-29
S011,SKU0167,169,42,2026-08-29
S011,SKU0168,27,57,2026-08-29
S011,SKU0169,417,56,2026-08-29
S011,SKU0170,474,35,2026-08-29
S011,SKU0171,360,6,2026-08-29
S011,SKU0172,201,46,2026-08-29
S011,SKU0173,229,79,2026-08-29
S011,SKU0174,171,45,2026-08-29
S011,SKU0175,40,46,2026-08-29
S011,SKU0176,491,50,2026-08-29
S011,SKU0177,81,26,2026-08-29
S011,SKU0178,289,23,2026-08-29
S011,SKU0179,373,1,2026-08-29
S011,SKU0180,304,4,2026-08-29
S011,SKU0181,276,42,2026-08-29
S011,SKU0182,461,98,2026-08-29
S011,SKU0183,166,13,2026-08-29
S011,SKU0184,21,63,2026-08-29
S011,SKU0185,322,89,2026-08-29
S011,SKU0186,158,93,2026-08-29
S011,SKU0187,14,85,2026-08-29
S011,SKU0188,307,13,2026-08-29
S011,SKU0189,455,29,2026-08-29
S011,SKU0190,51,10,2026-08-29
S011,SKU0191,51,59,2026-08-29
S011,SKU0192,398,64,2026-08-29
S011,SKU0193,481,49,2026-08-29
S011,SKU0194,48,76,2026-08-29
S011,SKU0195,351,2,2026-08-29
S011,SKU0196,72,42,2026-08-29
S011,SKU0197,412,37,2026-08-29
S011,SKU0198,360,56,2026-08-29
S011,SKU0199,349,49,2026-08-29
S011,SKU0200,27,87,2026-08-29
S012,SKU0001,359,22,2026-08-29
S012,SKU0002,86,81,2026-08-29
S012,SKU0003,12,51,2026-08-29
S012,SKU0004,367,79,2026-08-29
S012,SKU0005,189,29,2026-08-29
S012,SKU0006,161,34,2026-08-29
S012,SKU0007,357,10,2026-08-29
S012,SKU0008,349,22,2026-08-29
S012,SKU0009,0,10,2026-08-29
S012,SKU0010,341,17,2026-08-29
S012,SKU0011,93,56,2026-08-29
S012,SKU0012,461,40,2026-08-29
S012,SKU0013,401,72,2026-08-29
S012,SKU0014,182,7,2026-08-29
S012,SKU0015,5,20,2026-08-29
S012,SKU0016,440,53,2026-08-29
S012,SKU0017,388,89,2026-08-29
S012,SKU0018,470,6,2026-08-29
S012,SKU0019,40,40,2026-08-29
S012,SKU0020,56,43,2026-08-29
S012,SKU0021,109,92,2026-08-29
S012,SKU0022,476,23,2026-08-29
S012,SKU0023,464,44,2026-08-29
S012,SKU0024,494,83,2026-08-29
S012,SKU0025,351,87,2026-08-29
S012,SKU0026,301,33,2026-08-29
S012,SKU0027,225,81,2026-08-29
S012,SKU0028,455,79,2026-08-29
S012,SKU0029,173,4,2026-08-29
S012,SKU0030,224,36,2026-08-29
S012,SKU0031,22,63,2026-08-29
S012,SKU0032,51,97,2026-08-29
S012,SKU0033,226,90,2026-08-29
S012,SKU0034,97,16,2026-08-29
S012,SKU0035,237,76,2026-08-29
S012,SKU0036,281,6,2026-08-29
S012,SKU0037,476,45,2026-08-29
S012,SKU0038,362,95,2026-08-29
S012,SKU0039,302,86,2026-08-29
S012,SKU0040,187,82,2026-08-29
S012,SKU0041,14,29,2026-08-29
S012,SKU0042,341,96,2026-08-29
S012,SKU0043,424,8,2026-08-29
S012,SKU0044,24,1,2026-08-29
S012,SKU0045,201,36,2026-08-29
S012,SKU0046,490,86,2026-08-29
S012,SKU0047,318,27,2026-08-29
S012,SKU0048,496,38,2026-08-29
S012,SKU0049,395,92,2026-08-29
S012,SKU0050,6,26,2026-08-29
S012,SKU0051,353,74,2026-08-29
S012,SKU0052,60,0,2026-08-29
S012,SKU0053,142,44,2026-08-29
S012,SKU0054,64,4,2026-08-29
S012,SKU0055,449,27,2026-08-29
S012,SKU0056,219,5,2026-08-29
S012,SKU0057,259,78,2026-08-29
S012,SKU0058,357,97,2026-08-29
S012,SKU0059,145,8,2026-08-29
S012,SKU0060,36,69,2026-08-29
S012,SKU0061,153,80,2026-08-29
S012,SKU0062,314,12,2026-08-29
S012,SKU0063,489,28,2026-08-29
S012,SKU0064,334,43,2026-08-29
S012,SKU0065,450,78,2026-08-29
S012,SKU0066,315,22,2026-08-29
S012,SKU0067,491,69,2026-08-29
S012,SKU0068,183,44,2026-08-29
S012,SKU0069,389,96,2026-08-29
S012,SKU0070,124,47,2026-08-29
S012,SKU0071,351,72,2026-08-29
S012,SKU0072,174,18,2026-08-29
S012,SKU0073,23,46,2026-08-29
S012,SKU0074,198,9,2026-08-29
S012,SKU0075,17,7,2026-08-29
S012,SKU0076,208,62,2026-08-29
S012,SKU0077,291,73,2026-08-29
S012,SKU0078,6,82,2026-08-29
S012,SKU0079,9,50,2026-08-29
S012,SKU0080,292,54,2026-08-29
S012,SKU0081,482,70,2026-08-29
S012,SKU0082,30,9,2026-08-29
S012,SKU0083,279,49,2026-08-29
S012,SKU0084,367,56,2026-08-29
S012,SKU0085,244,33,2026-08-29
S012,SKU0086,22,99,2026-08-29
S012,SKU0087,356,30,2026-08-29
S012,SKU0088,245,64,2026-08-29
S012,SKU0089,136,88,2026-08-29
S012,SKU0090,348,16,2026-08-29
S012,SKU0091,366,27,2026-08-29
S012,SKU0092,339,24,2026-08-29
S012,SKU0093,291,36,2026-08-29
S012,SKU0094,157,74,2026-08-29
S012,SKU0095,357,47,2026-08-29
S012,SKU0096,441,28,2026-08-29
S012,SKU0097,10,0,2026-08-29
S012,SKU0098,201,62,2026-08-29
S012,SKU0099,234,48,2026-08-29
S012,SKU0100,388,20,2026-08-29
S012,SKU0101,171,41,2026-08-29
S012,SKU0102,4,27,2026-08-29
S012,SKU0103,82,81,2026-08-29
S012,SKU0104,178,1,2026-08-29
S012,SKU0105,37,63,2026-08-29
S012,SKU0106,108,48,2026-08-29
S012,SKU0107,160,32,2026-08-29
S012,SKU0108,66,50,2026-08-29
S012,SKU0109,94,36,2026-08-29
S012,SKU0110,54,58,2026-08-29
S012,SKU0111,275,32,2026-08-29
S012,SKU0112,94,74,2026-08-29
S012,SKU0113,31,80,2026-08-29
S012,SKU0114,95,84,2026-08-29
S012,SKU0115,484,73,2026-08-29
S012,SKU0116,359,99,2026-08-29
S012,SKU0117,76,28,2026-08-29
S012,SKU0118,404,28,2026-08-29
S012,SKU0119,157,42,2026-08-29
S012,SKU0120,438,12,2026-08-29
S012,SKU0121,35,1,2026-08-29
S012,SKU0122,377,100,2026-08-29
S012,SKU0123,16,73,2026-08-29
S012,SKU0124,20,82,2026-08-29
S012,SKU0125,458,53,2026-08-29
S012,SKU0126,429,86,2026-08-29
S012,SKU0127,23,45,2026-08-29
S012,SKU0128,125,0,2026-08-29
S012,SKU0129,326,97,2026-08-29
S012,SKU0130,491,69,2026-08-29
S012,SKU0131,284,52,2026-08-29
S012,SKU0132,261,32,2026-08-29
S012,SKU0133,124,1,2026-08-29
S012,SKU0134,77,14,2026-08-29
S012,SKU0135,45,49,2026-08-29
S012,SKU0136,201,56,2026-08-29
S012,SKU0137,112,17,2026-08-29
S012,SKU0138,315,0,2026-08-29
S012,SKU0139,144,86,2026-08-29
S012,SKU0140,171,58,2026-08-29
S012,SKU0141,171,96,2026-08-29
S012,SKU0142,448,72,2026-08-29
S012,SKU0143,284,69,2026-08-29
S012,SKU0144,230,41,2026-08-29
S012,SKU0145,438,72,2026-08-29
S012,SKU0146,440,23,2026-08-29
S012,SKU0147,44,21,2026-08-29
S012,SKU0148,303,94,2026-08-29
S012,SKU0149,303,98,2026-08-29
S012,SKU0150,216,39,2026-08-29
S012,SKU0151,85,50,2026-08-29
S012,SKU0152,23,29,2026-08-29
S012,SKU0153,488,30,2026-08-29
S012,SKU0154,214,85,2026-08-29
S012,SKU0155,411,22,2026-08-29
S012,SKU0156,408,1,2026-08-29
S012,SKU0157,452,88,2026-08-29
S012,SKU0158,72,58,2026-08-29
S012,SKU0159,189,45,2026-08-29
S012,SKU0160,266,23,2026-08-29
S012,SKU0161,39,32,2026-08-29
S012,SKU0162,236,59,2026-08-29
S012,SKU0163,455,3,2026-08-29
S012,SKU0164,355,76,2026-08-29
S012,SKU0165,64,0,2026-08-29
S012,SKU0166,464,56,2026-08-29
S012,SKU0167,58,11,2026-08-29
S012,SKU0168,410,44,2026-08-29
S012,SKU0169,431,20,2026-08-29
S012,SKU0170,115,91,2026-08-29
S012,SKU0171,384,70,2026-08-29
S012,SKU0172,3,23,2026-08-29
S012,SKU0173,96,55,2026-08-29
S012,SKU0174,358,21,2026-08-29
S012,SKU0175,50,82,2026-08-29
S012,SKU0176,407,77,2026-08-29
S012,SKU0177,371,84,2026-08-29
S012,SKU0178,87,8,2026-08-29
S012,SKU0179,180,67,2026-08-29
S012,SKU0180,402,15,2026-08-29
S012,SKU0181,267,73,2026-08-29
S012,SKU0182,465,62,2026-08-29
S012,SKU0183,370,0,2026-08-29
S012,SKU0184,351,46,2026-08-29
S012,SKU0185,289,12,2026-08-29
S012,SKU0186,222,13,2026-08-29
S012,SKU0187,395,14,2026-08-29
S012,SKU0188,257,55,2026-08-29
S012,SKU0189,108,68,2026-08-29
S012,SKU0190,190,42,2026-08-29
S012,SKU0191,281,70,2026-08-29
S012,SKU0192,41,93,2026-08-29
S012,SKU0193,301,40,2026-08-29
S012,SKU0194,291,95,2026-08-29
S012,SKU0195,237,88,2026-08-29
S012,SKU0196,498,60,2026-08-29
S012,SKU0197,85,90,2026-08-29
S012,SKU0198,353,12,2026-08-29
S012,SKU0199,195,71,2026-08-29
S012,SKU0200,264,5,2026-08-29
S013,SKU0001,362,6,2026-08-29
S013,SKU0002,384,98,2026-08-29
S013,SKU0003,173,30,2026-08-29
S013,SKU0004,245,68,2026-08-29
S013,SKU0005,391,89,2026-08-29
S013,SKU0006,309,27,2026-08-29
S013,SKU0007,34,70,2026-08-29
S013,SKU0008,192,77,2026-08-29
S013,SKU0009,482,19,2026-08-29
S013,SKU0010,260,74,2026-08-29
S013,SKU0011,245,22,2026-08-29
S013,SKU0012,411,65,2026-08-29
S013,SKU0013,141,42,2026-08-29
S013,SKU0014,492,39,2026-08-29
S013,SKU0015,443,6,2026-08-29
S013,SKU0016,336,12,2026-08-29
S013,SKU0017,263,17,2026-08-29
S013,SKU0018,86,92,2026-08-29
S013,SKU0019,386,61,2026-08-29
S013,SKU0020,83,0,2026-08-29
S013,SKU0021,27,22,2026-08-29
S013,SKU0022,282,27,2026-08-29
S013,SKU0023,314,37,2026-08-29
S013,SKU0024,274,16,2026-08-29
S013,SKU0025,320,29,2026-08-29
S013,SKU0026,69,84,2026-08-29
S013,SKU0027,484,19,2026-08-29
S013,SKU0028,30,32,2026-08-29
S013,SKU0029,45,35,2026-08-29
S013,SKU0030,142,62,2026-08-29
S013,SKU0031,142,83,2026-08-29
S013,SKU0032,108,93,2026-08-29
S013,SKU0033,67,95,2026-08-29
S013,SKU0034,440,67,2026-08-29
S013,SKU0035,382,14,2026-08-29
S013,SKU0036,33,53,2026-08-29
S013,SKU0037,498,46,2026-08-29
S013,SKU0038,295,77,2026-08-29
S013,SKU0039,363,25,2026-08-29
S013,SKU0040,358,1,2026-08-29
S013,SKU0041,344,16,2026-08-29
S013,SKU0042,376,80,2026-08-29
S013,SKU0043,376,1,2026-08-29
S013,SKU0044,65,4,2026-08-29
S013,SKU0045,324,26,2026-08-29
S013,SKU0046,25,35,2026-08-29
S013,SKU0047,479,91,2026-08-29
S013,SKU0048,356,19,2026-08-29
S013,SKU0049,112,16,2026-08-29
S013,SKU0050,66,91,2026-08-29
S013,SKU0051,224,63,2026-08-29
S013,SKU0052,183,16,2026-08-29
S013,SKU0053,356,13,2026-08-29
S013,SKU0054,124,47,2026-08-29
S013,SKU0055,367,24,2026-08-29
S013,SKU0056,21,99,2026-08-29
S013,SKU0057,388,16,2026-08-29
S013,SKU0058,257,11,2026-08-29
S013,SKU0059,213,42,2026-08-29
S013,SKU0060,453,6,2026-08-29
S013,SKU0061,208,32,2026-08-29
S013,SKU0062,202,25,2026-08-29
S013,SKU0063,1,87,2026-08-29
S013,SKU0064,422,7,2026-08-29
S013,SKU0065,176,91,2026-08-29
S013,SKU0066,406,76,2026-08-29
S013,SKU0067,118,56,2026-08-29
S013,SKU0068,233,58,2026-08-29
S013,SKU0069,182,50,2026-08-29
S013,SKU0070,462,74,2026-08-29
S013,SKU0071,49,78,2026-08-29
S013,SKU0072,275,28,2026-08-29
S013,SKU0073,67,98,2026-08-29
S013,SKU0074,36,87,2026-08-29
S013,SKU0075,11,83,2026-08-29
S013,SKU0076,82,76,2026-08-29
S013,SKU0077,45,53,2026-08-29
S013,SKU0078,349,87,2026-08-29
S013,SKU0079,500,95,2026-08-29
S013,SKU0080,37,60,2026-08-29
S013,SKU0081,152,48,2026-08-29
S013,SKU0082,442,77,2026-08-29
S013,SKU0083,20,20,2026-08-29
S013,SKU0084,298,95,2026-08-29
S013,SKU0085,489,67,2026-08-29
S013,SKU0086,111,15,2026-08-29
S013,SKU0087,483,100,2026-08-29
S013,SKU0088,14,33,2026-08-29
S013,SKU0089,126,94,2026-08-29
S013,SKU0090,277,35,2026-08-29
S013,SKU0091,34,79,2026-08-29
S013,SKU0092,198,50,2026-08-29
S013,SKU0093,83,19,2026-08-29
S013,SKU0094,290,10,2026-08-29
S013,SKU0095,410,25,2026-08-29
S013,SKU0096,480,15,2026-08-29
S013,SKU0097,214,62,2026-08-29
S013,SKU0098,7,64,2026-08-29
S013,SKU0099,28,46,2026-08-29
S013,SKU0100,207,71,2026-08-29
S013,SKU0101,453,47,2026-08-29
S013,SKU0102,496,53,2026-08-29
S013,SKU0103,430,50,2026-08-29
S013,SKU0104,235,96,2026-08-29
S013,SKU0105,449,5,2026-08-29
S013,SKU0106,196,29,2026-08-29
S013,SKU0107,358,50,2026-08-29
S013,SKU0108,476,19,2026-08-29
S013,SKU0109,43,73,2026-08-29
S013,SKU0110,262,50,2026-08-29
S013,SKU0111,185,46,2026-08-29
S013,SKU0112,30,38,2026-08-29
S013,SKU0113,297,36,2026-08-29
S013,SKU0114,398,97,2026-08-29
S013,SKU0115,401,32,2026-08-29
S013,SKU0116,153,83,2026-08-29
S013,SKU0117,18,56,2026-08-29
S013,SKU0118,494,55,2026-08-29
S013,SKU0119,200,25,2026-08-29
S013,SKU0120,350,39,2026-08-29
S013,SKU0121,309,98,2026-08-29
S013,SKU0122,96,91,2026-08-29
S013,SKU0123,115,72,2026-08-29
S013,SKU0124,213,44,2026-08-29
S013,SKU0125,4,38,2026-08-29
S013,SKU0126,331,77,2026-08-29
S013,SKU0127,192,21,2026-08-29
S013,SKU0128,232,24,2026-08-29
S013,SKU0129,66,21,2026-08-29
S013,SKU0130,197,17,2026-08-29
S013,SKU0131,222,15,2026-08-29
S013,SKU0132,45,37,2026-08-29
S013,SKU0133,495,18,2026-08-29
S013,SKU0134,130,27,2026-08-29
S013,SKU0135,402,52,2026-08-29
S013,SKU0136,340,17,2026-08-29
S013,SKU0137,470,94,2026-08-29
S013,SKU0138,175,83,2026-08-29
S013,SKU0139,284,89,2026-08-29
S013,SKU0140,164,34,2026-08-29
S013,SKU0141,344,19,2026-08-29
S013,SKU0142,51,86,2026-08-29
S013,SKU0143,263,65,2026-08-29
S013,SKU0144,325,5,2026-08-29
S013,SKU0145,273,94,2026-08-29
S013,SKU0146,252,76,2026-08-29
S013,SKU0147,486,87,2026-08-29
S013,SKU0148,316,12,2026-08-29
S013,SKU0149,378,79,2026-08-29
S013,SKU0150,476,52,2026-08-29
S013,SKU0151,75,81,2026-08-29
S013,SKU0152,122,92,2026-08-29
S013,SKU0153,159,91,2026-08-29
S013,SKU0154,43,84,2026-08-29
S013,SKU0155,307,73,2026-08-29
S013,SKU0156,349,48,2026-08-29
S013,SKU0157,134,28,2026-08-29
S013,SKU0158,102,71,2026-08-29
S013,SKU0159,173,30,2026-08-29
S013,SKU0160,454,17,2026-08-29
S013,SKU0161,368,36,2026-08-29
S013,SKU0162,484,58,2026-08-29
S013,SKU0163,498,23,2026-08-29
S013,SKU0164,455,46,2026-08-29
S013,SKU0165,341,7,2026-08-29
S013,SKU0166,186,68,2026-08-29
S013,SKU0167,120,28,2026-08-29
S013,SKU0168,125,33,2026-08-29
S013,SKU0169,486,25,2026-08-29
S013,SKU0170,486,4,2026-08-29
S013,SKU0171,414,88,2026-08-29
S013,SKU0172,123,9,2026-08-29
S013,SKU0173,40,90,2026-08-29
S013,SKU0174,427,46,2026-08-29
S013,SKU0175,434,85,2026-08-29
S013,SKU0176,270,63,2026-08-29
S013,SKU0177,207,3,2026-08-29
S013,SKU0178,191,92,2026-08-29
S013,SKU0179,136,47,2026-08-29
S013,SKU0180,442,59,2026-08-29
S013,SKU0181,398,93,2026-08-29
S013,SKU0182,199,88,2026-08-29
S013,SKU0183,288,86,2026-08-29
S013,SKU0184,137,63,2026-08-29
S013,SKU0185,169,58,2026-08-29
S013,SKU0186,205,75,2026-08-29
S013,SKU0187,364,92,2026-08-29
S013,SKU0188,408,34,2026-08-29
S013,SKU0189,369,98,2026-08-29
S013,SKU0190,482,81,2026-08-29
S013,SKU0191,171,25,2026-08-29
S013,SKU0192,184,30,2026-08-29
S013,SKU0193,223,47,2026-08-29
S013,SKU0194,288,60,2026-08-29
S013,SKU0195,438,34,2026-08-29
S013,SKU0196,201,49,2026-08-29
S013,SKU0197,476,93,2026-08-29
S013,SKU0198,304,99,2026-08-29
S013,SKU0199,257,48,2026-08-29
S013,SKU0200,492,8,2026-08-29
S014,SKU0001,220,26,2026-08-29
S014,SKU0002,463,35,2026-08-29
S014,SKU0003,64,10,2026-08-29
S014,SKU0004,90,43,2026-08-29
S014,SKU0005,146,47,2026-08-29
S014,SKU0006,11,68,2026-08-29
S014,SKU0007,357,1,2026-08-29
S014,SKU0008,293,42,2026-08-29
S014,SKU0009,473,79,2026-08-29
S014,SKU0010,469,39,2026-08-29
S014,SKU0011,260,11,2026-08-29
S014,SKU0012,417,43,2026-08-29
S014,SKU0013,94,97,2026-08-29
S014,SKU0014,204,76,2026-08-29
S014,SKU0015,73,41,2026-08-29
S014,SKU0016,402,47,2026-08-29
S014,SKU0017,294,48,2026-08-29
S014,SKU0018,203,38,2026-08-29
S014,SKU0019,432,57,2026-08-29
S014,SKU0020,93,14,2026-08-29
S014,SKU0021,436,30,2026-08-29
S014,SKU0022,6,58,2026-08-29
S014,SKU0023,445,35,2026-08-29
S014,SKU0024,69,30,2026-08-29
S014,SKU0025,188,99,2026-08-29
S014,SKU0026,367,75,2026-08-29
S014,SKU0027,60,34,2026-08-29
S014,SKU0028,92,49,2026-08-29
S014,SKU0029,62,36,2026-08-29
S014,SKU0030,26,85,2026-08-29
S014,SKU0031,488,33,2026-08-29
S014,SKU0032,333,69,2026-08-29
S014,SKU0033,298,25,2026-08-29
S014,SKU0034,126,20,2026-08-29
S014,SKU0035,481,53,2026-08-29
S014,SKU0036,418,14,2026-08-29
S014,SKU0037,154,99,2026-08-29
S014,SKU0038,162,39,2026-08-29
S014,SKU0039,109,91,2026-08-29
S014,SKU0040,414,7,2026-08-29
S014,SKU0041,231,72,2026-08-29
S014,SKU0042,211,28,2026-08-29
S014,SKU0043,336,98,2026-08-29
S014,SKU0044,234,28,2026-08-29
S014,SKU0045,53,87,2026-08-29
S014,SKU0046,462,2,2026-08-29
S014,SKU0047,15,68,2026-08-29
S014,SKU0048,330,87,2026-08-29
S014,SKU0049,374,15,2026-08-29
S014,SKU0050,253,67,2026-08-29
S014,SKU0051,420,45,2026-08-29
S014,SKU0052,470,21,2026-08-29
S014,SKU0053,72,15,2026-08-29
S014,SKU0054,40,47,2026-08-29
S014,SKU0055,373,70,2026-08-29
S014,SKU0056,228,11,2026-08-29
S014,SKU0057,469,71,2026-08-29
S014,SKU0058,143,40,2026-08-29
S014,SKU0059,80,26,2026-08-29
S014,SKU0060,185,84,2026-08-29
S014,SKU0061,143,94,2026-08-29
S014,SKU0062,458,22,2026-08-29
S014,SKU0063,221,64,2026-08-29
S014,SKU0064,408,58,2026-08-29
S014,SKU0065,132,34,2026-08-29
S014,SKU0066,432,87,2026-08-29
S014,SKU0067,333,86,2026-08-29
S014,SKU0068,255,6,2026-08-29
S014,SKU0069,57,63,2026-08-29
S014,SKU0070,99,82,2026-08-29
S014,SKU0071,494,20,2026-08-29
S014,SKU0072,445,82,2026-08-29
S014,SKU0073,478,86,2026-08-29
S014,SKU0074,12,88,2026-08-29
S014,SKU0075,270,52,2026-08-29
S014,SKU0076,407,43,2026-08-29
S014,SKU0077,448,94,2026-08-29
S014,SKU0078,420,18,2026-08-29
S014,SKU0079,113,56,2026-08-29
S014,SKU0080,236,57,2026-08-29
S014,SKU0081,67,73,2026-08-29
S014,SKU0082,220,51,2026-08-29
S014,SKU0083,349,41,2026-08-29
S014,SKU0084,208,24,2026-08-29
S014,SKU0085,99,59,2026-08-29
S014,SKU0086,1,14,2026-08-29
S014,SKU0087,142,7,2026-08-29
S014,SKU0088,330,5,2026-08-29
S014,SKU0089,473,97,2026-08-29
S014,SKU0090,322,89,2026-08-29
S014,SKU0091,182,19,2026-08-29
S014,SKU0092,416,56,2026-08-29
S014,SKU0093,477,68,2026-08-29
S014,SKU0094,32,3,2026-08-29
S014,SKU0095,474,47,2026-08-29
S014,SKU0096,166,83,2026-08-29
S014,SKU0097,265,84,2026-08-29
S014,SKU0098,23,4,2026-08-29
S014,SKU0099,12,19,2026-08-29
S014,SKU0100,247,87,2026-08-29
S014,SKU0101,91,93,2026-08-29
S014,SKU0102,65,8,2026-08-29
S014,SKU0103,158,23,2026-08-29
S014,SKU0104,163,59,2026-08-29
S014,SKU0105,339,24,2026-08-29
S014,SKU0106,61,54,2026-08-29
S014,SKU0107,13,77,2026-08-29
S014,SKU0108,154,29,2026-08-29
S014,SKU0109,495,73,2026-08-29
S014,SKU0110,354,15,2026-08-29
S014,SKU0111,393,27,2026-08-29
S014,SKU0112,390,50,2026-08-29
S014,SKU0113,270,80,2026-08-29
S014,SKU0114,355,11,2026-08-29
S014,SKU0115,253,21,2026-08-29
S014,SKU0116,465,4,2026-08-29
S014,SKU0117,101,15,2026-08-29
S014,SKU0118,101,48,2026-08-29
S014,SKU0119,318,44,2026-08-29
S014,SKU0120,179,90,2026-08-29
S014,SKU0121,78,66,2026-08-29
S014,SKU0122,397,50,2026-08-29
S014,SKU0123,90,92,2026-08-29
S014,SKU0124,13,76,2026-08-29
S014,SKU0125,330,23,2026-08-29
S014,SKU0126,294,92,2026-08-29
S014,SKU0127,323,62,2026-08-29
S014,SKU0128,401,31,2026-08-29
S014,SKU0129,176,16,2026-08-29
S014,SKU0130,368,47,2026-08-29
S014,SKU0131,494,78,2026-08-29
S014,SKU0132,180,84,2026-08-29
S014,SKU0133,349,27,2026-08-29
S014,SKU0134,465,30,2026-08-29
S014,SKU0135,75,21,2026-08-29
S014,SKU0136,77,81,2026-08-29
S014,SKU0137,354,98,2026-08-29
S014,SKU0138,417,56,2026-08-29
S014,SKU0139,116,89,2026-08-29
S014,SKU0140,315,24,2026-08-29
S014,SKU0141,457,66,2026-08-29
S014,SKU0142,308,77,2026-08-29
S014,SKU0143,89,0,2026-08-29
S014,SKU0144,147,46,2026-08-29
S014,SKU0145,436,60,2026-08-29
S014,SKU0146,353,88,2026-08-29
S014,SKU0147,424,100,2026-08-29
S014,SKU0148,425,28,2026-08-29
S014,SKU0149,400,45,2026-08-29
S014,SKU0150,115,16,2026-08-29
S014,SKU0151,116,54,2026-08-29
S014,SKU0152,218,11,2026-08-29
S014,SKU0153,259,44,2026-08-29
S014,SKU0154,497,4,2026-08-29
S014,SKU0155,240,50,2026-08-29
S014,SKU0156,46,6,2026-08-29
S014,SKU0157,282,58,2026-08-29
S014,SKU0158,23,65,2026-08-29
S014,SKU0159,95,49,2026-08-29
S014,SKU0160,310,63,2026-08-29
S014,SKU0161,403,15,2026-08-29
S014,SKU0162,391,64,2026-08-29
S014,SKU0163,413,20,2026-08-29
S014,SKU0164,424,25,2026-08-29
S014,SKU0165,195,4,2026-08-29
S014,SKU0166,50,1,2026-08-29
S014,SKU0167,251,15,2026-08-29
S014,SKU0168,79,50,2026-08-29
S014,SKU0169,51,45,2026-08-29
S014,SKU0170,330,70,2026-08-29
S014,SKU0171,113,71,2026-08-29
S014,SKU0172,347,71,2026-08-29
S014,SKU0173,323,23,2026-08-29
S014,SKU0174,361,11,2026-08-29
S014,SKU0175,493,63,2026-08-29
S014,SKU0176,341,80,2026-08-29
S014,SKU0177,222,90,2026-08-29
S014,SKU0178,390,33,2026-08-29
S014,SKU0179,273,33,2026-08-29
S014,SKU0180,399,51,2026-08-29
S014,SKU0181,244,25,2026-08-29
S014,SKU0182,166,56,2026-08-29
S014,SKU0183,385,33,2026-08-29
S014,SKU0184,67,18,2026-08-29
S014,SKU0185,107,27,2026-08-29
S014,SKU0186,353,19,2026-08-29
S014,SKU0187,72,20,2026-08-29
S014,SKU0188,470,91,2026-08-29
S014,SKU0189,260,2,2026-08-29
S014,SKU0190,324,13,2026-08-29
S014,SKU0191,386,77,2026-08-29
S014,SKU0192,149,32,2026-08-29
S014,SKU0193,78,44,2026-08-29
S014,SKU0194,286,85,2026-08-29
S014,SKU0195,439,94,2026-08-29
S014,SKU0196,289,19,2026-08-29
S014,SKU0197,367,85,2026-08-29
S014,SKU0198,350,80,2026-08-29
S014,SKU0199,440,23,2026-08-29
S014,SKU0200,91,93,2026-08-29
S015,SKU0001,490,45,2026-08-29
S015,SKU0002,207,7,2026-08-29
S015,SKU0003,193,23,2026-08-29
S015,SKU0004,420,79,2026-08-29
S015,SKU0005,172,27,2026-08-29
S015,SKU0006,190,83,2026-08-29
S015,SKU0007,25,49,2026-08-29
S015,SKU0008,124,81,2026-08-29
S015,SKU0009,404,92,2026-08-29
S015,SKU0010,245,31,2026-08-29
S015,SKU0011,34,82,2026-08-29
S015,SKU0012,58,68,2026-08-29
S015,SKU0013,28,34,2026-08-29
S015,SKU0014,203,87,2026-08-29
S015,SKU0015,406,62,2026-08-29
S015,SKU0016,141,13,2026-08-29
S015,SKU0017,423,30,2026-08-29
S015,SKU0018,3,62,2026-08-29
S015,SKU0019,342,40,2026-08-29
S015,SKU0020,117,71,2026-08-29
S015,SKU0021,486,39,2026-08-29
S015,SKU0022,395,15,2026-08-29
S015,SKU0023,334,71,2026-08-29
S015,SKU0024,165,19,2026-08-29
S015,SKU0025,6,84,2026-08-29
S015,SKU0026,36,28,2026-08-29
S015,SKU0027,396,49,2026-08-29
S015,SKU0028,89,51,2026-08-29
S015,SKU0029,338,7,2026-08-29
S015,SKU0030,260,100,2026-08-29
S015,SKU0031,146,84,2026-08-29
S015,SKU0032,204,29,2026-08-29
S015,SKU0033,292,92,2026-08-29
S015,SKU0034,242,84,2026-08-29
S015,SKU0035,187,49,2026-08-29
S015,SKU0036,32,40,2026-08-29
S015,SKU0037,374,35,2026-08-29
S015,SKU0038,404,60,2026-08-29
S015,SKU0039,23,46,2026-08-29
S015,SKU0040,163,32,2026-08-29
S015,SKU0041,291,9,2026-08-29
S015,SKU0042,409,22,2026-08-29
S015,SKU0043,479,80,2026-08-29
S015,SKU0044,337,8,2026-08-29
S015,SKU0045,188,11,2026-08-29
S015,SKU0046,219,92,2026-08-29
S015,SKU0047,137,9,2026-08-29
S015,SKU0048,39,72,2026-08-29
S015,SKU0049,392,86,2026-08-29
S015,SKU0050,175,42,2026-08-29
S015,SKU0051,219,34,2026-08-29
S015,SKU0052,8,72,2026-08-29
S015,SKU0053,477,85,2026-08-29
S015,SKU0054,46,73,2026-08-29
S015,SKU0055,369,48,2026-08-29
S015,SKU0056,303,27,2026-08-29
S015,SKU0057,302,41,2026-08-29
S015,SKU0058,230,70,2026-08-29
S015,SKU0059,254,45,2026-08-29
S015,SKU0060,412,23,2026-08-29
S015,SKU0061,30,61,2026-08-29
S015,SKU0062,411,0,2026-08-29
S015,SKU0063,415,17,2026-08-29
S015,SKU0064,9,32,2026-08-29
S015,SKU0065,86,55,2026-08-29
S015,SKU0066,499,20,2026-08-29
S015,SKU0067,341,1,2026-08-29
S015,SKU0068,36,79,2026-08-29
S015,SKU0069,443,83,2026-08-29
S015,SKU0070,254,12,2026-08-29
S015,SKU0071,69,93,2026-08-29
S015,SKU0072,338,11,2026-08-29
S015,SKU0073,76,39,2026-08-29
S015,SKU0074,37,25,2026-08-29
S015,SKU0075,292,31,2026-08-29
S015,SKU0076,384,91,2026-08-29
S015,SKU0077,220,79,2026-08-29
S015,SKU0078,206,59,2026-08-29
S015,SKU0079,272,72,2026-08-29
S015,SKU0080,331,58,2026-08-29
S015,SKU0081,207,4,2026-08-29
S015,SKU0082,289,66,2026-08-29
S015,SKU0083,242,27,2026-08-29
S015,SKU0084,37,21,2026-08-29
S015,SKU0085,218,62,2026-08-29
S015,SKU0086,457,61,2026-08-29
S015,SKU0087,118,10,2026-08-29
S015,SKU0088,408,77,2026-08-29
S015,SKU0089,394,23,2026-08-29
S015,SKU0090,67,56,2026-08-29
S015,SKU0091,333,49,2026-08-29
S015,SKU0092,345,97,2026-08-29
S015,SKU0093,14,58,2026-08-29
S015,SKU0094,491,43,2026-08-29
S015,SKU0095,356,73,2026-08-29
S015,SKU0096,493,67,2026-08-29
S015,SKU0097,273,79,2026-08-29
S015,SKU0098,243,83,2026-08-29
S015,SKU0099,278,53,2026-08-29
S015,SKU0100,180,30,2026-08-29
S015,SKU0101,430,81,2026-08-29
S015,SKU0102,479,26,2026-08-29
S015,SKU0103,481,80,2026-08-29
S015,SKU0104,350,73,2026-08-29
S015,SKU0105,460,89,2026-08-29
S015,SKU0106,354,39,2026-08-29
S015,SKU0107,103,14,2026-08-29
S015,SKU0108,308,11,2026-08-29
S015,SKU0109,322,98,2026-08-29
S015,SKU0110,195,42,2026-08-29
S015,SKU0111,158,24,2026-08-29
S015,SKU0112,15,65,2026-08-29
S015,SKU0113,344,92,2026-08-29
S015,SKU0114,402,74,2026-08-29
S015,SKU0115,326,42,2026-08-29
S015,SKU0116,93,29,2026-08-29
S015,SKU0117,63,18,2026-08-29
S015,SKU0118,23,20,2026-08-29
S015,SKU0119,61,75,2026-08-29
S015,SKU0120,35,45,2026-08-29
S015,SKU0121,431,3,2026-08-29
S015,SKU0122,396,44,2026-08-29
S015,SKU0123,248,48,2026-08-29
S015,SKU0124,139,36,2026-08-29
S015,SKU0125,288,81,2026-08-29
S015,SKU0126,233,36,2026-08-29
S015,SKU0127,245,0,2026-08-29
S015,SKU0128,364,6,2026-08-29
S015,SKU0129,0,17,2026-08-29
S015,SKU0130,215,71,2026-08-29
S015,SKU0131,237,50,2026-08-29
S015,SKU0132,156,39,2026-08-29
S015,SKU0133,278,85,2026-08-29
S015,SKU0134,390,55,2026-08-29
S015,SKU0135,254,51,2026-08-29
S015,SKU0136,152,73,2026-08-29
S015,SKU0137,229,75,2026-08-29
S015,SKU0138,230,39,2026-08-29
S015,SKU0139,453,11,2026-08-29
S015,SKU0140,214,25,2026-08-29
S015,SKU0141,197,44,2026-08-29
S015,SKU0142,218,88,2026-08-29
S015,SKU0143,17,32,2026-08-29
S015,SKU0144,439,42,2026-08-29
S015,SKU0145,16,2,2026-08-29
S015,SKU0146,208,31,2026-08-29
S015,SKU0147,180,40,2026-08-29
S015,SKU0148,357,28,2026-08-29
S015,SKU0149,240,25,2026-08-29
S015,SKU0150,19,75,2026-08-29
S015,SKU0151,378,49,2026-08-29
S015,SKU0152,499,34,2026-08-29
S015,SKU0153,289,54,2026-08-29
S015,SKU0154,315,23,2026-08-29
S015,SKU0155,492,59,2026-08-29
S015,SKU0156,225,10,2026-08-29
S015,SKU0157,56,81,2026-08-29
S015,SKU0158,289,83,2026-08-29
S015,SKU0159,183,17,2026-08-29
S015,SKU0160,291,89,2026-08-29
S015,SKU0161,194,28,2026-08-29
S015,SKU0162,164,26,2026-08-29
S015,SKU0163,25,88,2026-08-29
S015,SKU0164,189,75,2026-08-29
S015,SKU0165,238,92,2026-08-29
S015,SKU0166,4,22,2026-08-29
S015,SKU0167,188,44,2026-08-29
S015,SKU0168,56,20,2026-08-29
S015,SKU0169,270,20,2026-08-29
S015,SKU0170,236,52,2026-08-29
S015,SKU0171,345,26,2026-08-29
S015,SKU0172,218,38,2026-08-29
S015,SKU0173,120,10,2026-08-29
S015,SKU0174,436,40,2026-08-29
S015,SKU0175,314,37,2026-08-29
S015,SKU0176,469,67,2026-08-29
S015,SKU0177,317,71,2026-08-29
S015,SKU0178,430,72,2026-08-29
S015,SKU0179,390,42,2026-08-29
S015,SKU0180,313,50,2026-08-29
S015,SKU0181,178,36,2026-08-29
S015,SKU0182,211,84,2026-08-29
S015,SKU0183,222,31,2026-08-29
S015,SKU0184,152,42,2026-08-29
S015,SKU0185,385,33,2026-08-29
S015,SKU0186,447,37,2026-08-29
S015,SKU0187,381,28,2026-08-29
S015,SKU0188,157,90,2026-08-29
S015,SKU0189,131,100,2026-08-29
S015,SKU0190,37,39,2026-08-29
S015,SKU0191,313,15,2026-08-29
S015,SKU0192,202,72,2026-08-29
S015,SKU0193,475,77,2026-08-29
S015,SKU0194,301,31,2026-08-29
S015,SKU0195,385,77,2026-08-29
S015,SKU0196,124,90,2026-08-29
S015,SKU0197,483,33,2026-08-29
S015,SKU0198,141,74,2026-08-29
S015,SKU0199,230,36,2026-08-29
S015,SKU0200,115,73,2026-08-29
S016,SKU0001,451,34,2026-08-29
S016,SKU0002,449,52,2026-08-29
S016,SKU0003,135,2,2026-08-29
S016,SKU0004,269,97,2026-08-29
S016,SKU0005,346,84,2026-08-29
S016,SKU0006,358,71,2026-08-29
S016,SKU0007,87,18,2026-08-29
S016,SKU0008,114,6,2026-08-29
S016,SKU0009,303,42,2026-08-29
S016,SKU0010,256,53,2026-08-29
S016,SKU0011,65,77,2026-08-29
S016,SKU0012,370,61,2026-08-29
S016,SKU0013,370,27,2026-08-29
S016,SKU0014,294,85,2026-08-29
S016,SKU0015,418,68,2026-08-29
S016,SKU0016,328,98,2026-08-29
S016,SKU0017,451,66,2026-08-29
S016,SKU0018,298,34,2026-08-29
S016,SKU0019,51,31,2026-08-29
S016,SKU0020,80,13,2026-08-29
S016,SKU0021,495,1,2026-08-29
S016,SKU0022,457,97,2026-08-29
S016,SKU0023,292,57,2026-08-29
S016,SKU0024,66,7,2026-08-29
S016,SKU0025,353,22,2026-08-29
S016,SKU0026,58,61,2026-08-29
S016,SKU0027,389,5,2026-08-29
S016,SKU0028,245,41,2026-08-29
S016,SKU0029,154,66,2026-08-29
S016,SKU0030,178,24,2026-08-29
S016,SKU0031,146,80,2026-08-29
S016,SKU0032,363,100,2026-08-29
S016,SKU0033,211,47,2026-08-29
S016,SKU0034,172,60,2026-08-29
S016,SKU0035,409,74,2026-08-29
S016,SKU0036,67,99,2026-08-29
S016,SKU0037,64,4,2026-08-29
S016,SKU0038,125,1,2026-08-29
S016,SKU0039,21,38,2026-08-29
S016,SKU0040,142,72,2026-08-29
S016,SKU0041,221,38,2026-08-29
S016,SKU0042,195,8,2026-08-29
S016,SKU0043,75,92,2026-08-29
S016,SKU0044,312,28,2026-08-29
S016,SKU0045,290,6,2026-08-29
S016,SKU0046,421,3,2026-08-29
S016,SKU0047,72,94,2026-08-29
S016,SKU0048,447,45,2026-08-29
S016,SKU0049,54,17,2026-08-29
S016,SKU0050,398,14,2026-08-29
S016,SKU0051,104,93,2026-08-29
S016,SKU0052,442,59,2026-08-29
S016,SKU0053,170,50,2026-08-29
S016,SKU0054,442,45,2026-08-29
S016,SKU0055,270,90,2026-08-29
S016,SKU0056,304,50,2026-08-29
S016,SKU0057,97,42,2026-08-29
S016,SKU0058,298,43,2026-08-29
S016,SKU0059,321,86,2026-08-29
S016,SKU0060,429,60,2026-08-29
S016,SKU0061,493,0,2026-08-29
S016,SKU0062,284,55,2026-08-29
S016,SKU0063,497,10,2026-08-29
S016,SKU0064,472,73,2026-08-29
S016,SKU0065,312,27,2026-08-29
S016,SKU0066,483,8,2026-08-29
S016,SKU0067,133,90,2026-08-29
S016,SKU0068,184,70,2026-08-29
S016,SKU0069,152,24,2026-08-29
S016,SKU0070,132,89,2026-08-29
S016,SKU0071,167,50,2026-08-29
S016,SKU0072,198,28,2026-08-29
S016,SKU0073,43,9,2026-08-29
S016,SKU0074,114,69,2026-08-29
S016,SKU0075,281,47,2026-08-29
S016,SKU0076,24,26,2026-08-29
S016,SKU0077,151,23,2026-08-29
S016,SKU0078,97,52,2026-08-29
S016,SKU0079,80,85,2026-08-29
S016,SKU0080,379,17,2026-08-29
S016,SKU0081,17,31,2026-08-29
S016,SKU0082,99,39,2026-08-29
S016,SKU0083,234,37,2026-08-29
S016,SKU0084,93,33,2026-08-29
S016,SKU0085,208,26,2026-08-29
S016,SKU0086,335,13,2026-08-29
S016,SKU0087,9,38,2026-08-29
S016,SKU0088,118,84,2026-08-29
S016,SKU0089,230,91,2026-08-29
S016,SKU0090,296,53,2026-08-29
S016,SKU0091,258,94,2026-08-29
S016,SKU0092,354,86,2026-08-29
S016,SKU0093,410,84,2026-08-29
S016,SKU0094,202,100,2026-08-29
S016,SKU0095,420,69,2026-08-29
S016,SKU0096,425,3,2026-08-29
S016,SKU0097,16,70,2026-08-29
S016,SKU0098,405,83,2026-08-29
S016,SKU0099,160,90,2026-08-29
S016,SKU0100,362,18,2026-08-29
S016,SKU0101,291,35,2026-08-29
S016,SKU0102,195,96,2026-08-29
S016,SKU0103,298,6,2026-08-29
S016,SKU0104,78,83,2026-08-29
S016,SKU0105,45,82,2026-08-29
S016,SKU0106,339,62,2026-08-29
S016,SKU0107,224,36,2026-08-29
S016,SKU0108,32,59,2026-08-29
S016,SKU0109,134,24,2026-08-29
S016,SKU0110,19,38,2026-08-29
S016,SKU0111,106,40,2026-08-29
S016,SKU0112,29,19,2026-08-29
S016,SKU0113,116,68,2026-08-29
S016,SKU0114,406,46,2026-08-29
S016,SKU0115,484,6,2026-08-29
S016,SKU0116,83,20,2026-08-29
S016,SKU0117,417,71,2026-08-29
S016,SKU0118,312,35,2026-08-29
S016,SKU0119,216,50,2026-08-29
S016,SKU0120,173,23,2026-08-29
S016,SKU0121,229,96,2026-08-29
S016,SKU0122,172,93,2026-08-29
S016,SKU0123,446,96,2026-08-29
S016,SKU0124,472,97,2026-08-29
S016,SKU0125,81,25,2026-08-29
S016,SKU0126,102,17,2026-08-29
S016,SKU0127,266,19,2026-08-29
S016,SKU0128,319,29,2026-08-29
S016,SKU0129,4,17,2026-08-29
S016,SKU0130,8,17,2026-08-29
S016,SKU0131,169,51,2026-08-29
S016,SKU0132,293,13,2026-08-29
S016,SKU0133,110,26,2026-08-29
S016,SKU0134,449,1,2026-08-29
S016,SKU0135,117,2,2026-08-29
S016,SKU0136,112,25,2026-08-29
S016,SKU0137,129,52,2026-08-29
S016,SKU0138,239,56,2026-08-29
S016,SKU0139,34,93,2026-08-29
S016,SKU0140,354,15,2026-08-29
S016,SKU0141,343,54,2026-08-29
S016,SKU0142,401,58,2026-08-29
S016,SKU0143,186,1,2026-08-29
S016,SKU0144,224,54,2026-08-29
S016,SKU0145,72,99,2026-08-29
S016,SKU0146,244,78,2026-08-29
S016,SKU0147,312,44,2026-08-29
S016,SKU0148,384,40,2026-08-29
S016,SKU0149,127,95,2026-08-29
S016,SKU0150,29,22,2026-08-29
S016,SKU0151,142,82,2026-08-29
S016,SKU0152,189,26,2026-08-29
S016,SKU0153,28,10,2026-08-29
S016,SKU0154,482,22,2026-08-29
S016,SKU0155,466,29,2026-08-29
S016,SKU0156,376,74,2026-08-29
S016,SKU0157,284,98,2026-08-29
S016,SKU0158,132,62,2026-08-29
S016,SKU0159,87,30,2026-08-29
S016,SKU0160,14,27,2026-08-29
S016,SKU0161,138,91,2026-08-29
S016,SKU0162,469,16,2026-08-29
S016,SKU0163,23,16,2026-08-29
S016,SKU0164,276,37,2026-08-29
S016,SKU0165,234,8,2026-08-29
S016,SKU0166,484,74,2026-08-29
S016,SKU0167,414,94,2026-08-29
S016,SKU0168,408,98,2026-08-29
S016,SKU0169,8,11,2026-08-29
S016,SKU0170,232,91,2026-08-29
S016,SKU0171,83,20,2026-08-29
S016,SKU0172,338,16,2026-08-29
S016,SKU0173,149,6,2026-08-29
S016,SKU0174,451,47,2026-08-29
S016,SKU0175,29,56,2026-08-29
S016,SKU0176,416,92,2026-08-29
S016,SKU0177,211,33,2026-08-29
S016,SKU0178,338,69,2026-08-29
S016,SKU0179,236,93,2026-08-29
S016,SKU0180,397,13,2026-08-29
S016,SKU0181,425,60,2026-08-29
S016,SKU0182,328,81,2026-08-29
S016,SKU0183,353,63,2026-08-29
S016,SKU0184,164,33,2026-08-29
S016,SKU0185,211,13,2026-08-29
S016,SKU0186,318,100,2026-08-29
S016,SKU0187,426,76,2026-08-29
S016,SKU0188,479,23,2026-08-29
S016,SKU0189,473,33,2026-08-29
S016,SKU0190,25,49,2026-08-29
S016,SKU0191,184,81,2026-08-29
S016,SKU0192,277,29,2026-08-29
S016,SKU0193,274,56,2026-08-29
S016,SKU0194,78,100,2026-08-29
S016,SKU0195,346,60,2026-08-29
S016,SKU0196,322,18,2026-08-29
S016,SKU0197,173,64,2026-08-29
S016,SKU0198,446,8,2026-08-29
S016,SKU0199,92,19,2026-08-29
S016,SKU0200,162,76,2026-08-29
S017,SKU0001,20,74,2026-08-29
S017,SKU0002,400,88,2026-08-29
S017,SKU0003,175,49,2026-08-29
S017,SKU0004,201,97,2026-08-29
S017,SKU0005,273,36,2026-08-29
S017,SKU0006,364,32,2026-08-29
S017,SKU0007,468,64,2026-08-29
S017,SKU0008,371,94,2026-08-29
S017,SKU0009,75,31,2026-08-29
S017,SKU0010,248,31,2026-08-29
S017,SKU0011,321,24,2026-08-29
S017,SKU0012,231,73,2026-08-29
S017,SKU0013,393,9,2026-08-29
S017,SKU0014,406,23,2026-08-29
S017,SKU0015,51,16,2026-08-29
S017,SKU0016,43,11,2026-08-29
S017,SKU0017,24,15,2026-08-29
S017,SKU0018,271,58,2026-08-29
S017,SKU0019,494,65,2026-08-29
S017,SKU0020,21,30,2026-08-29
S017,SKU0021,356,44,2026-08-29
S017,SKU0022,352,70,2026-08-29
S017,SKU0023,212,95,2026-08-29
S017,SKU0024,314,6,2026-08-29
S017,SKU0025,342,9,2026-08-29
S017,SKU0026,232,6,2026-08-29
S017,SKU0027,441,62,2026-08-29
S017,SKU0028,149,88,2026-08-29
S017,SKU0029,18,80,2026-08-29
S017,SKU0030,477,28,2026-08-29
S017,SKU0031,306,19,2026-08-29
S017,SKU0032,180,13,2026-08-29
S017,SKU0033,300,79,2026-08-29
S017,SKU0034,316,32,2026-08-29
S017,SKU0035,355,45,2026-08-29
S017,SKU0036,91,76,2026-08-29
S017,SKU0037,162,94,2026-08-29
S017,SKU0038,453,97,2026-08-29
S017,SKU0039,56,63,2026-08-29
S017,SKU0040,52,22,2026-08-29
S017,SKU0041,89,18,2026-08-29
S017,SKU0042,463,63,2026-08-29
S017,SKU0043,484,49,2026-08-29
S017,SKU0044,383,32,2026-08-29
S017,SKU0045,127,28,2026-08-29
S017,SKU0046,285,58,2026-08-29
S017,SKU0047,93,20,2026-08-29
S017,SKU0048,10,46,2026-08-29
S017,SKU0049,438,37,2026-08-29
S017,SKU0050,76,18,2026-08-29
S017,SKU0051,57,48,2026-08-29
S017,SKU0052,90,48,2026-08-29
S017,SKU0053,347,41,2026-08-29
S017,SKU0054,350,33,2026-08-29
S017,SKU0055,302,82,2026-08-29
S017,SKU0056,195,24,2026-08-29
S017,SKU0057,465,24,2026-08-29
S017,SKU0058,378,94,2026-08-29
S017,SKU0059,0,88,2026-08-29
S017,SKU0060,276,25,2026-08-29
S017,SKU0061,103,37,2026-08-29
S017,SKU0062,150,38,2026-08-29
S017,SKU0063,226,2,2026-08-29
S017,SKU0064,156,64,2026-08-29
S017,SKU0065,430,66,2026-08-29
S017,SKU0066,255,65,2026-08-29
S017,SKU0067,306,74,2026-08-29
S017,SKU0068,472,42,2026-08-29
S017,SKU0069,6,34,2026-08-29
S017,SKU0070,237,2,2026-08-29
S017,SKU0071,411,21,2026-08-29
S017,SKU0072,5,47,2026-08-29
S017,SKU0073,314,87,2026-08-29
S017,SKU0074,193,98,2026-08-29
S017,SKU0075,259,87,2026-08-29
S017,SKU0076,178,9,2026-08-29
S017,SKU0077,313,98,2026-08-29
S017,SKU0078,447,40,2026-08-29
S017,SKU0079,97,100,2026-08-29
S017,SKU0080,349,57,2026-08-29
S017,SKU0081,254,32,2026-08-29
S017,SKU0082,319,89,2026-08-29
S017,SKU0083,462,23,2026-08-29
S017,SKU0084,203,54,2026-08-29
S017,SKU0085,324,84,2026-08-29
S017,SKU0086,107,20,2026-08-29
S017,SKU0087,485,76,2026-08-29
S017,SKU0088,379,40,2026-08-29
S017,SKU0089,212,29,2026-08-29
S017,SKU0090,137,23,2026-08-29
S017,SKU0091,231,63,2026-08-29
S017,SKU0092,242,40,2026-08-29
S017,SKU0093,406,21,2026-08-29
S017,SKU0094,81,45,2026-08-29
S017,SKU0095,290,19,2026-08-29
S017,SKU0096,8,53,2026-08-29
S017,SKU0097,41,51,2026-08-29
S017,SKU0098,178,69,2026-08-29
S017,SKU0099,42,18,2026-08-29
S017,SKU0100,414,77,2026-08-29
S017,SKU0101,68,3,2026-08-29
S017,SKU0102,334,47,2026-08-29
S017,SKU0103,293,92,2026-08-29
S017,SKU0104,474,20,2026-08-29
S017,SKU0105,77,75,2026-08-29
S017,SKU0106,146,14,2026-08-29
S017,SKU0107,36,41,2026-08-29
S017,SKU0108,473,98,2026-08-29
S017,SKU0109,210,27,2026-08-29
S017,SKU0110,21,19,2026-08-29
S017,SKU0111,302,40,2026-08-29
S017,SKU0112,161,96,2026-08-29
S017,SKU0113,340,89,2026-08-29
S017,SKU0114,297,51,2026-08-29
S017,SKU0115,119,55,2026-08-29
S017,SKU0116,125,59,2026-08-29
S017,SKU0117,342,92,2026-08-29
S017,SKU0118,415,19,2026-08-29
S017,SKU0119,330,52,2026-08-29
S017,SKU0120,88,79,2026-08-29
S017,SKU0121,370,37,2026-08-29
S017,SKU0122,340,97,2026-08-29
S017,SKU0123,488,23,2026-08-29
S017,SKU0124,21,55,2026-08-29
S017,SKU0125,193,9,2026-08-29
S017,SKU0126,171,84,2026-08-29
S017,SKU0127,132,79,2026-08-29
S017,SKU0128,263,3,2026-08-29
S017,SKU0129,330,85,2026-08-29
S017,SKU0130,282,43,2026-08-29
S017,SKU0131,49,24,2026-08-29
S017,SKU0132,104,92,2026-08-29
S017,SKU0133,54,28,2026-08-29
S017,SKU0134,335,68,2026-08-29
S017,SKU0135,389,5,2026-08-29
S017,SKU0136,22,34,2026-08-29
S017,SKU0137,293,68,2026-08-29
S017,SKU0138,436,28,2026-08-29
S017,SKU0139,360,20,2026-08-29
S017,SKU0140,32,82,2026-08-29
S017,SKU0141,42,22,2026-08-29
S017,SKU0142,435,19,2026-08-29
S017,SKU0143,48,22,2026-08-29
S017,SKU0144,400,9,2026-08-29
S017,SKU0145,190,95,2026-08-29
S017,SKU0146,151,65,2026-08-29
S017,SKU0147,339,14,2026-08-29
S017,SKU0148,364,47,2026-08-29
S017,SKU0149,275,19,2026-08-29
S017,SKU0150,445,55,2026-08-29
S017,SKU0151,278,53,2026-08-29
S017,SKU0152,274,63,2026-08-29
S017,SKU0153,205,38,2026-08-29
S017,SKU0154,457,1,2026-08-29
S017,SKU0155,53,97,2026-08-29
S017,SKU0156,298,14,2026-08-29
S017,SKU0157,271,41,2026-08-29
S017,SKU0158,134,71,2026-08-29
S017,SKU0159,275,7,2026-08-29
S017,SKU0160,199,39,2026-08-29
S017,SKU0161,156,96,2026-08-29
S017,SKU0162,68,86,2026-08-29
S017,SKU0163,0,5,2026-08-29
S017,SKU0164,406,49,2026-08-29
S017,SKU0165,90,72,2026-08-29
S017,SKU0166,475,64,2026-08-29
S017,SKU0167,468,63,2026-08-29
S017,SKU0168,226,81,2026-08-29
S017,SKU0169,268,61,2026-08-29
S017,SKU0170,125,40,2026-08-29
S017,SKU0171,266,41,2026-08-29
S017,SKU0172,397,94,2026-08-29
S017,SKU0173,491,49,2026-08-29
S017,SKU0174,326,51,2026-08-29
S017,SKU0175,144,51,2026-08-29
S017,SKU0176,383,39,2026-08-29
S017,SKU0177,396,95,2026-08-29
S017,SKU0178,60,76,2026-08-29
S017,SKU0179,222,92,2026-08-29
S017,SKU0180,66,27,2026-08-29
S017,SKU0181,151,84,2026-08-29
S017,SKU0182,92,14,2026-08-29
S017,SKU0183,312,18,2026-08-29
S017,SKU0184,366,55,2026-08-29
S017,SKU0185,414,18,2026-08-29
S017,SKU0186,91,9,2026-08-29
S017,SKU0187,98,23,2026-08-29
S017,SKU0188,8,39,2026-08-29
S017,SKU0189,353,8,2026-08-29
S017,SKU0190,23,36,2026-08-29
S017,SKU0191,83,78,2026-08-29
S017,SKU0192,129,68,2026-08-29
S017,SKU0193,111,14,2026-08-29
S017,SKU0194,144,93,2026-08-29
S017,SKU0195,248,65,2026-08-29
S017,SKU0196,469,72,2026-08-29
S017,SKU0197,395,89,2026-08-29
S017,SKU0198,443,14,2026-08-29
S017,SKU0199,46,60,2026-08-29
S017,SKU0200,441,78,2026-08-29
S018,SKU0001,228,19,2026-08-29
S018,SKU0002,422,97,2026-08-29
S018,SKU0003,208,75,2026-08-29
S018,SKU0004,312,76,2026-08-29
S018,SKU0005,500,78,2026-08-29
S018,SKU0006,142,73,2026-08-29
S018,SKU0007,353,67,2026-08-29
S018,SKU0008,49,83,2026-08-29
S018,SKU0009,82,65,2026-08-29
S018,SKU0010,357,25,2026-08-29
S018,SKU0011,56,94,2026-08-29
S018,SKU0012,281,2,2026-08-29
S018,SKU0013,29,28,2026-08-29
S018,SKU0014,448,55,2026-08-29
S018,SKU0015,216,52,2026-08-29
S018,SKU0016,10,94,2026-08-29
S018,SKU0017,352,95,2026-08-29
S018,SKU0018,86,90,2026-08-29
S018,SKU0019,1,7,2026-08-29
S018,SKU0020,2,44,2026-08-29
S018,SKU0021,479,25,2026-08-29
S018,SKU0022,382,20,2026-08-29
S018,SKU0023,276,43,2026-08-29
S018,SKU0024,99,69,2026-08-29
S018,SKU0025,202,24,2026-08-29
S018,SKU0026,446,12,2026-08-29
S018,SKU0027,1,41,2026-08-29
S018,SKU0028,323,5,2026-08-29
S018,SKU0029,167,22,2026-08-29
S018,SKU0030,138,31,2026-08-29
S018,SKU0031,453,67,2026-08-29
S018,SKU0032,460,30,2026-08-29
S018,SKU0033,281,90,2026-08-29
S018,SKU0034,0,45,2026-08-29
S018,SKU0035,283,88,2026-08-29
S018,SKU0036,82,53,2026-08-29
S018,SKU0037,431,78,2026-08-29
S018,SKU0038,87,84,2026-08-29
S018,SKU0039,398,72,2026-08-29
S018,SKU0040,392,78,2026-08-29
S018,SKU0041,31,7,2026-08-29
S018,SKU0042,230,50,2026-08-29
S018,SKU0043,273,89,2026-08-29
S018,SKU0044,221,20,2026-08-29
S018,SKU0045,421,58,2026-08-29
S018,SKU0046,387,55,2026-08-29
S018,SKU0047,477,31,2026-08-29
S018,SKU0048,439,29,2026-08-29
S018,SKU0049,90,71,2026-08-29
S018,SKU0050,455,26,2026-08-29
S018,SKU0051,451,64,2026-08-29
S018,SKU0052,312,49,2026-08-29
S018,SKU0053,344,26,2026-08-29
S018,SKU0054,109,61,2026-08-29
S018,SKU0055,208,95,2026-08-29
S018,SKU0056,42,64,2026-08-29
S018,SKU0057,172,81,2026-08-29
S018,SKU0058,58,80,2026-08-29
S018,SKU0059,493,69,2026-08-29
S018,SKU0060,467,96,2026-08-29
S018,SKU0061,423,98,2026-08-29
S018,SKU0062,206,22,2026-08-29
S018,SKU0063,203,58,2026-08-29
S018,SKU0064,53,31,2026-08-29
S018,SKU0065,222,70,2026-08-29
S018,SKU0066,156,99,2026-08-29
S018,SKU0067,55,0,2026-08-29
S018,SKU0068,498,9,2026-08-29
S018,SKU0069,97,19,2026-08-29
S018,SKU0070,339,64,2026-08-29
S018,SKU0071,405,20,2026-08-29
S018,SKU0072,102,28,2026-08-29
S018,SKU0073,367,77,2026-08-29
S018,SKU0074,78,12,2026-08-29
S018,SKU0075,344,69,2026-08-29
S018,SKU0076,434,65,2026-08-29
S018,SKU0077,374,28,2026-08-29
S018,SKU0078,178,23,2026-08-29
S018,SKU0079,236,94,2026-08-29
S018,SKU0080,307,93,2026-08-29
S018,SKU0081,438,8,2026-08-29
S018,SKU0082,270,61,2026-08-29
S018,SKU0083,166,90,2026-08-29
S018,SKU0084,480,97,2026-08-29
S018,SKU0085,376,89,2026-08-29
S018,SKU0086,10,51,2026-08-29
S018,SKU0087,487,61,2026-08-29
S018,SKU0088,252,49,2026-08-29
S018,SKU0089,48,83,2026-08-29
S018,SKU0090,22,54,2026-08-29
S018,SKU0091,386,80,2026-08-29
S018,SKU0092,370,47,2026-08-29
S018,SKU0093,422,74,2026-08-29
S018,SKU0094,85,0,2026-08-29
S018,SKU0095,325,68,2026-08-29
S018,SKU0096,267,12,2026-08-29
S018,SKU0097,438,83,2026-08-29
S018,SKU0098,416,34,2026-08-29
S018,SKU0099,126,98,2026-08-29
S018,SKU0100,38,79,2026-08-29
S018,SKU0101,65,59,2026-08-29
S018,SKU0102,310,56,2026-08-29
S018,SKU0103,489,52,2026-08-29
S018,SKU0104,59,58,2026-08-29
S018,SKU0105,470,64,2026-08-29
S018,SKU0106,355,14,2026-08-29
S018,SKU0107,180,75,2026-08-29
S018,SKU0108,214,74,2026-08-29
S018,SKU0109,436,68,2026-08-29
S018,SKU0110,329,31,2026-08-29
S018,SKU0111,277,88,2026-08-29
S018,SKU0112,153,44,2026-08-29
S018,SKU0113,338,63,2026-08-29
S018,SKU0114,91,94,2026-08-29
S018,SKU0115,345,2,2026-08-29
S018,SKU0116,366,93,2026-08-29
S018,SKU0117,77,89,2026-08-29
S018,SKU0118,200,48,2026-08-29
S018,SKU0119,188,89,2026-08-29
S018,SKU0120,488,51,2026-08-29
S018,SKU0121,273,49,2026-08-29
S018,SKU0122,391,21,2026-08-29
S018,SKU0123,313,45,2026-08-29
S018,SKU0124,294,12,2026-08-29
S018,SKU0125,70,41,2026-08-29
S018,SKU0126,229,26,2026-08-29
S018,SKU0127,157,78,2026-08-29
S018,SKU0128,259,75,2026-08-29
S018,SKU0129,289,20,2026-08-29
S018,SKU0130,175,41,2026-08-29
S018,SKU0131,114,77,2026-08-29
S018,SKU0132,139,85,2026-08-29
S018,SKU0133,222,80,2026-08-29
S018,SKU0134,325,1,2026-08-29
S018,SKU0135,391,56,2026-08-29
S018,SKU0136,377,38,2026-08-29
S018,SKU0137,453,17,2026-08-29
S018,SKU0138,296,77,2026-08-29
S018,SKU0139,11,56,2026-08-29
S018,SKU0140,137,80,2026-08-29
S018,SKU0141,243,18,2026-08-29
S018,SKU0142,391,79,2026-08-29
S018,SKU0143,210,54,2026-08-29
S018,SKU0144,302,38,2026-08-29
S018,SKU0145,32,97,2026-08-29
S018,SKU0146,224,73,2026-08-29
S018,SKU0147,316,50,2026-08-29
S018,SKU0148,248,2,2026-08-29
S018,SKU0149,287,0,2026-08-29
S018,SKU0150,283,100,2026-08-29
S018,SKU0151,304,58,2026-08-29
S018,SKU0152,157,87,2026-08-29
S018,SKU0153,348,63,2026-08-29
S018,SKU0154,130,71,2026-08-29
S018,SKU0155,180,87,2026-08-29
S018,SKU0156,316,73,2026-08-29
S018,SKU0157,145,51,2026-08-29
S018,SKU0158,141,9,2026-08-29
S018,SKU0159,488,65,2026-08-29
S018,SKU0160,99,77,2026-08-29
S018,SKU0161,410,64,2026-08-29
S018,SKU0162,433,38,2026-08-29
S018,SKU0163,57,52,2026-08-29
S018,SKU0164,236,31,2026-08-29
S018,SKU0165,147,58,2026-08-29
S018,SKU0166,265,80,2026-08-29
S018,SKU0167,175,26,2026-08-29
S018,SKU0168,204,93,2026-08-29
S018,SKU0169,297,68,2026-08-29
S018,SKU0170,413,68,2026-08-29
S018,SKU0171,54,48,2026-08-29
S018,SKU0172,149,99,2026-08-29
S018,SKU0173,299,68,2026-08-29
S018,SKU0174,14,33,2026-08-29
S018,SKU0175,148,40,2026-08-29
S018,SKU0176,5,77,2026-08-29
S018,SKU0177,85,84,2026-08-29
S018,SKU0178,327,65,2026-08-29
S018,SKU0179,412,50,2026-08-29
S018,SKU0180,448,1,2026-08-29
S018,SKU0181,167,21,2026-08-29
S018,SKU0182,60,4,2026-08-29
S018,SKU0183,83,51,2026-08-29
S018,SKU0184,71,58,2026-08-29
S018,SKU0185,20,50,2026-08-29
S018,SKU0186,204,37,2026-08-29
S018,SKU0187,283,77,2026-08-29
S018,SKU0188,461,7,2026-08-29
S018,SKU0189,9,69,2026-08-29
S018,SKU0190,91,34,2026-08-29
S018,SKU0191,273,32,2026-08-29
S018,SKU0192,183,66,2026-08-29
S018,SKU0193,53,98,2026-08-29
S018,SKU0194,113,0,2026-08-29
S018,SKU0195,284,69,2026-08-29
S018,SKU0196,293,71,2026-08-29
S018,SKU0197,97,85,2026-08-29
S018,SKU0198,411,5,2026-08-29
S018,SKU0199,168,61,2026-08-29
S018,SKU0200,156,85,2026-08-29
S019,SKU0001,417,69,2026-08-29
S019,SKU0002,282,30,2026-08-29
S019,SKU0003,316,76,2026-08-29
S019,SKU0004,377,60,2026-08-29
S019,SKU0005,134,95,2026-08-29
S019,SKU0006,54,70,2026-08-29
S019,SKU0007,177,53,2026-08-29
S019,SKU0008,443,30,2026-08-29
S019,SKU0009,7,19,2026-08-29
S019,SKU0010,473,57,2026-08-29
S019,SKU0011,403,47,2026-08-29
S019,SKU0012,468,1,2026-08-29
S019,SKU0013,24,0,2026-08-29
S019,SKU0014,108,5,2026-08-29
S019,SKU0015,347,44,2026-08-29
S019,SKU0016,368,49,2026-08-29
S019,SKU0017,389,86,2026-08-29
S019,SKU0018,206,13,2026-08-29
S019,SKU0019,303,99,2026-08-29
S019,SKU0020,305,45,2026-08-29
S019,SKU0021,330,26,2026-08-29
S019,SKU0022,8,45,2026-08-29
S019,SKU0023,198,37,2026-08-29
S019,SKU0024,49,71,2026-08-29
S019,SKU0025,133,98,2026-08-29
S019,SKU0026,289,24,2026-08-29
S019,SKU0027,422,56,2026-08-29
S019,SKU0028,277,85,2026-08-29
S019,SKU0029,432,37,2026-08-29
S019,SKU0030,221,57,2026-08-29
S019,SKU0031,291,6,2026-08-29
S019,SKU0032,257,97,2026-08-29
S019,SKU0033,245,92,2026-08-29
S019,SKU0034,467,2,2026-08-29
S019,SKU0035,334,15,2026-08-29
S019,SKU0036,271,60,2026-08-29
S019,SKU0037,82,53,2026-08-29
S019,SKU0038,449,82,2026-08-29
S019,SKU0039,411,4,2026-08-29
S019,SKU0040,15,14,2026-08-29
S019,SKU0041,323,96,2026-08-29
S019,SKU0042,104,54,2026-08-29
S019,SKU0043,190,88,2026-08-29
S019,SKU0044,62,6,2026-08-29
S019,SKU0045,118,34,2026-08-29
S019,SKU0046,470,37,2026-08-29
S019,SKU0047,155,32,2026-08-29
S019,SKU0048,67,76,2026-08-29
S019,SKU0049,304,5,2026-08-29
S019,SKU0050,201,61,2026-08-29
S019,SKU0051,140,85,2026-08-29
S019,SKU0052,175,54,2026-08-29
S019,SKU0053,286,51,2026-08-29
S019,SKU0054,419,47,2026-08-29
S019,SKU0055,84,38,2026-08-29
S019,SKU0056,481,4,2026-08-29
S019,SKU0057,193,18,2026-08-29
S019,SKU0058,403,99,2026-08-29
S019,SKU0059,64,14,2026-08-29
S019,SKU0060,165,44,2026-08-29
S019,SKU0061,312,76,2026-08-29
S019,SKU0062,223,61,2026-08-29
S019,SKU0063,70,40,2026-08-29
S019,SKU0064,477,54,2026-08-29
S019,SKU0065,393,22,2026-08-29
S019,SKU0066,94,23,2026-08-29
S019,SKU0067,63,77,2026-08-29
S019,SKU0068,4,42,2026-08-29
S019,SKU0069,120,27,2026-08-29
S019,SKU0070,477,81,2026-08-29
S019,SKU0071,331,84,2026-08-29
S019,SKU0072,150,56,2026-08-29
S019,SKU0073,406,3,2026-08-29
S019,SKU0074,132,63,2026-08-29
S019,SKU0075,157,61,2026-08-29
S019,SKU0076,461,49,2026-08-29
S019,SKU0077,155,69,2026-08-29
S019,SKU0078,147,87,2026-08-29
S019,SKU0079,402,41,2026-08-29
S019,SKU0080,190,76,2026-08-29
S019,SKU0081,114,76,2026-08-29
S019,SKU0082,223,41,2026-08-29
S019,SKU0083,87,12,2026-08-29
S019,SKU0084,434,29,2026-08-29
S019,SKU0085,273,28,2026-08-29
S019,SKU0086,160,0,2026-08-29
S019,SKU0087,250,10,2026-08-29
S019,SKU0088,496,17,2026-08-29
S019,SKU0089,147,42,2026-08-29
S019,SKU0090,373,44,2026-08-29
S019,SKU0091,111,13,2026-08-29
S019,SKU0092,85,89,2026-08-29
S019,SKU0093,424,76,2026-08-29
S019,SKU0094,28,0,2026-08-29
S019,SKU0095,379,31,2026-08-29
S019,SKU0096,201,16,2026-08-29
S019,SKU0097,337,23,2026-08-29
S019,SKU0098,484,11,2026-08-29
S019,SKU0099,476,8,2026-08-29
S019,SKU0100,475,91,2026-08-29
S019,SKU0101,398,60,2026-08-29
S019,SKU0102,121,99,2026-08-29
S019,SKU0103,327,18,2026-08-29
S019,SKU0104,324,59,2026-08-29
S019,SKU0105,253,20,2026-08-29
S019,SKU0106,217,98,2026-08-29
S019,SKU0107,138,68,2026-08-29
S019,SKU0108,328,69,2026-08-29
S019,SKU0109,374,31,2026-08-29
S019,SKU0110,316,44,2026-08-29
S019,SKU0111,284,41,2026-08-29
S019,SKU0112,364,86,2026-08-29
S019,SKU0113,164,70,2026-08-29
S019,SKU0114,166,21,2026-08-29
S019,SKU0115,92,74,2026-08-29
S019,SKU0116,342,39,2026-08-29
S019,SKU0117,87,87,2026-08-29
S019,SKU0118,430,44,2026-08-29
S019,SKU0119,71,91,2026-08-29
S019,SKU0120,439,40,2026-08-29
S019,SKU0121,51,51,2026-08-29
S019,SKU0122,59,64,2026-08-29
S019,SKU0123,167,62,2026-08-29
S019,SKU0124,188,78,2026-08-29
S019,SKU0125,43,57,2026-08-29
S019,SKU0126,34,7,2026-08-29
S019,SKU0127,172,6,2026-08-29
S019,SKU0128,270,81,2026-08-29
S019,SKU0129,24,46,2026-08-29
S019,SKU0130,157,76,2026-08-29
S019,SKU0131,47,33,2026-08-29
S019,SKU0132,229,58,2026-08-29
S019,SKU0133,157,34,2026-08-29
S019,SKU0134,241,29,2026-08-29
S019,SKU0135,391,46,2026-08-29
S019,SKU0136,326,27,2026-08-29
S019,SKU0137,182,98,2026-08-29
S019,SKU0138,72,38,2026-08-29
S019,SKU0139,224,67,2026-08-29
S019,SKU0140,374,95,2026-08-29
S019,SKU0141,436,93,2026-08-29
S019,SKU0142,151,14,2026-08-29
S019,SKU0143,426,59,2026-08-29
S019,SKU0144,60,45,2026-08-29
S019,SKU0145,297,38,2026-08-29
S019,SKU0146,359,73,2026-08-29
S019,SKU0147,235,25,2026-08-29
S019,SKU0148,133,37,2026-08-29
S019,SKU0149,433,77,2026-08-29
S019,SKU0150,104,4,2026-08-29
S019,SKU0151,170,29,2026-08-29
S019,SKU0152,250,65,2026-08-29
S019,SKU0153,273,3,2026-08-29
S019,SKU0154,113,24,2026-08-29
S019,SKU0155,63,67,2026-08-29
S019,SKU0156,111,53,2026-08-29
S019,SKU0157,42,100,2026-08-29
S019,SKU0158,35,88,2026-08-29
S019,SKU0159,102,30,2026-08-29
S019,SKU0160,422,82,2026-08-29
S019,SKU0161,266,76,2026-08-29
S019,SKU0162,93,54,2026-08-29
S019,SKU0163,479,4,2026-08-29
S019,SKU0164,262,60,2026-08-29
S019,SKU0165,259,68,2026-08-29
S019,SKU0166,455,22,2026-08-29
S019,SKU0167,415,71,2026-08-29
S019,SKU0168,34,45,2026-08-29
S019,SKU0169,406,22,2026-08-29
S019,SKU0170,245,69,2026-08-29
S019,SKU0171,243,25,2026-08-29
S019,SKU0172,4,36,2026-08-29
S019,SKU0173,423,71,2026-08-29
S019,SKU0174,222,23,2026-08-29
S019,SKU0175,161,87,2026-08-29
S019,SKU0176,32,40,2026-08-29
S019,SKU0177,92,15,2026-08-29
S019,SKU0178,227,88,2026-08-29
S019,SKU0179,156,52,2026-08-29
S019,SKU0180,167,84,2026-08-29
S019,SKU0181,108,41,2026-08-29
S019,SKU0182,373,28,2026-08-29
S019,SKU0183,247,100,2026-08-29
S019,SKU0184,262,6,2026-08-29
S019,SKU0185,51,65,2026-08-29
S019,SKU0186,289,13,2026-08-29
S019,SKU0187,182,54,2026-08-29
S019,SKU0188,351,61,2026-08-29
S019,SKU0189,96,37,2026-08-29
S019,SKU0190,142,48,2026-08-29
S019,SKU0191,254,11,2026-08-29
S019,SKU0192,376,61,2026-08-29
S019,SKU0193,226,95,2026-08-29
S019,SKU0194,193,20,2026-08-29
S019,SKU0195,303,50,2026-08-29
S019,SKU0196,301,8,2026-08-29
S019,SKU0197,158,28,2026-08-29
S019,SKU0198,107,50,2026-08-29
S019,SKU0199,69,75,2026-08-29
S019,SKU0200,309,73,2026-08-29
S020,SKU0001,131,48,2026-08-29
S020,SKU0002,322,55,2026-08-29
S020,SKU0003,134,43,2026-08-29
S020,SKU0004,26,78,2026-08-29
S020,SKU0005,300,73,2026-08-29
S020,SKU0006,299,3,2026-08-29
S020,SKU0007,353,4,2026-08-29
S020,SKU0008,57,6,2026-08-29
S020,SKU0009,272,76,2026-08-29
S020,SKU0010,283,43,2026-08-29
S020,SKU0011,245,29,2026-08-29
S020,SKU0012,295,2,2026-08-29
S020,SKU0013,272,29,2026-08-29
S020,SKU0014,426,87,2026-08-29
S020,SKU0015,362,43,2026-08-29
S020,SKU0016,83,12,2026-08-29
S020,SKU0017,360,10,2026-08-29
S020,SKU0018,276,76,2026-08-29
S020,SKU0019,209,84,2026-08-29
S020,SKU0020,267,37,2026-08-29
S020,SKU0021,463,36,2026-08-29
S020,SKU0022,87,83,2026-08-29
S020,SKU0023,150,49,2026-08-29
S020,SKU0024,141,94,2026-08-29
S020,SKU0025,480,65,2026-08-29
S020,SKU0026,397,66,2026-08-29
S020,SKU0027,152,79,2026-08-29
S020,SKU0028,384,85,2026-08-29
S020,SKU0029,314,92,2026-08-29
S020,SKU0030,234,74,2026-08-29
S020,SKU0031,189,56,2026-08-29
S020,SKU0032,87,71,2026-08-29
S020,SKU0033,466,47,2026-08-29
S020,SKU0034,421,99,2026-08-29
S020,SKU0035,455,62,2026-08-29
S020,SKU0036,168,81,2026-08-29
S020,SKU0037,363,73,2026-08-29
S020,SKU0038,178,96,2026-08-29
S020,SKU0039,266,16,2026-08-29
S020,SKU0040,484,66,2026-08-29
S020,SKU0041,379,14,2026-08-29
S020,SKU0042,431,75,2026-08-29
S020,SKU0043,26,22,2026-08-29
S020,SKU0044,73,9,2026-08-29
S020,SKU0045,225,95,2026-08-29
S020,SKU0046,298,59,2026-08-29
S020,SKU0047,374,68,2026-08-29
S020,SKU0048,311,84,2026-08-29
S020,SKU0049,459,84,2026-08-29
S020,SKU0050,433,80,2026-08-29
S020,SKU0051,429,9,2026-08-29
S020,SKU0052,419,17,2026-08-29
S020,SKU0053,153,67,2026-08-29
S020,SKU0054,276,24,2026-08-29
S020,SKU0055,327,77,2026-08-29
S020,SKU0056,464,57,2026-08-29
S020,SKU0057,460,10,2026-08-29
S020,SKU0058,236,1,2026-08-29
S020,SKU0059,474,42,2026-08-29
S020,SKU0060,384,74,2026-08-29
S020,SKU0061,270,38,2026-08-29
S020,SKU0062,468,33,2026-08-29
S020,SKU0063,473,42,2026-08-29
S020,SKU0064,415,12,2026-08-29
S020,SKU0065,404,34,2026-08-29
S020,SKU0066,406,26,2026-08-29
S020,SKU0067,217,63,2026-08-29
S020,SKU0068,389,20,2026-08-29
S020,SKU0069,267,50,2026-08-29
S020,SKU0070,267,13,2026-08-29
S020,SKU0071,42,23,2026-08-29
S020,SKU0072,371,27,2026-08-29
S020,SKU0073,326,3,2026-08-29
S020,SKU0074,107,67,2026-08-29
S020,SKU0075,257,43,2026-08-29
S020,SKU0076,385,55,2026-08-29
S020,SKU0077,434,68,2026-08-29
S020,SKU0078,58,99,2026-08-29
S020,SKU0079,41,73,2026-08-29
S020,SKU0080,125,78,2026-08-29
S020,SKU0081,251,68,2026-08-29
S020,SKU0082,40,35,2026-08-29
S020,SKU0083,483,43,2026-08-29
S020,SKU0084,295,1,2026-08-29
S020,SKU0085,454,2,2026-08-29
S020,SKU0086,377,79,2026-08-29
S020,SKU0087,336,92,2026-08-29
S020,SKU0088,293,80,2026-08-29
S020,SKU0089,433,21,2026-08-29
S020,SKU0090,426,13,2026-08-29
S020,SKU0091,227,59,2026-08-29
S020,SKU0092,295,6,2026-08-29
S020,SKU0093,189,40,2026-08-29
S020,SKU0094,75,71,2026-08-29
S020,SKU0095,441,54,2026-08-29
S020,SKU0096,473,54,2026-08-29
S020,SKU0097,299,26,2026-08-29
S020,SKU0098,113,47,2026-08-29
S020,SKU0099,45,80,2026-08-29
S020,SKU0100,424,84,2026-08-29
S020,SKU0101,160,95,2026-08-29
S020,SKU0102,258,68,2026-08-29
S020,SKU0103,384,2,2026-08-29
S020,SKU0104,386,92,2026-08-29
S020,SKU0105,237,95,2026-08-29
S020,SKU0106,6,98,2026-08-29
S020,SKU0107,428,85,2026-08-29
S020,SKU0108,163,24,2026-08-29
S020,SKU0109,64,86,2026-08-29
S020,SKU0110,202,2,2026-08-29
S020,SKU0111,382,95,2026-08-29
S020,SKU0112,62,15,2026-08-29
S020,SKU0113,294,30,2026-08-29
S020,SKU0114,403,74,2026-08-29
S020,SKU0115,40,1,2026-08-29
S020,SKU0116,127,68,2026-08-29
S020,SKU0117,64,73,2026-08-29
S020,SKU0118,242,39,2026-08-29
S020,SKU0119,68,82,2026-08-29
S020,SKU0120,443,40,2026-08-29
S020,SKU0121,178,15,2026-08-29
S020,SKU0122,124,92,2026-08-29
S020,SKU0123,218,5,2026-08-29
S020,SKU0124,293,7,2026-08-29
S020,SKU0125,353,67,2026-08-29
S020,SKU0126,167,68,2026-08-29
S020,SKU0127,408,12,2026-08-29
S020,SKU0128,438,64,2026-08-29
S020,SKU0129,367,15,2026-08-29
S020,SKU0130,21,36,2026-08-29
S020,SKU0131,167,7,2026-08-29
S020,SKU0132,450,17,2026-08-29
S020,SKU0133,153,27,2026-08-29
S020,SKU0134,365,59,2026-08-29
S020,SKU0135,105,51,2026-08-29
S020,SKU0136,35,43,2026-08-29
S020,SKU0137,477,89,2026-08-29
S020,SKU0138,407,100,2026-08-29
S020,SKU0139,271,63,2026-08-29
S020,SKU0140,105,48,2026-08-29
S020,SKU0141,387,51,2026-08-29
S020,SKU0142,71,56,2026-08-29
S020,SKU0143,40,27,2026-08-29
S020,SKU0144,353,44,2026-08-29
S020,SKU0145,260,92,2026-08-29
S020,SKU0146,306,51,2026-08-29
S020,SKU0147,290,31,2026-08-29
S020,SKU0148,107,45,2026-08-29
S020,SKU0149,123,79,2026-08-29
S020,SKU0150,30,90,2026-08-29
S020,SKU0151,3,80,2026-08-29
S020,SKU0152,170,69,2026-08-29
S020,SKU0153,164,96,2026-08-29
S020,SKU0154,430,55,2026-08-29
S020,SKU0155,46,46,2026-08-29
S020,SKU0156,324,37,2026-08-29
S020,SKU0157,230,85,2026-08-29
S020,SKU0158,126,11,2026-08-29
S020,SKU0159,333,42,2026-08-29
S020,SKU0160,440,49,2026-08-29
S020,SKU0161,420,48,2026-08-29
S020,SKU0162,122,74,2026-08-29
S020,SKU0163,249,72,2026-08-29
S020,SKU0164,95,45,2026-08-29
S020,SKU0165,177,14,2026-08-29
S020,SKU0166,51,48,2026-08-29
S020,SKU0167,148,31,2026-08-29
S020,SKU0168,201,86,2026-08-29
S020,SKU0169,314,5,2026-08-29
S020,SKU0170,337,17,2026-08-29
S020,SKU0171,429,65,2026-08-29
S020,SKU0172,466,30,2026-08-29
S020,SKU0173,241,62,2026-08-29
S020,SKU0174,93,58,2026-08-29
S020,SKU0175,14,20,2026-08-29
S020,SKU0176,278,76,2026-08-29
S020,SKU0177,215,98,2026-08-29
S020,SKU0178,332,48,2026-08-29
S020,SKU0179,209,0,2026-08-29
S020,SKU0180,175,31,2026-08-29
S020,SKU0181,151,22,2026-08-29
S020,SKU0182,266,10,2026-08-29
S020,SKU0183,193,32,2026-08-29
S020,SKU0184,131,8,2026-08-29
S020,SKU0185,418,90,2026-08-29
S020,SKU0186,349,52,2026-08-29
S020,SKU0187,39,4,2026-08-29
S020,SKU0188,457,13,2026-08-29
S020,SKU0189,319,89,2026-08-29
S020,SKU0190,236,41,2026-08-29
S020,SKU0191,324,26,2026-08-29
S020,SKU0192,171,68,2026-08-29
S020,SKU0193,446,81,2026-08-29
S020,SKU0194,470,38,2026-08-29
S020,SKU0195,209,33,2026-08-29
S020,SKU0196,21,47,2026-08-29
S020,SKU0197,493,15,2026-08-29
S020,SKU0198,19,24,2026-08-29
S020,SKU0199,342,71,2026-08-29
S020,SKU0200,279,0,2026-08-29
